# Blender 4.4.1
# www.blender.org
mtllib sgs_02.mtl
o sgs_ship
v -0.234506 -0.965852 -1.532535
v -0.240368 -0.963090 -1.531627
v 0.232095 -0.968705 -1.533472
v 0.237994 -0.966015 -1.532588
v 0.392866 -0.554895 -1.397470
v 0.398344 -0.557903 -1.398459
v -0.395174 -0.553051 -1.396864
v -0.389656 -0.550110 -1.395898
v 0.472793 -0.678902 -1.438226
v 0.472371 -0.684600 -1.440099
v -0.471256 -0.673129 -1.436329
v -0.470912 -0.678831 -1.438203
v -0.212403 -1.414444 -0.024867
v -0.218265 -1.411682 -0.023959
v -0.220315 -1.415957 -0.021533
v -0.213793 -1.419030 -0.022543
v -0.233023 -1.447590 -0.058547
v -0.239224 -1.444669 -0.057587
v -0.240368 -1.445325 -0.064344
v -0.234506 -1.448086 -0.065252
v 0.216467 -1.414340 -0.024833
v 0.210568 -1.417030 -0.025717
v 0.211911 -1.421633 -0.023398
v 0.218474 -1.418640 -0.022414
v 0.232095 -1.450940 -0.066189
v 0.237994 -1.448250 -0.065305
v 0.236886 -1.447580 -0.058544
v 0.230646 -1.450426 -0.059479
v -0.393871 -1.039911 0.075440
v -0.387923 -1.036741 0.076482
v -0.389656 -1.032345 0.071385
v -0.395174 -1.035285 0.070419
v -0.369999 -1.086615 0.082876
v -0.364481 -1.083675 0.083843
v -0.365982 -1.081344 0.088441
v -0.372332 -1.084728 0.087329
v 0.367116 -1.088149 0.082373
v 0.372593 -1.091157 0.081384
v 0.374967 -1.089298 0.085827
v 0.368663 -1.085836 0.086964
v 0.391100 -1.041505 0.074916
v 0.397005 -1.044747 0.073850
v 0.398344 -1.040138 0.068824
v 0.392866 -1.037130 0.069813
v -0.416858 -1.166818 0.056517
v -0.417203 -1.161116 0.058391
v -0.421208 -1.161867 0.061976
v -0.420791 -1.168773 0.059707
v -0.467555 -1.163139 0.034940
v -0.467937 -1.156807 0.037021
v -0.471256 -1.155364 0.030954
v -0.470912 -1.161066 0.029080
v 0.418784 -1.166228 0.056711
v 0.418362 -1.171926 0.054839
v 0.422283 -1.173928 0.058012
v 0.422793 -1.167029 0.060280
v 0.469481 -1.162539 0.035137
v 0.469012 -1.168867 0.033058
v 0.472371 -1.166834 0.027184
v 0.472793 -1.161137 0.029057
v 0.219710 -1.435872 -0.030787
v 0.225950 -1.433027 -0.029852
v 0.223082 -1.427760 -0.025411
v 0.216518 -1.430752 -0.026395
v -0.227996 -1.430251 -0.028940
v -0.221795 -1.433172 -0.029900
v -0.218523 -1.428092 -0.025521
v -0.225045 -1.425019 -0.024511
v -0.432359 -1.169403 0.059499
v -0.432776 -1.162498 0.061769
v -0.440478 -1.162402 0.059091
v -0.440095 -1.168734 0.057010
v -0.375134 -1.065490 0.090942
v -0.381082 -1.068660 0.089900
v -0.377719 -1.075604 0.090327
v -0.371370 -1.072220 0.091439
v 0.374175 -1.076779 0.089941
v 0.380478 -1.080241 0.088803
v 0.383923 -1.073338 0.088363
v 0.378018 -1.070095 0.089428
v 0.434352 -1.167801 0.060026
v 0.433842 -1.174700 0.057758
v 0.441575 -1.174126 0.055238
v 0.442044 -1.167798 0.057317
v 0.216467 -1.253912 -0.512965
v 0.210568 -1.256602 -0.513849
v -0.212403 -1.254015 -0.512999
v -0.218265 -1.251253 -0.512092
v -0.416858 -1.006390 -0.431615
v -0.417203 -1.000687 -0.429741
v -0.369999 -0.926187 -0.405256
v -0.364481 -0.923246 -0.404289
v 0.367116 -0.927720 -0.405760
v 0.372593 -0.930728 -0.406748
v 0.418784 -1.005800 -0.431421
v 0.418362 -1.011497 -0.433294
v 0.212456 -1.253239 -0.512461
v 0.210568 -1.257822 -0.510135
v 0.216467 -1.255132 -0.509251
v -0.214244 -1.250630 -0.511603
v -0.218265 -1.252474 -0.508377
v -0.212403 -1.255236 -0.509285
v -0.414679 -1.003494 -0.430380
v -0.417203 -1.001908 -0.426027
v -0.416858 -1.007610 -0.427901
v -0.366072 -0.926779 -0.405167
v -0.364481 -0.924467 -0.400575
v -0.369999 -0.927408 -0.401542
v 0.368659 -0.931272 -0.406643
v 0.372593 -0.931949 -0.403034
v 0.367116 -0.928941 -0.402045
v 0.416223 -1.008576 -0.432050
v 0.418362 -1.012718 -0.429579
v 0.418784 -1.007020 -0.427707
v 0.099320 -1.075098 0.090493
v 0.091966 -1.075053 0.090508
v 0.097896 -1.084181 0.087508
v 0.090542 -1.084136 0.087523
v -0.236347 -0.961246 -1.534853
v -0.391247 -0.552422 -1.400490
v 0.470233 -0.680457 -1.442569
v -0.468733 -0.674715 -1.440682
v 0.233983 -0.964122 -1.535798
v 0.394410 -0.557227 -1.402069
v -1.056138 -0.739705 0.350338
v -1.058338 -0.735310 0.351357
v -0.774177 -0.955925 0.306885
v -0.769270 -0.956979 0.306809
v -0.472740 -0.774940 0.363980
v -0.470895 -0.779310 0.362953
v -0.950408 -0.411601 0.436850
v -0.945608 -0.412326 0.436853
v -0.485274 -0.888056 0.335076
v -0.488336 -0.891371 0.334125
v -1.055751 -0.450591 0.422992
v -1.058350 -0.454262 0.421969
v -1.066939 -1.017513 1.524740
v -1.069139 -1.013118 1.525760
v -1.072034 -1.014789 1.528110
v -1.069586 -1.019679 1.526976
v -1.098494 -1.028571 1.503611
v -1.100821 -1.023921 1.504689
v -1.102617 -1.023834 1.499723
v -1.100417 -1.028229 1.498703
v -0.806436 -1.214569 1.485275
v -0.811343 -1.213514 1.485351
v -0.812339 -1.216947 1.487332
v -0.806879 -1.218120 1.487248
v -0.818455 -1.244448 1.455251
v -0.813548 -1.245503 1.455175
v -0.813114 -1.244546 1.460351
v -0.818305 -1.243431 1.460431
v -0.995396 -0.703538 1.589249
v -0.990222 -0.704319 1.589252
v -0.989887 -0.700849 1.585218
v -0.994686 -0.700124 1.585215
v -1.001192 -0.743158 1.596207
v -0.996393 -0.743883 1.596209
v -0.995701 -0.741737 1.599657
v -1.001224 -0.740903 1.599653
v -0.554298 -1.082898 1.528079
v -0.552453 -1.087268 1.527052
v -0.549641 -1.087195 1.530061
v -0.551764 -1.082165 1.531243
v -0.519469 -1.065312 1.516706
v -0.517480 -1.070023 1.515599
v -0.515174 -1.067833 1.511319
v -0.517019 -1.063463 1.512346
v -1.069150 -0.771019 1.586586
v -1.066550 -0.767349 1.587609
v -1.068897 -0.765951 1.590751
v -1.072045 -0.770396 1.589513
v -1.100833 -0.745571 1.574623
v -1.097947 -0.741495 1.575758
v -1.100029 -0.739115 1.571357
v -1.102629 -0.742785 1.570335
v -0.561374 -1.154738 1.509757
v -0.564437 -1.158054 1.508806
v -0.562586 -1.161069 1.511001
v -0.558878 -1.157054 1.512153
v -0.531478 -1.175887 1.488461
v -0.534878 -1.179569 1.487405
v -0.532615 -1.179895 1.482491
v -0.529553 -1.176579 1.483442
v -0.814938 -1.229315 1.482087
v -0.809747 -1.230431 1.482007
v -0.808572 -1.225854 1.485239
v -0.814033 -1.224681 1.485323
v -1.084060 -1.020077 1.524280
v -1.081733 -1.024726 1.523202
v -1.076922 -1.023087 1.525837
v -1.079370 -1.018196 1.526971
v -1.079381 -0.765467 1.590468
v -1.076233 -0.761022 1.591706
v -1.081185 -0.757437 1.590379
v -1.084071 -0.761513 1.589243
v -0.993773 -0.727780 1.601200
v -0.998946 -0.726998 1.601197
v -1.000002 -0.732807 1.601735
v -0.994480 -0.733641 1.601738
v -0.543957 -1.079120 1.532309
v -0.541833 -1.084149 1.531127
v -0.536664 -1.081495 1.529956
v -0.538652 -1.076784 1.531063
v -0.552239 -1.162843 1.510954
v -0.555947 -1.166857 1.509803
v -0.551289 -1.170072 1.507137
v -0.547889 -1.166390 1.508193
v -0.791705 -1.118584 1.103240
v -0.796613 -1.117529 1.103315
v -1.052209 -0.921528 1.142705
v -1.054408 -0.917132 1.143724
v -1.054419 -0.675034 1.204551
v -1.051820 -0.671364 1.205573
v -0.986461 -0.647173 1.214171
v -0.981662 -0.647897 1.214174
v -0.539568 -0.986913 1.146044
v -0.537723 -0.991283 1.145017
v -0.546644 -1.058753 1.127721
v -0.549706 -1.062068 1.126770
v -0.793776 -1.116324 1.103941
v -0.796725 -1.118259 1.106223
v -0.791817 -1.119314 1.106147
v -1.051625 -0.918595 1.143678
v -1.054521 -0.917863 1.146631
v -1.052321 -0.922258 1.145612
v -1.051636 -0.674251 1.205068
v -1.051932 -0.672094 1.208480
v -1.054531 -0.675765 1.207457
v -0.984334 -0.649341 1.213922
v -0.981774 -0.648628 1.217081
v -0.986574 -0.647903 1.217078
v -0.540346 -0.989809 1.145499
v -0.537835 -0.992014 1.147924
v -0.539680 -0.987643 1.148951
v -0.549532 -1.059284 1.127690
v -0.549818 -1.062799 1.129677
v -0.546756 -1.059483 1.130628
v -1.055443 -0.736042 0.348403
v -0.948168 -0.413039 0.433693
v -0.488050 -0.887857 0.332138
v -1.055455 -0.452748 0.419580
v -0.771228 -0.953989 0.304604
v -0.473406 -0.777105 0.360529
v -2.050624 0.118830 -2.316297
v -2.047064 0.125855 -2.314916
v -2.065573 -0.450181 -2.350362
v -2.062389 -0.457498 -2.349840
v -1.557568 -0.664959 -2.217101
v -1.561424 -0.671504 -2.218540
v -1.536001 0.296175 -2.160608
v -1.532498 0.289312 -2.159971
v -1.712938 -0.756853 -2.266114
v -1.719976 -0.756081 -2.268076
v -1.682692 0.394397 -2.197192
v -1.689755 0.394234 -2.199210
v -2.920106 0.160480 0.336209
v -2.913738 0.173048 0.338679
v -2.922769 0.177374 0.344621
v -2.929855 0.163390 0.341872
v -2.994586 0.211076 0.268409
v -2.987849 0.224371 0.271022
v -2.989831 0.227760 0.256494
v -2.996200 0.215193 0.254023
v -2.938653 -0.775318 0.281903
v -2.944348 -0.762229 0.280969
v -2.954253 -0.765279 0.286275
v -2.947917 -0.779842 0.287315
v -3.022942 -0.802696 0.193085
v -3.017248 -0.815784 0.194020
v -3.015136 -0.814260 0.208842
v -3.021159 -0.800414 0.207854
v -2.085318 0.529130 0.543736
v -2.078563 0.515896 0.544964
v -2.069340 0.520163 0.533670
v -2.075606 0.532440 0.532530
v -2.187698 0.477885 0.561190
v -2.181432 0.465608 0.562329
v -2.175866 0.468202 0.572333
v -2.183078 0.482330 0.571021
v -2.223361 -1.130366 0.466783
v -2.230257 -1.142075 0.464208
v -2.225907 -1.147896 0.473424
v -2.217971 -1.134422 0.476388
v -2.123210 -1.183538 0.443224
v -2.130645 -1.196160 0.440448
v -2.121084 -1.198614 0.428897
v -2.114187 -1.186905 0.431473
v -2.363141 0.586607 0.516977
v -2.350507 0.586898 0.520587
v -2.351654 0.595205 0.528980
v -2.366954 0.594853 0.524609
v -2.354806 0.699856 0.476019
v -2.340775 0.700180 0.480027
v -2.338017 0.708146 0.467087
v -2.350652 0.707855 0.463477
v -2.398419 -1.236801 0.411407
v -2.411010 -1.235421 0.407898
v -2.415272 -1.244307 0.414504
v -2.400025 -1.245978 0.418753
v -2.394500 -1.344792 0.357601
v -2.408483 -1.343259 0.353703
v -2.404714 -1.349912 0.340285
v -2.392123 -1.351292 0.343795
v -2.986347 -0.780798 0.270475
v -2.980323 -0.794644 0.271463
v -2.968300 -0.789159 0.281028
v -2.974636 -0.774595 0.279989
v -2.954306 0.195635 0.330748
v -2.961043 0.182340 0.328135
v -2.949703 0.174443 0.336805
v -2.942617 0.188427 0.339553
v -2.367843 0.620146 0.525681
v -2.352543 0.620499 0.530052
v -2.352233 0.637643 0.525181
v -2.366264 0.637320 0.521172
v -2.140620 0.487239 0.577499
v -2.147375 0.500475 0.576271
v -2.162650 0.493350 0.577410
v -2.155439 0.479222 0.578721
v -2.198168 -1.147179 0.481353
v -2.206104 -1.160653 0.478390
v -2.191220 -1.168380 0.476361
v -2.183784 -1.155758 0.479138
v -2.402240 -1.271137 0.416805
v -2.417487 -1.269466 0.412555
v -2.416795 -1.286039 0.406026
v -2.402812 -1.287572 0.409924
v -2.787532 -0.747485 -0.249326
v -2.793227 -0.734396 -0.250260
v -2.768986 0.188313 -0.195020
v -2.762617 0.200881 -0.192550
v -2.212021 0.614440 -0.014252
v -2.199386 0.614731 -0.010642
v -2.036577 0.505718 0.029961
v -2.030310 0.493441 0.031100
v -2.072240 -1.102533 -0.064446
v -2.079136 -1.114242 -0.067021
v -2.247298 -1.208968 -0.119822
v -2.259889 -1.207588 -0.123331
v -2.785842 -0.738822 -0.247778
v -2.795563 -0.734826 -0.242050
v -2.789868 -0.747915 -0.241116
v -2.761387 0.192020 -0.192052
v -2.764953 0.200451 -0.184340
v -2.771321 0.187883 -0.186810
v -2.205683 0.609415 -0.012099
v -2.201721 0.614301 -0.002432
v -2.214356 0.614010 -0.006041
v -2.038034 0.497160 0.029711
v -2.032646 0.493011 0.039311
v -2.038913 0.505287 0.038172
v -2.080143 -1.105651 -0.066244
v -2.081472 -1.114672 -0.058811
v -2.074575 -1.102964 -0.056235
v -2.253304 -1.203194 -0.120615
v -2.262224 -1.208018 -0.115121
v -2.249634 -1.209399 -0.111611
v -2.045071 0.121143 -2.319227
v -1.535510 0.291632 -2.165338
v -1.714989 -0.753384 -2.271147
v -1.684907 0.391665 -2.202596
v -2.060139 -0.452415 -2.353564
v -1.560681 -0.666461 -2.222696
v 1.414303 0.213818 -0.070987
v 1.411458 0.219705 -0.070747
v 1.413169 -0.252792 -0.071504
v 1.410295 -0.258666 -0.071277
v 0.977626 -0.409737 -0.036111
v 0.980733 -0.415242 -0.036373
v 0.982661 0.378289 -0.035494
v 0.979528 0.372799 -0.035245
v 1.107013 -0.490805 -0.046792
v 1.112994 -0.490436 -0.047280
v 1.109306 0.453261 -0.045747
v 1.115286 0.452863 -0.046236
v 1.497771 0.190061 1.499762
v 1.494925 0.195948 1.500002
v 1.498533 0.197964 1.503362
v 1.501699 0.191414 1.503095
v 1.538054 0.210340 1.474776
v 1.535044 0.216568 1.475030
v 1.537271 0.217696 1.468615
v 1.540117 0.211808 1.468374
v 1.493869 -0.238792 1.499521
v 1.496743 -0.232918 1.499294
v 1.500664 -0.234297 1.502624
v 1.497466 -0.240833 1.502876
v 1.538983 -0.254801 1.467858
v 1.536109 -0.260675 1.468085
v 1.533887 -0.259551 1.474504
v 1.536927 -0.253337 1.474263
v 1.111787 0.374944 1.509830
v 1.108409 0.369026 1.510099
v 1.105341 0.370790 1.504117
v 1.108475 0.376280 1.503868
v 1.155245 0.350676 1.527966
v 1.152112 0.345186 1.528215
v 1.148784 0.346714 1.532141
v 1.152390 0.353032 1.531855
v 1.150334 -0.386424 1.527406
v 1.153441 -0.391929 1.527144
v 1.150574 -0.394279 1.531028
v 1.146999 -0.387944 1.531328
v 1.106516 -0.410011 1.509237
v 1.109865 -0.415945 1.508955
v 1.106547 -0.417251 1.502989
v 1.103440 -0.411747 1.503251
v 1.239799 0.396793 1.521116
v 1.233820 0.397191 1.521605
v 1.233748 0.401194 1.525268
v 1.240989 0.400713 1.524676
v 1.241716 0.447487 1.499306
v 1.235076 0.447929 1.499849
v 1.235120 0.451251 1.493615
v 1.241099 0.450854 1.493125
v 1.231789 -0.438810 1.520680
v 1.237770 -0.438441 1.520191
v 1.238940 -0.442375 1.523743
v 1.231697 -0.442822 1.524334
v 1.232798 -0.489505 1.498811
v 1.239440 -0.489096 1.498269
v 1.238807 -0.492445 1.492082
v 1.232826 -0.492815 1.492570
v 1.516166 -0.242231 1.498764
v 1.513126 -0.248445 1.499004
v 1.506992 -0.245524 1.502092
v 1.510190 -0.238988 1.501839
v 1.514229 0.205509 1.499506
v 1.517239 0.199281 1.499252
v 1.511247 0.196060 1.502320
v 1.508081 0.202611 1.502588
v 1.241753 0.412276 1.524629
v 1.234512 0.412756 1.525221
v 1.235113 0.420454 1.522599
v 1.241752 0.420013 1.522056
v 1.132865 0.356007 1.530872
v 1.136244 0.361926 1.530604
v 1.142866 0.358504 1.532640
v 1.139260 0.352186 1.532927
v 1.137448 -0.393372 1.532102
v 1.141024 -0.399706 1.531801
v 1.134385 -0.403092 1.529757
v 1.131035 -0.397158 1.530039
v 1.232405 -0.454387 1.524261
v 1.239648 -0.453940 1.523670
v 1.239610 -0.461672 1.521080
v 1.232968 -0.462082 1.521623
v 1.452013 -0.238123 0.987409
v 1.454887 -0.232249 0.987182
v 1.455915 0.190729 0.987650
v 1.453070 0.196617 0.987891
v 1.197944 0.397462 1.009005
v 1.191965 0.397859 1.009494
v 1.113390 0.351344 1.015855
v 1.110256 0.345854 1.016104
v 1.108478 -0.385755 1.015294
v 1.111586 -0.391260 1.015033
v 1.189933 -0.438142 1.008568
v 1.195915 -0.437773 1.008080
v 1.451277 -0.234105 0.987745
v 1.455206 -0.232254 0.991079
v 1.452332 -0.238128 0.991306
v 1.452314 0.192602 0.988217
v 1.453388 0.196612 0.991787
v 1.456234 0.190724 0.991547
v 1.194821 0.395310 1.009527
v 1.192283 0.397854 1.013390
v 1.198262 0.397457 1.012901
v 1.113910 0.347412 1.016078
v 1.110574 0.345849 1.020000
v 1.113708 0.351339 1.019752
v 1.112125 -0.387331 1.015264
v 1.111904 -0.391265 1.018930
v 1.108797 -0.385760 1.019191
v 1.192802 -0.435607 1.008607
v 1.196233 -0.437778 1.011977
v 1.190252 -0.438147 1.012465
v 1.410383 0.215695 -0.074317
v 0.982863 0.374362 -0.039168
v 1.109563 -0.488265 -0.050650
v 1.111844 0.450717 -0.049610
v 1.409240 -0.254643 -0.074838
v 0.980954 -0.411308 -0.040038
v -1.413107 0.213818 -0.070987
v -1.410261 0.219705 -0.070747
v -1.411973 -0.252792 -0.071504
v -1.409099 -0.258666 -0.071277
v -0.976430 -0.409737 -0.036111
v -0.979537 -0.415242 -0.036372
v -0.981465 0.378289 -0.035494
v -0.978331 0.372799 -0.035245
v -1.105816 -0.490805 -0.046792
v -1.111797 -0.490436 -0.047280
v -1.108110 0.453260 -0.045747
v -1.114089 0.452863 -0.046236
v -1.496574 0.190061 1.499762
v -1.493729 0.195948 1.500002
v -1.497336 0.197964 1.503362
v -1.500502 0.191414 1.503095
v -1.536857 0.210340 1.474776
v -1.533848 0.216568 1.475030
v -1.536075 0.217696 1.468615
v -1.538920 0.211808 1.468374
v -1.492673 -0.238792 1.499521
v -1.495547 -0.232918 1.499294
v -1.499468 -0.234297 1.502624
v -1.496270 -0.240833 1.502876
v -1.537787 -0.254801 1.467858
v -1.534913 -0.260675 1.468085
v -1.532691 -0.259550 1.474504
v -1.535731 -0.253337 1.474263
v -1.110591 0.374944 1.509830
v -1.107212 0.369025 1.510099
v -1.104145 0.370790 1.504117
v -1.107279 0.376280 1.503868
v -1.154049 0.350676 1.527966
v -1.150915 0.345186 1.528215
v -1.147587 0.346714 1.532141
v -1.151194 0.353032 1.531855
v -1.149137 -0.386424 1.527406
v -1.152245 -0.391928 1.527144
v -1.149378 -0.394279 1.531028
v -1.145802 -0.387944 1.531329
v -1.105319 -0.410011 1.509237
v -1.108669 -0.415945 1.508955
v -1.105351 -0.417251 1.502990
v -1.102244 -0.411746 1.503251
v -1.238603 0.396793 1.521116
v -1.232624 0.397191 1.521605
v -1.232552 0.401194 1.525269
v -1.239792 0.400713 1.524676
v -1.240519 0.447487 1.499306
v -1.233879 0.447928 1.499849
v -1.233924 0.451251 1.493615
v -1.239903 0.450854 1.493126
v -1.230592 -0.438810 1.520680
v -1.236573 -0.438441 1.520191
v -1.237744 -0.442374 1.523743
v -1.230501 -0.442822 1.524334
v -1.231601 -0.489505 1.498811
v -1.238243 -0.489096 1.498269
v -1.237611 -0.492445 1.492082
v -1.231630 -0.492814 1.492570
v -1.514970 -0.242231 1.498763
v -1.511930 -0.248445 1.499004
v -1.505796 -0.245524 1.502092
v -1.508994 -0.238988 1.501839
v -1.513033 0.205509 1.499506
v -1.516043 0.199281 1.499252
v -1.510051 0.196060 1.502320
v -1.506885 0.202611 1.502588
v -1.240556 0.412276 1.524629
v -1.233316 0.412756 1.525221
v -1.233916 0.420454 1.522599
v -1.240556 0.420013 1.522056
v -1.131669 0.356007 1.530872
v -1.135048 0.361926 1.530604
v -1.141670 0.358504 1.532641
v -1.138063 0.352186 1.532927
v -1.136252 -0.393372 1.532102
v -1.139827 -0.399706 1.531801
v -1.133189 -0.403092 1.529757
v -1.129839 -0.397158 1.530038
v -1.231209 -0.454387 1.524261
v -1.238452 -0.453940 1.523670
v -1.238414 -0.461672 1.521080
v -1.231772 -0.462082 1.521623
v -1.450817 -0.238123 0.987409
v -1.453691 -0.232249 0.987182
v -1.454719 0.190729 0.987650
v -1.451873 0.196617 0.987891
v -1.196748 0.397462 1.009004
v -1.190768 0.397859 1.009494
v -1.112194 0.351344 1.015855
v -1.109060 0.345854 1.016104
v -1.107282 -0.385755 1.015294
v -1.110389 -0.391260 1.015033
v -1.188737 -0.438142 1.008568
v -1.194718 -0.437773 1.008080
v -1.450080 -0.234105 0.987745
v -1.454010 -0.232254 0.991079
v -1.451136 -0.238128 0.991306
v -1.451117 0.192602 0.988217
v -1.452192 0.196612 0.991787
v -1.455037 0.190724 0.991547
v -1.193625 0.395310 1.009527
v -1.191087 0.397854 1.013391
v -1.197066 0.397457 1.012901
v -1.112714 0.347412 1.016078
v -1.109378 0.345849 1.020001
v -1.112512 0.351339 1.019752
v -1.110928 -0.387331 1.015264
v -1.110708 -0.391265 1.018930
v -1.107601 -0.385760 1.019191
v -1.191606 -0.435607 1.008607
v -1.195037 -0.437778 1.011977
v -1.189056 -0.438147 1.012465
v -1.409186 0.215695 -0.074317
v -0.981667 0.374362 -0.039168
v -1.108366 -0.488265 -0.050650
v -1.110648 0.450717 -0.049610
v -1.408044 -0.254643 -0.074838
v -0.979758 -0.411308 -0.040038
v -0.979112 0.718956 0.359806
v -0.981369 0.714492 0.360222
v -0.696971 0.939028 0.370081
v -0.692116 0.940111 0.370756
v -0.403739 0.756179 0.456456
v -0.401833 0.760617 0.455982
v -0.881651 0.386355 0.438508
v -0.876910 0.387103 0.439224
v -0.413780 0.870905 0.433549
v -0.416729 0.874261 0.432402
v -0.984621 0.425645 0.412760
v -0.987107 0.429363 0.411630
v -1.155807 0.917748 1.536996
v -1.158064 0.913283 1.537412
v -1.161279 0.914779 1.539442
v -1.158768 0.919747 1.538980
v -1.184300 0.930029 1.512465
v -1.186687 0.925306 1.512904
v -1.187779 0.925541 1.507742
v -1.185522 0.930006 1.507327
v -0.895193 1.118324 1.546985
v -0.900048 1.117242 1.546311
v -0.901357 1.120529 1.548354
v -0.895955 1.121734 1.549104
v -0.903381 1.150078 1.517602
v -0.898526 1.151160 1.518276
v -0.898797 1.149863 1.523388
v -0.903933 1.148718 1.522675
v -1.089370 0.600538 1.590139
v -1.084258 0.601344 1.590911
v -1.083320 0.598152 1.586744
v -1.088062 0.597405 1.586029
v -1.096636 0.639575 1.598801
v -1.091894 0.640323 1.599516
v -1.091653 0.637956 1.602879
v -1.097110 0.637096 1.602055
v -0.649517 0.985380 1.615627
v -0.647611 0.989818 1.615153
v -0.645240 0.989558 1.618511
v -0.647433 0.984451 1.619056
v -0.613204 0.968769 1.608066
v -0.611149 0.973554 1.607555
v -0.608243 0.971666 1.603503
v -0.610150 0.967228 1.603976
v -1.163007 0.667670 1.581695
v -1.160522 0.663952 1.582826
v -1.163259 0.662336 1.585514
v -1.166269 0.666838 1.584145
v -1.192371 0.642915 1.563818
v -1.189610 0.638787 1.565074
v -1.191032 0.636695 1.560281
v -1.193517 0.640412 1.559150
v -0.655023 1.058245 1.601235
v -0.657972 1.061601 1.600087
v -0.656486 1.064472 1.602710
v -0.652915 1.060408 1.604100
v -0.622779 1.080919 1.585717
v -0.626054 1.084646 1.584443
v -0.623140 1.085311 1.579922
v -0.620191 1.081955 1.581069
v -0.903383 1.133207 1.543619
v -0.898248 1.134352 1.544332
v -0.897465 1.129576 1.547390
v -0.902867 1.128371 1.546640
v -1.172736 0.920249 1.534336
v -1.170349 0.924972 1.533897
v -1.165925 0.923185 1.537060
v -1.168435 0.918217 1.537522
v -1.173596 0.661819 1.583750
v -1.170586 0.657317 1.585119
v -1.175255 0.653803 1.582887
v -1.178015 0.657932 1.581631
v -1.089757 0.623937 1.603759
v -1.094869 0.623131 1.602988
v -1.096072 0.628885 1.603752
v -1.090615 0.629745 1.604575
v -0.639805 0.981381 1.620993
v -0.637611 0.986488 1.620448
v -0.632291 0.983945 1.619833
v -0.634346 0.979160 1.620344
v -0.646257 1.066298 1.604214
v -0.649828 1.070361 1.602825
v -0.644893 1.073771 1.601046
v -0.641618 1.070044 1.602321
v -0.826525 1.048113 1.165231
v -0.831380 1.047030 1.164556
v -1.087139 0.847536 1.155242
v -1.089396 0.843071 1.155657
v -1.094339 0.597458 1.199941
v -1.091854 0.593741 1.201072
v -1.027968 0.569364 1.217046
v -1.023226 0.570112 1.217762
v -0.580849 0.915168 1.233872
v -0.578943 0.919607 1.233399
v -0.586355 0.988033 1.219481
v -0.589304 0.991389 1.218333
v -0.828641 1.045801 1.165488
v -0.831903 1.047565 1.167461
v -0.827048 1.048647 1.168135
v -1.086654 0.844548 1.156092
v -1.089918 0.843606 1.158562
v -1.087662 0.848071 1.158147
v -1.091643 0.596657 1.200787
v -1.092376 0.594275 1.203976
v -1.094862 0.597993 1.202846
v -1.025858 0.571555 1.217236
v -1.023748 0.570646 1.220667
v -1.028490 0.569898 1.219951
v -0.581586 0.918090 1.233416
v -0.579465 0.920141 1.236304
v -0.581371 0.915703 1.236777
v -0.589219 0.988551 1.219084
v -0.589827 0.991923 1.221238
v -0.586878 0.988568 1.222386
v -0.978104 0.715434 0.357752
v -0.879019 0.388012 0.435794
v -0.416122 0.870889 0.430248
v -0.983889 0.428027 0.409571
v -0.693709 0.937265 0.368109
v -0.403954 0.758566 0.453094
v 1.055379 -0.739706 0.350337
v 1.057579 -0.735310 0.351357
v 0.773418 -0.955925 0.306885
v 0.768511 -0.956979 0.306809
v 0.471981 -0.774940 0.363980
v 0.470136 -0.779310 0.362953
v 0.949649 -0.411601 0.436850
v 0.944850 -0.412326 0.436853
v 0.484515 -0.888056 0.335076
v 0.487577 -0.891371 0.334125
v 1.054992 -0.450592 0.422991
v 1.057591 -0.454262 0.421969
v 1.066180 -1.017513 1.524740
v 1.068380 -1.013118 1.525760
v 1.071275 -1.014789 1.528110
v 1.068828 -1.019679 1.526976
v 1.097736 -1.028571 1.503610
v 1.100063 -1.023921 1.504689
v 1.101858 -1.023834 1.499723
v 1.099658 -1.028229 1.498703
v 0.805677 -1.214569 1.485275
v 0.810584 -1.213514 1.485351
v 0.811581 -1.216947 1.487332
v 0.806121 -1.218120 1.487248
v 0.817697 -1.244448 1.455251
v 0.812790 -1.245503 1.455175
v 0.812356 -1.244546 1.460351
v 0.817547 -1.243431 1.460431
v 0.994637 -0.703538 1.589249
v 0.989464 -0.704319 1.589252
v 0.989129 -0.700849 1.585218
v 0.993928 -0.700124 1.585215
v 1.000433 -0.743158 1.596206
v 0.995634 -0.743883 1.596209
v 0.994942 -0.741737 1.599657
v 1.000465 -0.740903 1.599653
v 0.553540 -1.082898 1.528079
v 0.551695 -1.087269 1.527052
v 0.548882 -1.087195 1.530061
v 0.551005 -1.082165 1.531242
v 0.518710 -1.065312 1.516706
v 0.516721 -1.070023 1.515599
v 0.514415 -1.067834 1.511318
v 0.516260 -1.063463 1.512346
v 1.068391 -0.771020 1.586586
v 1.065791 -0.767349 1.587609
v 1.068138 -0.765951 1.590751
v 1.071286 -0.770396 1.589513
v 1.100075 -0.745571 1.574623
v 1.097188 -0.741495 1.575758
v 1.099271 -0.739115 1.571357
v 1.101870 -0.742786 1.570335
v 0.560616 -1.154738 1.509757
v 0.563678 -1.158054 1.508806
v 0.561828 -1.161069 1.511001
v 0.558119 -1.157054 1.512152
v 0.530719 -1.175887 1.488461
v 0.534120 -1.179569 1.487405
v 0.531856 -1.179895 1.482491
v 0.528794 -1.176579 1.483442
v 0.814179 -1.229316 1.482086
v 0.808988 -1.230431 1.482006
v 0.807814 -1.225854 1.485239
v 0.813274 -1.224681 1.485323
v 1.083301 -1.020077 1.524280
v 1.080974 -1.024726 1.523202
v 1.076164 -1.023087 1.525837
v 1.078611 -1.018196 1.526971
v 1.078622 -0.765467 1.590468
v 1.075475 -0.761022 1.591706
v 1.080426 -0.757437 1.590379
v 1.083313 -0.761513 1.589243
v 0.993014 -0.727780 1.601200
v 0.998188 -0.726998 1.601197
v 0.999244 -0.732807 1.601734
v 0.993721 -0.733641 1.601738
v 0.543198 -1.079120 1.532309
v 0.541075 -1.084149 1.531127
v 0.535905 -1.081495 1.529956
v 0.537894 -1.076784 1.531063
v 0.551480 -1.162843 1.510954
v 0.555188 -1.166857 1.509803
v 0.550530 -1.170072 1.507137
v 0.547130 -1.166390 1.508193
v 0.790947 -1.118584 1.103240
v 0.795854 -1.117529 1.103315
v 1.051450 -0.921528 1.142705
v 1.053650 -0.917132 1.143724
v 1.053660 -0.675034 1.204551
v 1.051061 -0.671364 1.205573
v 0.985703 -0.647173 1.214171
v 0.980904 -0.647897 1.214174
v 0.538809 -0.986913 1.146044
v 0.536964 -0.991283 1.145016
v 0.545885 -1.058753 1.127721
v 0.548947 -1.062068 1.126770
v 0.793018 -1.116324 1.103941
v 0.795966 -1.118259 1.106222
v 0.791059 -1.119314 1.106147
v 1.050867 -0.918595 1.143677
v 1.053762 -0.917863 1.146631
v 1.051562 -0.922258 1.145612
v 1.050877 -0.674251 1.205068
v 1.051173 -0.672094 1.208480
v 1.053772 -0.675765 1.207457
v 0.983576 -0.649341 1.213921
v 0.981016 -0.648628 1.217081
v 0.985815 -0.647903 1.217078
v 0.539587 -0.989809 1.145499
v 0.537076 -0.992014 1.147924
v 0.538921 -0.987643 1.148951
v 0.548773 -1.059284 1.127689
v 0.549059 -1.062799 1.129677
v 0.545997 -1.059483 1.130628
v 1.019528 -0.740315 1.599066
v 1.054684 -0.736042 0.348403
v 0.947410 -0.413039 0.433693
v 0.487291 -0.887857 0.332138
v 1.054696 -0.452749 0.419579
v 0.770470 -0.953989 0.304604
v 0.472647 -0.777105 0.360528
v 0.978354 0.718956 0.359806
v 0.980610 0.714491 0.360222
v 0.696212 0.939028 0.370081
v 0.691357 0.940111 0.370755
v 0.402981 0.756179 0.456456
v 0.401074 0.760617 0.455982
v 0.880893 0.386355 0.438508
v 0.876151 0.387103 0.439224
v 0.413022 0.870906 0.433549
v 0.415971 0.874261 0.432401
v 0.983863 0.425646 0.412760
v 0.986348 0.429363 0.411630
v 1.155049 0.917748 1.536996
v 1.157305 0.913283 1.537412
v 1.160521 0.914779 1.539442
v 1.158010 0.919747 1.538980
v 1.183542 0.930029 1.512465
v 1.185929 0.925306 1.512904
v 1.187020 0.925541 1.507742
v 1.184764 0.930006 1.507327
v 0.894435 1.118324 1.546985
v 0.899290 1.117242 1.546311
v 0.900599 1.120529 1.548354
v 0.895196 1.121733 1.549104
v 0.902623 1.150078 1.517602
v 0.897767 1.151160 1.518276
v 0.898038 1.149863 1.523388
v 0.903174 1.148718 1.522675
v 1.088611 0.600538 1.590140
v 1.083499 0.601344 1.590911
v 1.082561 0.598152 1.586744
v 1.087303 0.597405 1.586029
v 1.095877 0.639576 1.598801
v 1.091135 0.640323 1.599516
v 1.090895 0.637956 1.602878
v 1.096352 0.637096 1.602055
v 0.648758 0.985380 1.615627
v 0.646852 0.989818 1.615153
v 0.644481 0.989558 1.618511
v 0.646675 0.984450 1.619056
v 0.612445 0.968769 1.608066
v 0.610390 0.973554 1.607555
v 0.607485 0.971666 1.603503
v 0.609391 0.967228 1.603976
v 1.162249 0.667670 1.581695
v 1.159763 0.663953 1.582826
v 1.162501 0.662336 1.585514
v 1.165511 0.666838 1.584145
v 1.191612 0.642915 1.563818
v 1.188852 0.638787 1.565074
v 1.190273 0.636695 1.560281
v 1.192759 0.640412 1.559150
v 0.654265 1.058245 1.601235
v 0.657213 1.061601 1.600087
v 0.655727 1.064472 1.602710
v 0.652156 1.060408 1.604100
v 0.622021 1.080919 1.585717
v 0.625296 1.084646 1.584443
v 0.622381 1.085311 1.579922
v 0.619432 1.081955 1.581069
v 0.902625 1.133207 1.543619
v 0.897489 1.134352 1.544332
v 0.896707 1.129576 1.547390
v 0.902109 1.128371 1.546640
v 1.171978 0.920249 1.534336
v 1.169591 0.924972 1.533897
v 1.165166 0.923185 1.537060
v 1.167677 0.918217 1.537522
v 1.172837 0.661819 1.583750
v 1.169827 0.657317 1.585119
v 1.174497 0.653804 1.582887
v 1.177257 0.657932 1.581631
v 1.088999 0.623937 1.603759
v 1.094111 0.623131 1.602988
v 1.095314 0.628885 1.603752
v 1.089857 0.629745 1.604575
v 0.639046 0.981381 1.620993
v 0.636852 0.986488 1.620448
v 0.631533 0.983945 1.619833
v 0.633588 0.979160 1.620344
v 0.645498 1.066298 1.604214
v 0.649069 1.070361 1.602825
v 0.644134 1.073771 1.601046
v 0.640860 1.070044 1.602321
v 0.825767 1.048113 1.165230
v 0.830622 1.047030 1.164556
v 1.086381 0.847536 1.155242
v 1.088637 0.843071 1.155657
v 1.093581 0.597458 1.199941
v 1.091095 0.593741 1.201072
v 1.027209 0.569364 1.217046
v 1.022467 0.570112 1.217762
v 0.580090 0.915169 1.233872
v 0.578184 0.919607 1.233399
v 0.585597 0.988033 1.219481
v 0.588545 0.991389 1.218333
v 0.827882 1.045801 1.165488
v 0.831144 1.047564 1.167461
v 0.826289 1.048647 1.168135
v 1.085896 0.844548 1.156092
v 1.089160 0.843606 1.158562
v 1.086903 0.848071 1.158147
v 1.090884 0.596657 1.200786
v 1.091617 0.594275 1.203976
v 1.094103 0.597993 1.202846
v 1.025099 0.571555 1.217236
v 1.022990 0.570646 1.220667
v 1.027731 0.569898 1.219951
v 0.580827 0.918090 1.233416
v 0.578706 0.920141 1.236304
v 0.580613 0.915703 1.236777
v 0.588460 0.988551 1.219084
v 0.589068 0.991923 1.221238
v 0.586119 0.988568 1.222386
v 0.977346 0.715434 0.357752
v 0.878260 0.388012 0.435793
v 0.415363 0.870889 0.430247
v 0.983130 0.428027 0.409571
v 0.692950 0.937265 0.368109
v 0.403195 0.758566 0.453094
v -0.973871 0.370803 -1.868432
v -0.969284 0.380230 -1.868432
v -0.973101 -0.376862 -1.868432
v -0.968493 -0.386280 -1.868432
v -0.273245 -0.629250 -1.868432
v -0.278252 -0.638064 -1.868432
v -0.279563 0.633438 -1.868432
v -0.274537 0.624634 -1.868432
v -0.481438 -0.758877 -1.868432
v -0.491053 -0.758273 -1.868432
v -0.482998 0.753831 -1.868432
v -0.492611 0.753208 -1.868432
v -1.012874 0.466365 1.623006
v -1.006518 0.479424 1.623006
v -1.013886 0.483919 1.631085
v -1.020957 0.469388 1.631086
v -1.106450 0.511436 1.574956
v -1.099728 0.525251 1.574956
v -1.105812 0.527745 1.561163
v -1.112167 0.514685 1.561163
v -1.005524 -0.485550 1.623006
v -1.011906 -0.472504 1.623006
v -1.019983 -0.475544 1.631086
v -1.012882 -0.490060 1.631086
v -1.111100 -0.521029 1.561163
v -1.104717 -0.534075 1.561163
v -1.098638 -0.531569 1.574956
v -1.105389 -0.517768 1.574956
v -0.156618 0.875566 1.574956
v -0.149113 0.862419 1.574956
v -0.143403 0.866309 1.561163
v -0.150365 0.878505 1.561163
v -0.249551 0.821883 1.623006
v -0.242588 0.809687 1.623006
v -0.234512 0.813079 1.631086
v -0.242524 0.827113 1.631086
v -0.240914 -0.814237 1.623006
v -0.247851 -0.826447 1.623006
v -0.240814 -0.831663 1.631086
v -0.232831 -0.817612 1.631086
v -0.147330 -0.866776 1.574956
v -0.154808 -0.879939 1.574956
v -0.148549 -0.882864 1.561163
v -0.141612 -0.870655 1.561163
v -0.437713 0.924492 1.623006
v -0.424395 0.925356 1.623006
v -0.423562 0.934252 1.631085
v -0.439688 0.933206 1.631086
v -0.445749 1.036963 1.574956
v -0.430960 1.037923 1.574956
v -0.432176 1.045282 1.561163
v -0.445493 1.044418 1.561163
v -0.422482 -0.930281 1.623006
v -0.435801 -0.929445 1.623006
v -0.437759 -0.938162 1.631086
v -0.421631 -0.939175 1.631086
v -0.428815 -1.042861 1.574956
v -0.443606 -1.041932 1.574956
v -0.443335 -1.049386 1.561163
v -0.430016 -1.050222 1.561163
v -1.054999 -0.493117 1.625372
v -1.048247 -0.506918 1.625372
v -1.034111 -0.500446 1.631086
v -1.041212 -0.485929 1.631086
v -1.049286 0.500704 1.625372
v -1.056009 0.486889 1.625372
v -1.042208 0.479730 1.631086
v -1.035136 0.494261 1.631086
v -0.441354 0.958872 1.631086
v -0.425227 0.959919 1.631086
v -0.427007 0.977000 1.625372
v -0.441796 0.976041 1.625372
v -0.199499 0.833655 1.625372
v -0.207005 0.846802 1.625372
v -0.221296 0.839231 1.631086
v -0.213284 0.825197 1.631085
v -0.211578 -0.829687 1.631086
v -0.219561 -0.843737 1.631086
v -0.205254 -0.851278 1.625372
v -0.197776 -0.838116 1.625372
v -0.423243 -0.964845 1.631085
v -0.439372 -0.963832 1.631086
v -0.439778 -0.981001 1.625372
v -0.424988 -0.981930 1.625372
v -1.005524 -0.485550 0.482505
v -1.011906 -0.472504 0.482505
v -1.012874 0.466365 0.482505
v -1.006519 0.479424 0.482505
v -0.437713 0.924492 0.482505
v -0.424395 0.925356 0.482505
v -0.249550 0.821882 0.482505
v -0.242588 0.809687 0.482505
v -0.240914 -0.814237 0.482505
v -0.247851 -0.826447 0.482505
v -0.422482 -0.930281 0.482505
v -0.435801 -0.929445 0.482505
v -1.003821 -0.476633 0.483103
v -1.011906 -0.472504 0.491183
v -1.005524 -0.485550 0.491183
v -1.004798 0.470511 0.483103
v -1.006518 0.479424 0.491183
v -1.012874 0.466365 0.491183
v -0.430715 0.919707 0.483103
v -0.424395 0.925356 0.491183
v -0.437713 0.924492 0.491183
v -0.250672 0.813157 0.483103
v -0.242588 0.809687 0.491183
v -0.249550 0.821882 0.491183
v -0.248991 -0.817724 0.483103
v -0.247851 -0.826447 0.491183
v -0.240914 -0.814237 0.491183
v -0.428814 -0.924645 0.483103
v -0.435801 -0.929445 0.491183
v -0.422482 -0.930281 0.491183
v -0.968042 0.373796 -1.874265
v -0.280373 0.627139 -1.874265
v -0.486009 -0.754809 -1.874265
v -0.487560 0.749753 -1.874264
v -0.967265 -0.379842 -1.874265
v -0.279075 -0.631767 -1.874265
v 2.049867 0.118830 -2.316297
v 2.046307 0.125855 -2.314916
v 2.064816 -0.450181 -2.350362
v 2.061633 -0.457498 -2.349840
v 1.556811 -0.664959 -2.217101
v 1.560667 -0.671504 -2.218540
v 1.535244 0.296175 -2.160608
v 1.531741 0.289312 -2.159971
v 1.712181 -0.756853 -2.266114
v 1.719219 -0.756081 -2.268076
v 1.681935 0.394397 -2.197192
v 1.688999 0.394234 -2.199210
v 2.919350 0.160480 0.336209
v 2.912982 0.173048 0.338679
v 2.922013 0.177374 0.344620
v 2.929099 0.163390 0.341872
v 2.993829 0.211076 0.268409
v 2.987092 0.224371 0.271022
v 2.989075 0.227760 0.256493
v 2.995444 0.215192 0.254023
v 2.937896 -0.775318 0.281903
v 2.943591 -0.762229 0.280969
v 2.953496 -0.765279 0.286275
v 2.947160 -0.779843 0.287315
v 3.022185 -0.802696 0.193085
v 3.016490 -0.815785 0.194019
v 3.014378 -0.814260 0.208842
v 3.020403 -0.800414 0.207854
v 2.084562 0.529130 0.543736
v 2.077806 0.515896 0.544964
v 2.068583 0.520163 0.533670
v 2.074849 0.532440 0.532530
v 2.186941 0.477885 0.561190
v 2.180675 0.465608 0.562329
v 2.175110 0.468202 0.572333
v 2.182321 0.482330 0.571021
v 2.222604 -1.130367 0.466783
v 2.229500 -1.142075 0.464208
v 2.225150 -1.147897 0.473424
v 2.217213 -1.134422 0.476388
v 2.122453 -1.183538 0.443224
v 2.129888 -1.196160 0.440448
v 2.120327 -1.198614 0.428897
v 2.113430 -1.186905 0.431473
v 2.362385 0.586607 0.516977
v 2.349750 0.586898 0.520587
v 2.350897 0.595205 0.528980
v 2.366198 0.594852 0.524609
v 2.354050 0.699856 0.476018
v 2.340019 0.700179 0.480027
v 2.337261 0.708146 0.467087
v 2.349896 0.707855 0.463477
v 2.397662 -1.236802 0.411407
v 2.410253 -1.235421 0.407898
v 2.414515 -1.244307 0.414504
v 2.399268 -1.245978 0.418754
v 2.393744 -1.344792 0.357601
v 2.407726 -1.343259 0.353703
v 2.403957 -1.349912 0.340285
v 2.391366 -1.351292 0.343794
v 2.985590 -0.780799 0.270474
v 2.979566 -0.794644 0.271463
v 2.967543 -0.789159 0.281028
v 2.973879 -0.774596 0.279989
v 2.953550 0.195635 0.330748
v 2.960287 0.182340 0.328135
v 2.948946 0.174443 0.336805
v 2.941860 0.188427 0.339553
v 2.367087 0.620146 0.525681
v 2.351787 0.620498 0.530052
v 2.351477 0.637643 0.525180
v 2.365508 0.637320 0.521172
v 2.139864 0.487240 0.577499
v 2.146619 0.500474 0.576271
v 2.161894 0.493350 0.577410
v 2.154682 0.479222 0.578721
v 2.197411 -1.147179 0.481353
v 2.205347 -1.160653 0.478390
v 2.190462 -1.168380 0.476361
v 2.183027 -1.155758 0.479137
v 2.401483 -1.271138 0.416805
v 2.416730 -1.269466 0.412555
v 2.416037 -1.286039 0.406026
v 2.402056 -1.287572 0.409923
v 2.786775 -0.747485 -0.249326
v 2.792470 -0.734396 -0.250260
v 2.768229 0.188313 -0.195020
v 2.761860 0.200881 -0.192550
v 2.211264 0.614440 -0.014252
v 2.198629 0.614731 -0.010642
v 2.035820 0.505718 0.029961
v 2.029554 0.493441 0.031100
v 2.071483 -1.102534 -0.064446
v 2.078379 -1.114242 -0.067021
v 2.246541 -1.208969 -0.119822
v 2.259132 -1.207589 -0.123331
v 2.785085 -0.738823 -0.247778
v 2.794806 -0.734827 -0.242050
v 2.789111 -0.747915 -0.241116
v 2.760631 0.192019 -0.192052
v 2.764196 0.200451 -0.184340
v 2.770565 0.187883 -0.186810
v 2.204927 0.609415 -0.012099
v 2.200965 0.614301 -0.002432
v 2.213600 0.614010 -0.006041
v 2.037277 0.497160 0.029711
v 2.031889 0.493011 0.039311
v 2.038156 0.505287 0.038171
v 2.079386 -1.105651 -0.066244
v 2.080715 -1.114672 -0.058811
v 2.073818 -1.102964 -0.056235
v 2.252547 -1.203195 -0.120615
v 2.261467 -1.208019 -0.115121
v 2.248876 -1.209399 -0.111611
v 2.192477 -0.959368 0.492597
v 2.212358 -0.949583 0.487454
v 2.044314 0.121142 -2.319227
v 1.534753 0.291632 -2.165338
v 1.714233 -0.753385 -2.271147
v 1.684150 0.391665 -2.202596
v 2.059382 -0.452415 -2.353564
v 1.559924 -0.666461 -2.222696
v 0.975068 0.370803 -1.868432
v 0.970480 0.380230 -1.868432
v 0.974297 -0.376862 -1.868432
v 0.969690 -0.386279 -1.868432
v 0.274441 -0.629251 -1.868432
v 0.279449 -0.638065 -1.868432
v 0.280759 0.633438 -1.868432
v 0.275734 0.624634 -1.868432
v 0.482635 -0.758878 -1.868432
v 0.492249 -0.758273 -1.868432
v 0.484194 0.753831 -1.868432
v 0.493807 0.753208 -1.868432
v 1.014070 0.466365 1.623006
v 1.007715 0.479424 1.623006
v 1.015082 0.483919 1.631086
v 1.022153 0.469389 1.631086
v 1.107647 0.511436 1.574956
v 1.100924 0.525251 1.574956
v 1.107008 0.527745 1.561163
v 1.113364 0.514686 1.561163
v 1.006720 -0.485550 1.623006
v 1.013102 -0.472504 1.623006
v 1.021179 -0.475544 1.631086
v 1.014078 -0.490060 1.631086
v 1.112296 -0.521029 1.561163
v 1.105914 -0.534075 1.561163
v 1.099834 -0.531569 1.574956
v 1.106586 -0.517768 1.574956
v 0.157814 0.875566 1.574956
v 0.150309 0.862419 1.574956
v 0.144600 0.866309 1.561163
v 0.151561 0.878505 1.561163
v 0.250747 0.821882 1.623006
v 0.243785 0.809687 1.623006
v 0.235708 0.813079 1.631086
v 0.243720 0.827113 1.631086
v 0.242111 -0.814237 1.623006
v 0.249048 -0.826447 1.623006
v 0.242010 -0.831663 1.631086
v 0.234027 -0.817612 1.631086
v 0.148526 -0.866776 1.574956
v 0.156005 -0.879939 1.574956
v 0.149746 -0.882865 1.561163
v 0.142809 -0.870655 1.561163
v 0.438909 0.924492 1.623006
v 0.425591 0.925357 1.623006
v 0.424758 0.934252 1.631086
v 0.440885 0.933206 1.631086
v 0.446945 1.036963 1.574956
v 0.432156 1.037923 1.574956
v 0.433372 1.045282 1.561163
v 0.446690 1.044418 1.561163
v 0.423679 -0.930281 1.623006
v 0.436998 -0.929445 1.623006
v 0.438956 -0.938162 1.631086
v 0.422827 -0.939175 1.631086
v 0.430011 -1.042861 1.574956
v 0.444802 -1.041932 1.574956
v 0.444531 -1.049386 1.561163
v 0.431213 -1.050223 1.561163
v 1.056195 -0.493117 1.625372
v 1.049444 -0.506918 1.625372
v 1.035307 -0.500446 1.631085
v 1.042409 -0.485929 1.631086
v 1.050482 0.500704 1.625372
v 1.057205 0.486889 1.625372
v 1.043404 0.479730 1.631086
v 1.036333 0.494261 1.631086
v 0.442550 0.958872 1.631086
v 0.426424 0.959919 1.631086
v 0.428203 0.977000 1.625372
v 0.442992 0.976041 1.625372
v 0.200696 0.833655 1.625372
v 0.208201 0.846802 1.625372
v 0.222492 0.839231 1.631086
v 0.214480 0.825197 1.631085
v 0.212775 -0.829687 1.631086
v 0.220758 -0.843738 1.631086
v 0.206451 -0.851279 1.625372
v 0.198972 -0.838116 1.625372
v 0.424440 -0.964845 1.631086
v 0.440568 -0.963832 1.631086
v 0.440975 -0.981002 1.625372
v 0.426184 -0.981930 1.625372
v 1.006720 -0.485550 0.482505
v 1.013102 -0.472504 0.482505
v 1.014070 0.466365 0.482505
v 1.007715 0.479424 0.482505
v 0.438909 0.924492 0.482505
v 0.425591 0.925357 0.482505
v 0.250747 0.821883 0.482505
v 0.243785 0.809687 0.482505
v 0.242111 -0.814237 0.482505
v 0.249048 -0.826447 0.482505
v 0.423679 -0.930281 0.482505
v 0.436998 -0.929445 0.482505
v 1.005018 -0.476633 0.483103
v 1.013102 -0.472504 0.491183
v 1.006720 -0.485550 0.491183
v 1.005994 0.470511 0.483103
v 1.007715 0.479424 0.491183
v 1.014070 0.466365 0.491183
v 0.431912 0.919707 0.483103
v 0.425591 0.925357 0.491183
v 0.438909 0.924492 0.491183
v 0.251868 0.813157 0.483103
v 0.243785 0.809687 0.491183
v 0.250747 0.821882 0.491183
v 0.250187 -0.817724 0.483103
v 0.249048 -0.826447 0.491183
v 0.242111 -0.814237 0.491183
v 0.430011 -0.924645 0.483103
v 0.436998 -0.929445 0.491183
v 0.423679 -0.930281 0.491183
v 0.969238 0.373796 -1.874264
v 0.281569 0.627139 -1.874265
v 0.487205 -0.754809 -1.874264
v 0.488756 0.749754 -1.874264
v 0.968461 -0.379843 -1.874265
v 0.280271 -0.631768 -1.874265
v -0.559839 -0.043027 -8.570134
v -0.559839 -0.659612 -7.346166
v 0.538269 -0.043027 -8.570134
v -0.612637 0.963344 -0.925245
v -0.612637 0.993599 -0.211230
v -0.612637 0.914946 -1.630679
v 0.538269 -0.659612 -7.346166
v 0.631436 0.963344 -0.925245
v -0.559839 -0.696729 -6.680231
v 0.631436 0.993599 -0.211230
v 0.538269 -0.696730 -6.679001
v 0.631436 0.914946 -1.630679
v -0.836349 -0.404467 -3.815860
v 0.814778 -0.404467 -3.815860
v -0.559839 -0.322256 -6.055161
v 0.538269 -0.322256 -6.055162
v 0.631436 0.679550 -2.086064
v 0.631436 0.715477 -1.596152
v -0.612637 0.679550 -2.086064
v -0.612637 0.715477 -1.596152
v 0.631436 0.787852 -0.609256
v 0.631436 0.819254 -0.181053
v -0.612637 0.787852 -0.609256
v -0.612637 0.819254 -0.181053
v 0.631436 0.767169 -0.891288
v 0.631436 0.731834 -1.373111
v -0.612637 0.731834 -1.373111
v -0.612637 0.767169 -0.891288
v 0.814778 -1.012830 0.223706
v 0.769766 -0.984076 0.331133
v 0.810282 0.782198 0.203132
v 0.768449 0.757986 0.311227
v 0.666929 0.833550 0.201507
v 0.668577 0.792597 0.310528
v -0.836349 -1.012785 0.223408
v -0.791336 -0.984063 0.331045
v -0.655942 0.833549 0.201483
v -0.661254 0.792595 0.310521
v -0.832326 0.787107 0.202502
v -0.790158 0.757760 0.311062
v 0.661097 -0.882148 0.374603
v 0.661097 0.678939 0.356790
v 0.652422 0.685619 0.356713
v -0.649507 0.685613 0.356713
v -0.682667 -0.882148 0.374603
v -0.682667 0.673255 0.356854
v 2.137587 -0.981818 -0.901508
v 2.132832 -0.954750 -0.901805
v 2.116546 -0.971720 -0.916023
v 2.140803 -0.972439 -0.903122
v 2.132671 -0.980913 -0.910222
v 2.135845 -0.971884 -0.911369
v 2.128551 -0.957461 -0.910479
v 2.139058 -0.962504 -0.903231
v 2.134616 -0.964890 -0.911446
v 2.124948 -0.977206 -0.915550
v 2.122574 -0.963690 -0.915698
v 2.130408 -0.969275 -0.915120
v 1.923566 -0.807819 -0.997534
v 1.897749 -0.812263 -0.989222
v 1.907280 -0.824789 -1.011752
v 1.914526 -0.804276 -0.994958
v 1.919285 -0.810530 -1.006208
v 1.910731 -0.807140 -1.003342
v 1.896918 -0.814381 -0.999006
v 1.905050 -0.805907 -0.991907
v 1.904059 -0.808288 -1.001194
v 1.913308 -0.816759 -1.011427
v 1.900416 -0.818978 -1.007276
v 1.906522 -0.811525 -1.007016
v 1.507126 -1.664406 -0.778002
v 1.500008 -1.660990 -0.782913
v 1.498392 -1.665910 -0.775190
v 1.505463 -1.664100 -0.780950
v 1.504656 -1.666557 -0.777094
v 1.503129 -1.666144 -0.779945
v 1.498489 -1.663597 -0.781348
v 1.502850 -1.662846 -0.782752
v 1.501290 -1.665261 -0.781214
v 1.501450 -1.667109 -0.776061
v 1.497895 -1.665403 -0.778514
v 1.500872 -1.666533 -0.779219
v 1.454507 -1.621250 -0.789154
v 1.456116 -1.630407 -0.789054
v 1.457731 -1.625488 -0.796776
v 1.453419 -1.624423 -0.788608
v 1.454226 -1.621967 -0.792464
v 1.453234 -1.625004 -0.791811
v 1.455619 -1.629900 -0.792377
v 1.454009 -1.627784 -0.788571
v 1.453650 -1.627370 -0.791785
v 1.455409 -1.623522 -0.795262
v 1.456213 -1.628095 -0.795212
v 1.454067 -1.626099 -0.793781
v 2.259882 -1.168666 0.114167
v 2.250351 -1.156140 0.136697
v 2.260673 -1.166609 0.123968
v 2.263098 -1.159287 0.112553
v 2.263644 -1.157571 0.122022
v 2.254841 -1.148434 0.132073
v 2.257215 -1.161950 0.132222
v 2.261181 -1.154334 0.127844
v 2.256593 -1.143097 0.123694
v 2.262415 -1.150576 0.121945
v 2.066024 -1.025206 0.164994
v 2.087064 -1.035304 0.179509
v 2.073324 -1.018850 0.162309
v 2.070940 -1.026111 0.173708
v 2.077837 -1.020070 0.170738
v 2.093307 -1.022261 0.166506
v 2.084509 -1.018922 0.168589
v 2.078663 -1.029817 0.179035
v 2.091554 -1.027598 0.174885
v 2.083275 -1.022679 0.174488
v 1.636860 -1.961677 0.371608
v 1.628126 -1.963181 0.374420
v 1.633635 -1.957440 0.379230
v 1.634390 -1.963828 0.372516
v 1.637141 -1.960961 0.374918
v 1.634725 -1.963022 0.375658
v 1.629574 -1.962264 0.377354
v 1.631184 -1.964380 0.373548
v 1.632468 -1.963411 0.376384
v 1.635957 -1.959406 0.377715
v 1.631596 -1.960156 0.379120
v 1.633892 -1.961927 0.377627
v 1.571277 -1.913144 0.388802
v 1.578395 -1.916560 0.393713
v 1.572886 -1.922302 0.388903
v 1.572940 -1.913451 0.391750
v 1.570189 -1.916317 0.389349
v 1.571866 -1.916505 0.392138
v 1.576356 -1.919277 0.393603
v 1.575553 -1.914705 0.393553
v 1.573706 -1.917388 0.393407
v 1.570779 -1.919679 0.389385
v 1.574334 -1.921384 0.391837
v 1.572282 -1.918871 0.392164
v -2.138344 -0.981818 -0.901508
v -2.133589 -0.954750 -0.901805
v -2.117303 -0.971720 -0.916023
v -2.141560 -0.972439 -0.903122
v -2.133428 -0.980913 -0.910222
v -2.136602 -0.971885 -0.911369
v -2.129308 -0.957461 -0.910479
v -2.139815 -0.962504 -0.903232
v -2.135373 -0.964890 -0.911446
v -2.125705 -0.977206 -0.915550
v -2.123331 -0.963690 -0.915698
v -2.131165 -0.969275 -0.915120
v -1.924323 -0.807819 -0.997535
v -1.898506 -0.812263 -0.989222
v -1.908037 -0.824789 -1.011752
v -1.915283 -0.804276 -0.994958
v -1.920043 -0.810531 -1.006208
v -1.911488 -0.807140 -1.003342
v -1.897675 -0.814381 -0.999006
v -1.905807 -0.805907 -0.991907
v -1.904816 -0.808288 -1.001194
v -1.914065 -0.816759 -1.011427
v -1.901173 -0.818978 -1.007276
v -1.907279 -0.811525 -1.007016
v -1.507883 -1.664406 -0.778002
v -1.500765 -1.660990 -0.782913
v -1.499149 -1.665910 -0.775190
v -1.506220 -1.664100 -0.780950
v -1.505413 -1.666557 -0.777094
v -1.503886 -1.666144 -0.779945
v -1.499246 -1.663597 -0.781348
v -1.503607 -1.662846 -0.782752
v -1.502046 -1.665261 -0.781214
v -1.502207 -1.667109 -0.776061
v -1.498653 -1.665403 -0.778514
v -1.501629 -1.666533 -0.779219
v -1.455264 -1.621250 -0.789154
v -1.456873 -1.630407 -0.789054
v -1.458488 -1.625488 -0.796776
v -1.454176 -1.624423 -0.788608
v -1.454983 -1.621967 -0.792464
v -1.453991 -1.625004 -0.791811
v -1.456377 -1.629900 -0.792377
v -1.454766 -1.627784 -0.788571
v -1.454407 -1.627370 -0.791785
v -1.456166 -1.623522 -0.795262
v -1.456970 -1.628095 -0.795212
v -1.454825 -1.626099 -0.793781
v -2.260639 -1.168666 0.114167
v -2.251108 -1.156140 0.136697
v -2.261430 -1.166609 0.123968
v -2.263855 -1.159287 0.112553
v -2.264401 -1.157571 0.122022
v -2.255597 -1.148434 0.132073
v -2.257972 -1.161950 0.132222
v -2.261938 -1.154334 0.127844
v -2.257350 -1.143097 0.123694
v -2.263172 -1.150576 0.121945
v -2.066781 -1.025206 0.164994
v -2.087821 -1.035304 0.179509
v -2.074081 -1.018850 0.162309
v -2.071696 -1.026111 0.173708
v -2.078594 -1.020070 0.170738
v -2.094064 -1.022261 0.166506
v -2.085266 -1.018922 0.168589
v -2.079420 -1.029817 0.179035
v -2.092311 -1.027598 0.174885
v -2.084032 -1.022680 0.174488
v -1.637617 -1.961678 0.371607
v -1.628883 -1.963181 0.374420
v -1.634392 -1.957440 0.379230
v -1.635147 -1.963828 0.372516
v -1.637898 -1.960961 0.374918
v -1.635482 -1.963022 0.375658
v -1.630331 -1.962264 0.377354
v -1.631941 -1.964380 0.373548
v -1.633225 -1.963411 0.376384
v -1.636715 -1.959406 0.377715
v -1.632353 -1.960156 0.379120
v -1.634649 -1.961927 0.377627
v -1.572034 -1.913145 0.388802
v -1.579152 -1.916561 0.393713
v -1.573642 -1.922302 0.388903
v -1.573697 -1.913451 0.391750
v -1.570946 -1.916317 0.389348
v -1.572623 -1.916505 0.392138
v -1.577113 -1.919277 0.393603
v -1.576310 -1.914705 0.393553
v -1.574463 -1.917388 0.393407
v -1.571536 -1.919679 0.389385
v -1.575091 -1.921384 0.391837
v -1.573039 -1.918871 0.392164
v 2.076487 0.462958 -0.901508
v 2.071732 0.435890 -0.901805
v 2.055446 0.452860 -0.916023
v 2.079703 0.453579 -0.903122
v 2.071571 0.462053 -0.910222
v 2.074745 0.453025 -0.911369
v 2.067451 0.438601 -0.910479
v 2.077958 0.443644 -0.903232
v 2.073516 0.446030 -0.911446
v 2.063848 0.458346 -0.915550
v 2.061474 0.444830 -0.915698
v 2.069308 0.450415 -0.915120
v 1.862466 0.288959 -0.997535
v 1.836650 0.293403 -0.989222
v 1.846180 0.305929 -1.011752
v 1.853426 0.285416 -0.994958
v 1.858186 0.291670 -1.006208
v 1.849631 0.288280 -1.003342
v 1.835818 0.295520 -0.999006
v 1.843950 0.287047 -0.991907
v 1.842959 0.289428 -1.001194
v 1.852208 0.297899 -1.011427
v 1.839316 0.300118 -1.007276
v 1.845422 0.292665 -1.007016
v 1.446025 1.145546 -0.778002
v 1.438907 1.142130 -0.782913
v 1.437292 1.147050 -0.775190
v 1.444362 1.145240 -0.780950
v 1.443556 1.147696 -0.777094
v 1.442029 1.147284 -0.779945
v 1.437388 1.144737 -0.781348
v 1.441750 1.143986 -0.782753
v 1.440189 1.146401 -0.781214
v 1.440350 1.148248 -0.776062
v 1.436795 1.146542 -0.778514
v 1.439772 1.147672 -0.779219
v 1.393407 1.102390 -0.789154
v 1.395015 1.111547 -0.789054
v 1.396631 1.106628 -0.796776
v 1.392319 1.105563 -0.788608
v 1.393126 1.103106 -0.792464
v 1.392134 1.106143 -0.791811
v 1.394519 1.111040 -0.792377
v 1.392909 1.108924 -0.788571
v 1.392550 1.108510 -0.791785
v 1.394309 1.104662 -0.795262
v 1.395112 1.109234 -0.795212
v 1.392967 1.107239 -0.793781
v 2.198781 0.649806 0.114167
v 2.189251 0.637280 0.136697
v 2.199573 0.647749 0.123968
v 2.201998 0.640427 0.112553
v 2.202544 0.638711 0.122022
v 2.193741 0.629574 0.132073
v 2.196115 0.643090 0.132222
v 2.200081 0.635474 0.127844
v 2.195494 0.624237 0.123694
v 2.201315 0.631717 0.121945
v 2.004924 0.506346 0.164994
v 2.025964 0.516444 0.179509
v 2.012224 0.499990 0.162309
v 2.009840 0.507251 0.173708
v 2.016737 0.501210 0.170738
v 2.032207 0.503401 0.166506
v 2.023409 0.500062 0.168589
v 2.017563 0.510957 0.179035
v 2.030454 0.508738 0.174885
v 2.022175 0.503819 0.174488
v 1.575759 1.442817 0.371608
v 1.567025 1.444321 0.374420
v 1.572535 1.438579 0.379230
v 1.573290 1.444968 0.372516
v 1.576041 1.442101 0.374918
v 1.573625 1.444162 0.375658
v 1.568474 1.443403 0.377354
v 1.570084 1.445519 0.373548
v 1.571368 1.444550 0.376384
v 1.574857 1.440545 0.377715
v 1.570496 1.441296 0.379120
v 1.572792 1.443067 0.377627
v 1.510177 1.394284 0.388802
v 1.517295 1.397700 0.393713
v 1.511785 1.403441 0.388903
v 1.511839 1.394590 0.391750
v 1.509089 1.397457 0.389348
v 1.510766 1.397645 0.392138
v 1.515256 1.400417 0.393603
v 1.514452 1.395844 0.393553
v 1.512605 1.398528 0.393407
v 1.509679 1.400818 0.389385
v 1.513233 1.402524 0.391837
v 1.511182 1.400011 0.392164
v -2.077244 0.462957 -0.901508
v -2.072489 0.435890 -0.901805
v -2.056203 0.452860 -0.916023
v -2.080460 0.453579 -0.903122
v -2.072328 0.462053 -0.910222
v -2.075502 0.453024 -0.911369
v -2.068208 0.438601 -0.910479
v -2.078715 0.443643 -0.903231
v -2.074273 0.446030 -0.911446
v -2.064605 0.458346 -0.915550
v -2.062231 0.444830 -0.915698
v -2.070065 0.450415 -0.915120
v -1.863223 0.288959 -0.997534
v -1.837406 0.293403 -0.989222
v -1.846937 0.305929 -1.011752
v -1.854183 0.285416 -0.994958
v -1.858943 0.291670 -1.006208
v -1.850388 0.288280 -1.003342
v -1.836575 0.295520 -0.999006
v -1.844707 0.287047 -0.991907
v -1.843716 0.289428 -1.001194
v -1.852965 0.297899 -1.011427
v -1.840073 0.300118 -1.007276
v -1.846179 0.292665 -1.007016
v -1.446782 1.145546 -0.778002
v -1.439664 1.142130 -0.782913
v -1.438048 1.147050 -0.775190
v -1.445119 1.145240 -0.780950
v -1.444313 1.147696 -0.777094
v -1.442786 1.147284 -0.779946
v -1.438145 1.144737 -0.781348
v -1.442507 1.143986 -0.782752
v -1.440946 1.146401 -0.781214
v -1.441107 1.148248 -0.776062
v -1.437552 1.146543 -0.778514
v -1.440529 1.147672 -0.779219
v -1.394164 1.102390 -0.789154
v -1.395772 1.111547 -0.789054
v -1.397388 1.106628 -0.796776
v -1.393076 1.105563 -0.788608
v -1.393883 1.103106 -0.792464
v -1.392891 1.106143 -0.791811
v -1.395276 1.111040 -0.792377
v -1.393666 1.108924 -0.788571
v -1.393307 1.108510 -0.791786
v -1.395066 1.104662 -0.795262
v -1.395869 1.109234 -0.795212
v -1.393724 1.107238 -0.793781
v -2.199538 0.649806 0.114167
v -2.190008 0.637280 0.136697
v -2.200330 0.647749 0.123968
v -2.202755 0.640427 0.112553
v -2.203301 0.638711 0.122022
v -2.194497 0.629574 0.132073
v -2.196872 0.643090 0.132222
v -2.200838 0.635474 0.127844
v -2.196250 0.624237 0.123694
v -2.202072 0.631717 0.121945
v -2.005681 0.506346 0.164994
v -2.026721 0.516444 0.179509
v -2.012981 0.499990 0.162309
v -2.010597 0.507251 0.173708
v -2.017494 0.501210 0.170738
v -2.032964 0.503401 0.166506
v -2.024166 0.500062 0.168589
v -2.018320 0.510957 0.179035
v -2.031211 0.508738 0.174885
v -2.022932 0.503819 0.174488
v -1.576516 1.442818 0.371607
v -1.567782 1.444321 0.374420
v -1.573292 1.438580 0.379229
v -1.574046 1.444968 0.372516
v -1.576798 1.442101 0.374918
v -1.574382 1.444162 0.375657
v -1.569231 1.443404 0.377354
v -1.570840 1.445519 0.373548
v -1.572125 1.444550 0.376384
v -1.575614 1.440545 0.377715
v -1.571253 1.441296 0.379119
v -1.573549 1.443067 0.377627
v -1.510933 1.394284 0.388802
v -1.518052 1.397700 0.393713
v -1.512542 1.403442 0.388903
v -1.512596 1.394590 0.391750
v -1.509845 1.397457 0.389348
v -1.511523 1.397645 0.392138
v -1.516012 1.400417 0.393603
v -1.515209 1.395845 0.393552
v -1.513362 1.398528 0.393407
v -1.510436 1.400818 0.389385
v -1.513990 1.402524 0.391837
v -1.511938 1.400011 0.392164
v 0.498127 -0.155802 0.341673
v 0.501540 -0.132527 0.365197
v 0.478265 -0.129113 0.341673
v 0.498583 -0.152692 0.353419
v 0.486961 -0.150988 0.341673
v 0.487896 -0.148040 0.352922
v 0.489918 -0.130822 0.362054
v 0.499836 -0.144149 0.362054
v 0.488778 -0.142025 0.359001
v 0.479670 -0.141192 0.341673
v 0.481375 -0.129570 0.353419
v 0.482763 -0.141143 0.352922
v 0.538002 0.116099 0.365197
v 0.541416 0.139374 0.341673
v 0.514728 0.119513 0.341673
v 0.539707 0.127721 0.362054
v 0.526381 0.117804 0.362054
v 0.528505 0.128862 0.359001
v 0.529338 0.137969 0.341673
v 0.540960 0.136265 0.353419
v 0.529387 0.134876 0.352922
v 0.517837 0.119057 0.353419
v 0.519542 0.130679 0.341673
v 0.522490 0.129744 0.352922
v 0.938093 -0.120566 -1.387822
v 0.939247 -0.112693 -1.395780
v 0.934315 -0.118938 -1.387821
v 0.938247 -0.119514 -1.391795
v 0.934631 -0.117940 -1.391627
v 0.932425 -0.111692 -1.391795
v 0.932895 -0.115607 -1.391627
v 0.938671 -0.116624 -1.394717
v 0.935316 -0.112116 -1.394717
v 0.934930 -0.115906 -1.393684
v 0.952737 -0.020707 -1.387822
v 0.951583 -0.028581 -1.395780
v 0.952583 -0.021759 -1.391795
v 0.948651 -0.021183 -1.387821
v 0.948668 -0.022229 -1.391627
v 0.947651 -0.028005 -1.394717
v 0.952159 -0.024650 -1.394717
v 0.948369 -0.024264 -1.393684
v 0.944761 -0.027581 -1.391795
v 0.946335 -0.023965 -1.391627
v 2.046123 -0.382824 -0.655202
v 2.072811 -0.362962 -0.655202
v 2.049536 -0.359549 -0.631678
v 2.058201 -0.381419 -0.655292
v 2.046579 -0.379714 -0.643455
v 2.058152 -0.378326 -0.643953
v 2.069702 -0.362507 -0.643455
v 2.067997 -0.374129 -0.655202
v 2.065049 -0.373194 -0.643953
v 2.047832 -0.371171 -0.634821
v 2.061158 -0.361254 -0.634821
v 2.059034 -0.372312 -0.637874
v 2.089412 -0.087648 -0.655202
v 2.085999 -0.110923 -0.631678
v 2.109274 -0.114336 -0.655202
v 2.088956 -0.090758 -0.643455
v 2.100578 -0.092462 -0.655202
v 2.099643 -0.095410 -0.643953
v 2.097621 -0.112627 -0.634821
v 2.087703 -0.099301 -0.634821
v 2.098761 -0.101425 -0.637874
v 2.107868 -0.102258 -0.655202
v 2.106164 -0.113880 -0.643455
v 2.104776 -0.102307 -0.643953
v 2.074006 -0.287154 -1.911109
v 2.075160 -0.279280 -1.919067
v 2.083034 -0.280435 -1.911109
v 2.074160 -0.286102 -1.915082
v 2.078092 -0.286679 -1.911109
v 2.078075 -0.285633 -1.914914
v 2.079092 -0.279857 -1.918004
v 2.074584 -0.283212 -1.918004
v 2.078374 -0.283598 -1.916971
v 2.081406 -0.284213 -1.911109
v 2.081982 -0.280281 -1.915083
v 2.080408 -0.283897 -1.914914
v 2.088650 -0.187295 -1.911109
v 2.095370 -0.196324 -1.911108
v 2.087496 -0.195169 -1.919067
v 2.092428 -0.188924 -1.911109
v 2.088496 -0.188347 -1.915083
v 2.092112 -0.189921 -1.914914
v 2.094318 -0.196170 -1.915083
v 2.094894 -0.192238 -1.911109
v 2.093848 -0.192255 -1.914914
v 2.088072 -0.191237 -1.918004
v 2.091428 -0.195746 -1.918004
v 2.091813 -0.191956 -1.916971
v -0.498885 -0.155802 0.341673
v -0.502299 -0.132527 0.365197
v -0.479024 -0.129114 0.341673
v -0.499341 -0.152692 0.353419
v -0.487719 -0.150988 0.341673
v -0.488654 -0.148039 0.352922
v -0.490677 -0.130822 0.362054
v -0.500594 -0.144149 0.362054
v -0.489536 -0.142025 0.359001
v -0.480429 -0.141192 0.341673
v -0.482134 -0.129570 0.353419
v -0.483522 -0.141143 0.352922
v -0.538761 0.116099 0.365197
v -0.542174 0.139374 0.341673
v -0.515486 0.119513 0.341673
v -0.540466 0.127721 0.362054
v -0.527139 0.117804 0.362054
v -0.529263 0.128862 0.359001
v -0.530096 0.137969 0.341673
v -0.541718 0.136264 0.353420
v -0.530145 0.134876 0.352922
v -0.518596 0.119057 0.353419
v -0.520300 0.130679 0.341673
v -0.523249 0.129744 0.352922
v -0.938851 -0.120566 -1.387821
v -0.940006 -0.112692 -1.395780
v -0.935074 -0.118938 -1.387822
v -0.939005 -0.119514 -1.391795
v -0.935390 -0.117940 -1.391627
v -0.933184 -0.111692 -1.391795
v -0.933653 -0.115607 -1.391627
v -0.939429 -0.116624 -1.394717
v -0.936074 -0.112116 -1.394717
v -0.935688 -0.115906 -1.393684
v -0.953496 -0.020707 -1.387821
v -0.952341 -0.028581 -1.395780
v -0.953342 -0.021759 -1.391795
v -0.949410 -0.021183 -1.387822
v -0.949426 -0.022229 -1.391627
v -0.948409 -0.028005 -1.394717
v -0.952918 -0.024650 -1.394717
v -0.949128 -0.024264 -1.393684
v -0.945519 -0.027581 -1.391795
v -0.947093 -0.023965 -1.391627
v -2.046882 -0.382824 -0.655202
v -2.073570 -0.362963 -0.655202
v -2.050295 -0.359549 -0.631678
v -2.058960 -0.381419 -0.655292
v -2.047338 -0.379714 -0.643455
v -2.058911 -0.378326 -0.643953
v -2.070460 -0.362507 -0.643455
v -2.068756 -0.374129 -0.655202
v -2.065808 -0.373194 -0.643953
v -2.048591 -0.371171 -0.634821
v -2.061917 -0.361254 -0.634821
v -2.059793 -0.372312 -0.637874
v -2.090171 -0.087649 -0.655202
v -2.086757 -0.110923 -0.631678
v -2.110032 -0.114336 -0.655202
v -2.089715 -0.090758 -0.643455
v -2.101337 -0.092462 -0.655202
v -2.100402 -0.095410 -0.643953
v -2.098379 -0.112627 -0.634821
v -2.088462 -0.099301 -0.634821
v -2.099520 -0.101425 -0.637874
v -2.108627 -0.102258 -0.655202
v -2.106923 -0.113880 -0.643455
v -2.105535 -0.102307 -0.643953
v -2.074764 -0.287154 -1.911109
v -2.075919 -0.279280 -1.919067
v -2.083792 -0.280435 -1.911109
v -2.074918 -0.286102 -1.915083
v -2.078850 -0.286679 -1.911109
v -2.078834 -0.285633 -1.914914
v -2.079850 -0.279857 -1.918004
v -2.075342 -0.283212 -1.918004
v -2.079132 -0.283598 -1.916971
v -2.082164 -0.284213 -1.911109
v -2.082741 -0.280281 -1.915083
v -2.081167 -0.283896 -1.914914
v -2.089409 -0.187295 -1.911109
v -2.096128 -0.196324 -1.911109
v -2.088254 -0.195169 -1.919067
v -2.093187 -0.188924 -1.911108
v -2.089255 -0.188347 -1.915083
v -2.092870 -0.189921 -1.914914
v -2.095076 -0.196170 -1.915083
v -2.095653 -0.192238 -1.911109
v -2.094607 -0.192254 -1.914914
v -2.088830 -0.191237 -1.918004
v -2.092186 -0.195746 -1.918004
v -2.092571 -0.191956 -1.916971
vn -0.0000 -0.8574 0.5147
vn -0.1377 -0.6574 0.7408
vn 0.6586 -0.2955 0.6920
vn -0.0000 0.9973 -0.0731
vn 0.8193 0.1177 0.5611
vn -0.0437 -0.6739 0.7375
vn 0.1066 -0.5552 0.8248
vn -0.3948 0.9159 -0.0729
vn -0.0374 -0.2435 0.9692
vn -0.8992 -0.4376 -0.0000
vn -0.9794 -0.0376 0.1984
vn 0.8757 -0.4003 -0.2701
vn 0.8673 -0.4929 0.0703
vn -0.4012 -0.6214 -0.6730
vn -0.6114 -0.7896 -0.0510
vn -0.3601 0.6085 -0.7071
vn 0.9616 0.0415 -0.2714
vn -0.0815 -0.0013 0.9967
vn 0.2114 0.1644 0.9635
vn -0.8761 0.4209 -0.2350
vn -0.8983 0.4394 -0.0000
vn -0.2531 0.7743 0.5800
vn 0.1742 0.1781 0.9685
vn -0.7273 -0.0786 0.6818
vn -0.4608 -0.1039 0.8814
vn -0.0251 0.1051 0.9941
vn -0.1737 0.5291 0.8306
vn 0.3005 0.6081 0.7348
vn -0.0064 -0.9500 -0.3122
vn -0.2557 0.0375 0.9660
vn -0.7947 -0.3430 -0.5008
vn 0.5551 -0.3000 0.7758
vn 0.3333 -0.3856 0.8604
vn 0.3062 -0.0003 0.9520
vn -0.7779 -0.4420 0.4467
vn -0.7490 -0.6625 -0.0129
vn 0.8226 -0.5299 0.2063
vn -0.3209 0.3078 0.8957
vn -0.0000 -0.0000 1.0000
vn 0.2580 0.9574 -0.1297
vn -0.0235 0.9662 -0.2567
vn 0.5601 0.1892 0.8065
vn -0.0561 0.2738 0.9601
vn -0.4893 0.8285 0.2723
vn 0.3503 0.2623 0.8992
vn -0.3099 -0.1516 0.9386
vn -0.6153 0.7868 -0.0493
vn -0.7490 0.6625 0.0129
vn 0.6704 -0.7223 0.1698
vn -0.7623 -0.0026 0.6472
vn -0.4040 -0.8957 -0.1860
vn 0.1152 -0.9907 -0.0729
vn 0.1043 -0.9748 -0.1970
vn -0.9967 0.0023 0.0813
vn -0.8021 0.3090 -0.5111
vn -0.1153 0.7144 0.6901
vn -0.1147 0.9863 -0.1186
vn 0.0064 0.9500 0.3122
vn 0.2225 0.2989 0.9280
vn -0.2897 -0.1646 0.9428
vn -0.4346 0.5578 0.7071
vn -0.4710 0.2643 0.8416
vn 0.0351 -0.9985 -0.0423
vn 0.4071 -0.7294 -0.5498
vn -0.1260 -0.9564 -0.2634
vn 0.5505 -0.8316 0.0729
vn 0.5903 -0.7683 0.2475
vn -0.7318 -0.6552 0.1875
vn -0.3684 -0.5312 -0.7630
vn 0.3588 -0.5356 -0.7645
vn 0.4185 0.8590 -0.2950
vn -0.4091 0.8641 -0.2933
vn 0.8375 0.1137 -0.5345
vn -0.8382 0.1239 -0.5311
vn -0.2398 -0.5025 -0.8307
vn 0.7071 -0.0007 0.7071
vn -0.7489 0.6625 0.0129
vn 0.6263 -0.5737 0.5279
vn 0.5826 -0.7831 -0.2177
vn -0.1432 0.7770 0.6130
vn -0.2733 -0.0503 0.9606
vn -0.5900 -0.7743 0.2289
vn 0.4564 -0.2683 0.8483
vn 0.2398 -0.5024 -0.8307
vn 0.2073 -0.9469 -0.2459
vn -0.4071 -0.7294 0.5498
vn 0.9967 0.0023 0.0815
vn -0.4734 -0.1586 0.8665
vn 0.0025 0.0751 0.9972
vn -0.0374 0.2435 -0.9692
vn 0.5111 -0.8595 -0.0000
vn -0.5106 0.8589 -0.0406
vn 0.8378 0.1945 0.5101
vn 0.9030 -0.3634 0.2293
vn 0.3426 0.5592 0.7550
vn 0.2332 0.9476 0.2182
vn -0.4071 -0.7294 -0.5498
vn 0.0130 0.0898 0.9959
vn -0.3588 0.5356 0.7645
vn 0.3684 0.5312 0.7630
vn 0.8382 -0.1239 0.5311
vn 0.4091 -0.8640 0.2934
vn -0.4185 -0.8590 0.2950
vn -0.8375 -0.1136 0.5344
vn -0.1696 0.5563 0.8135
vn -0.0000 0.1706 0.9853
vn -0.9845 -0.0117 -0.1749
vn 0.8253 0.5544 0.1074
vn -0.1229 -0.9719 0.2008
vn -0.5091 0.7702 0.3841
vn 0.4565 0.2683 0.8483
vn -0.3031 -0.5104 0.8048
vn 0.9992 -0.0010 -0.0402
vn 0.2308 -0.8133 0.5341
vn -0.3393 0.3089 0.8885
vn -0.4868 -0.3377 0.8056
vn 0.2979 0.1857 -0.9363
vn 0.6352 -0.2832 0.7186
vn -0.6387 -0.7691 -0.0220
vn -0.5064 -0.8612 -0.0425
vn 0.6153 -0.7868 0.0493
vn 0.6248 -0.1182 0.7718
vn 0.4567 -0.0021 0.8896
vn -0.9813 -0.1714 -0.0876
vn -0.2333 0.9476 0.2181
vn -0.6152 0.7862 -0.0583
vn 0.2424 -0.9431 -0.2276
vn 0.4327 -0.8565 -0.2815
vn 0.0418 -0.9718 -0.2322
vn 0.6124 -0.7610 -0.2141
vn -0.9616 -0.0415 0.2714
vn -0.8969 -0.4388 -0.0545
vn -0.8992 0.4376 0.0001
vn -0.8242 -0.5646 -0.0444
vn 0.0826 -0.9626 -0.2582
vn 0.2531 0.7743 0.5800
vn -0.0046 -0.8925 0.4510
vn -0.3278 -0.8317 0.4480
vn -0.2557 -0.0375 0.9660
vn -0.3426 0.5591 0.7550
vn 0.8021 -0.3090 -0.5111
vn 0.5000 0.5783 0.6447
vn 0.1153 -0.7144 0.6901
vn -0.5093 0.8606 -0.0000
vn 0.0412 0.6354 0.7711
vn 0.8649 0.4969 0.0713
vn 0.4613 -0.7088 0.5337
vn -0.4787 -0.6417 0.5993
vn 0.0622 0.5309 0.8451
vn 0.2664 -0.6712 0.6917
vn -0.7143 0.1153 -0.6902
vn 0.2176 -0.8892 -0.4023
vn 0.2897 -0.1646 0.9428
vn 1.0000 0.0010 -0.0000
vn 0.4070 0.7294 -0.5498
vn -0.7071 0.0007 0.7071
vn -0.2113 0.7921 0.5727
vn -0.6058 0.5672 -0.5579
vn -0.6139 -0.4966 0.6136
vn -0.3396 -0.4664 -0.8168
vn -0.8796 0.4750 -0.0280
vn 0.9375 -0.0848 0.3374
vn -0.4252 -0.7203 -0.5480
vn 0.7071 0.0007 -0.7071
vn -0.7071 -0.0007 0.7071
vn -0.0000 -0.9993 -0.0367
vn 0.9616 -0.0415 0.2714
vn 0.1048 0.6344 0.7659
vn -0.6500 0.3346 0.6823
vn 0.2333 -0.9476 0.2181
vn -0.1849 0.9601 -0.2098
vn -0.1148 0.4713 0.8745
vn -0.5260 -0.7629 -0.3760
vn 0.9762 0.0573 0.2090
vn 0.7842 -0.5895 -0.1937
vn 0.0814 -0.0013 0.9967
vn 0.0435 0.1518 -0.9875
vn 0.1432 0.7770 0.6129
vn -0.9242 -0.3605 -0.1262
vn 0.0966 -0.3165 0.9437
vn 0.9984 0.0544 0.0179
vn 0.3601 -0.6085 0.7071
vn 0.5759 0.7734 -0.2650
vn 0.5094 -0.8568 -0.0804
vn -0.9239 0.0010 0.3827
vn 0.7842 -0.6160 -0.0749
vn -0.9835 -0.1722 0.0548
vn 0.8112 -0.3968 0.4296
vn 0.3056 0.5511 -0.7765
vn -0.9967 -0.0023 -0.0815
vn -0.4357 0.5569 -0.7071
vn -0.2953 -0.0613 0.9534
vn 0.3802 0.0109 0.9249
vn -0.0611 -0.9981 -0.0063
vn -0.5759 -0.7734 -0.2650
vn 0.6472 0.0007 0.7624
vn 0.5406 0.6692 0.5098
vn 0.0374 0.2435 -0.9692
vn 0.8673 0.4928 -0.0702
vn -0.4680 -0.8794 0.0871
vn 0.6512 0.3156 -0.6901
vn -0.5406 0.6692 0.5098
vn -0.0966 0.8781 0.4687
vn -0.2096 -0.9645 0.1606
vn 0.6400 -0.6888 0.3406
vn -0.9790 -0.1368 -0.1510
vn -0.0423 0.6740 0.7375
vn -0.7423 0.3779 0.5534
vn 0.7496 0.4759 0.4599
vn 0.4658 0.3124 0.8279
vn -0.2894 0.1652 0.9428
vn 0.7947 -0.3430 0.5009
vn -0.0000 -0.3122 0.9500
vn -0.9993 0.0091 -0.0362
vn 0.6343 -0.3161 0.7055
vn -0.5561 -0.6275 0.5450
vn -0.9501 -0.3120 0.0018
vn 0.6150 0.7589 0.2144
vn 0.8665 0.4946 -0.0680
vn 0.5093 -0.8606 -0.0000
vn 0.4346 -0.5578 -0.7071
vn -0.7947 0.3430 0.5008
vn 0.6292 -0.5352 -0.5637
vn -0.7497 0.4759 0.4599
vn -0.0815 -0.0014 0.9967
vn 0.2103 0.4249 0.8804
vn -0.9564 0.1260 0.2635
vn -0.1776 -0.3470 -0.9209
vn -0.3005 0.6081 0.7348
vn -0.6010 0.2925 0.7438
vn 0.8981 0.4171 0.1394
vn -0.2699 -0.5154 0.8134
vn 0.4041 -0.8956 -0.1860
vn 0.0046 0.4510 0.8925
vn 0.6512 -0.3156 -0.6901
vn 0.5903 0.7683 -0.2475
vn -0.1742 0.1781 0.9685
vn 0.6743 -0.1935 0.7127
vn 0.3851 -0.1532 0.9100
vn -0.6160 -0.2998 0.7285
vn 0.5711 -0.8121 0.1199
vn -0.8524 0.1443 0.5026
vn -0.1229 -0.9719 0.2009
vn -0.4468 -0.6024 0.6615
vn 0.4346 0.5578 0.7071
vn -0.8415 -0.3926 -0.3711
vn 0.4070 -0.7294 0.5498
vn 0.5911 -0.3375 0.7326
vn 0.4367 0.7952 0.4207
vn 0.4084 -0.3644 -0.8369
vn 0.2005 -0.4367 0.8770
vn 0.9242 0.3605 0.1262
vn 0.2204 0.6214 0.7519
vn 0.4867 -0.0649 0.8711
vn -0.7778 -0.3485 0.5230
vn 0.2836 0.4689 0.8365
vn -0.4377 0.6018 0.6680
vn 0.1460 -0.1492 0.9780
vn 0.4070 0.7294 0.5498
vn 0.0165 -0.2240 0.9744
vn 0.6150 -0.7589 -0.2144
vn 0.1696 0.5563 0.8135
vn 0.9212 -0.3464 0.1772
vn -0.5536 0.3009 0.7765
vn -0.8792 -0.1959 0.4344
vn 0.7732 0.2800 0.5690
vn 0.0046 0.4509 0.8925
vn 0.3767 -0.9207 0.1017
vn -0.7144 -0.1153 0.6901
vn 0.6118 0.7798 -0.1326
vn 0.1738 0.5291 0.8306
vn -0.5903 -0.7683 0.2475
vn 0.5545 -0.6376 0.5348
vn -0.6704 -0.7223 0.1698
vn 0.0727 -0.1957 0.9780
vn -0.9230 0.0050 0.3847
vn 0.3056 -0.5511 0.7765
vn 0.2205 -0.6214 0.7518
vn 0.7301 -0.2456 0.6377
vn -0.0734 -0.3830 0.9208
vn 0.3954 -0.8799 0.2635
vn -0.2104 -0.4249 -0.8804
vn -0.8155 -0.0292 -0.5781
vn 0.5730 -0.1342 -0.8085
vn -0.9993 0.0091 -0.0363
vn 0.3396 0.4664 -0.8168
vn -0.2103 -0.4249 0.8804
vn -0.3393 -0.3090 -0.8885
vn 0.6387 -0.7691 -0.0220
vn -0.1742 -0.1781 -0.9685
vn 0.1848 -0.9601 0.2098
vn -0.0874 0.9932 0.0769
vn 0.3156 0.6512 0.6902
vn 0.4793 -0.1051 0.8714
vn -0.5242 0.5862 0.6177
vn 0.6321 0.5826 0.5110
vn 0.0647 -0.9979 -0.0000
vn 0.6124 0.7610 0.2141
vn -0.4443 -0.8511 -0.2797
vn -0.3767 -0.9207 0.1016
vn -0.3827 -0.0004 0.9239
vn -0.1460 -0.1492 0.9780
vn -0.2137 0.2169 0.9525
vn -0.1260 0.9564 -0.2634
vn -0.7830 0.5827 -0.2177
vn -0.5703 -0.3240 0.7548
vn 0.3901 0.9140 0.1115
vn 0.4282 0.5127 0.7442
vn 0.3736 0.9222 -0.0999
vn -0.2175 0.8893 0.4024
vn 0.4705 0.7951 0.3827
vn 0.6120 0.7780 0.1420
vn 0.9815 0.1706 -0.0868
vn -0.1663 -0.8140 0.5565
vn 0.2557 -0.0375 -0.9660
vn 0.3827 0.0004 0.9239
vn 0.8773 0.4604 0.1354
vn -0.6990 0.6836 -0.2099
vn 0.8947 0.4406 0.0737
vn -0.4705 0.7951 0.3827
vn -0.3393 0.3090 -0.8885
vn 0.3896 -0.5251 0.7566
vn -0.4157 0.6099 -0.6747
vn -0.6586 -0.2955 0.6920
vn 0.4186 0.6064 0.6760
vn -0.0659 0.9978 -0.0041
vn -0.2979 0.1857 -0.9363
vn -0.6565 -0.4238 0.6241
vn 0.0660 -0.9978 0.0041
vn -0.3644 0.2926 -0.8841
vn -0.6652 0.7373 0.1181
vn -0.2104 0.4249 -0.8804
vn -0.1043 -0.9748 -0.1970
vn -0.2639 0.9620 -0.0705
vn 0.4261 0.2699 0.8635
vn 0.8983 -0.4394 -0.0000
vn -0.6322 0.7310 0.2568
vn -0.0000 0.8883 -0.4592
vn 0.2358 0.3014 0.9239
vn -0.3637 -0.9067 -0.2138
vn 0.0399 -0.6355 0.7711
vn -0.3614 -0.6078 -0.7071
vn -0.9558 -0.1402 -0.2584
vn 0.0155 -0.6749 0.7378
vn 0.5827 0.7830 0.2178
vn -0.2032 -0.9597 0.1943
vn -0.7301 -0.2456 0.6377
vn -0.4357 0.5569 0.7071
vn 0.0659 -0.9978 0.0041
vn -0.6055 -0.7925 0.0725
vn 0.7842 0.6160 -0.0749
vn 0.6392 -0.5856 -0.4985
vn 0.9975 -0.0666 -0.0219
vn -0.1043 0.9749 -0.1968
vn -0.7238 -0.2097 -0.6574
vn -0.1510 -0.6490 -0.7457
vn 0.7933 0.4350 -0.4260
vn 0.1414 0.9349 -0.3256
vn 0.6474 -0.4144 -0.6397
vn -0.6726 0.5978 -0.4362
vn 0.1258 -0.8307 0.5423
vn -0.8652 -0.1820 -0.4672
vn 0.0188 0.6731 0.7393
vn -0.0659 -0.9978 0.0041
vn -0.1848 0.9601 -0.2098
vn 0.5058 0.3250 0.7991
vn -0.8732 -0.0062 0.4874
vn 0.8761 0.4209 -0.2351
vn 0.5691 0.2227 0.7915
vn 0.2106 -0.6098 0.7641
vn 0.2961 -0.0560 0.9535
vn -0.3156 0.6512 -0.6902
vn -0.6292 -0.5352 0.5637
vn -0.5827 0.7830 0.2178
vn 0.8981 -0.4171 -0.1394
vn -0.6115 0.7800 -0.1327
vn 0.6500 0.3345 0.6823
vn -0.5730 0.1342 0.8085
vn -0.3156 0.6512 0.6902
vn -0.5961 -0.7300 0.3343
vn 0.1510 0.6490 0.7457
vn 0.7237 0.2098 0.6574
vn 0.6726 -0.5978 0.4362
vn -0.1414 -0.9349 0.3256
vn -0.7933 -0.4350 0.4260
vn -0.6474 0.4145 0.6397
vn -0.7330 -0.1658 0.6597
vn 0.9993 -0.0091 0.0363
vn -0.8226 0.5299 -0.2062
vn 0.2733 -0.0503 0.9606
vn 0.4071 0.7294 0.5498
vn 0.5406 -0.6692 -0.5098
vn -0.5362 0.8125 -0.2288
vn -0.5507 0.1166 0.8265
vn 0.5760 -0.7733 -0.2650
vn -0.7496 -0.4759 0.4600
vn -0.1978 -0.4947 -0.8463
vn -0.7624 0.0026 -0.6472
vn 0.6268 0.6552 -0.4216
vn -0.4186 0.6064 0.6760
vn -0.1446 0.9583 0.2464
vn 0.8732 -0.0062 0.4874
vn -0.4084 0.3644 0.8369
vn -0.1460 0.1492 0.9780
vn 0.5077 0.8578 -0.0804
vn -0.6802 -0.1786 0.7110
vn 0.0509 -0.5030 0.8628
vn 0.8968 0.4364 -0.0727
vn 0.3833 0.8891 0.2502
vn 0.2953 0.0613 0.9534
vn 0.0059 0.7582 0.6520
vn -0.5678 -0.7288 0.3827
vn 0.8120 0.3951 0.4296
vn -0.8695 -0.4940 -0.0000
vn 0.2398 0.5025 0.8306
vn -0.9616 0.0415 -0.2714
vn 0.8155 0.0292 0.5780
vn -0.0000 0.3122 -0.9500
vn 0.4147 -0.7825 0.4645
vn -0.9242 0.3605 0.1262
vn 0.1493 -0.5886 0.7945
vn -0.0966 -0.3165 0.9437
vn 0.8253 -0.5544 -0.1075
vn -0.0025 -0.6520 0.7582
vn 0.8523 0.1442 0.5028
vn 0.7946 -0.6039 0.0626
vn 0.8652 0.1820 -0.4672
vn 0.9967 -0.0023 -0.0814
vn -0.5000 0.5783 0.6447
vn 0.9912 -0.1323 0.0049
vn 0.5298 -0.5540 0.6421
vn 0.3851 -0.3620 0.8489
vn 0.7830 -0.5827 0.2178
vn 0.0592 0.8029 0.5931
vn -0.6387 0.7691 -0.0220
vn 0.7273 -0.0786 0.6818
vn -0.5194 -0.1981 -0.8313
vn -0.5074 -0.3243 0.7984
vn -0.3102 0.1510 0.9386
vn 0.3418 0.9372 -0.0687
vn -0.2308 -0.8133 0.5341
vn -0.7624 -0.0026 0.6471
vn 0.7071 0.0007 0.7071
vn -0.6136 -0.7875 -0.0583
vn 0.8415 -0.3926 -0.3712
vn 0.6149 0.7589 0.2144
vn -0.7830 0.5827 0.2178
vn 0.8874 0.4072 0.2161
vn 0.7330 -0.1658 0.6597
vn 0.5678 -0.7288 0.3827
vn -0.0874 -0.9932 -0.0769
vn -0.6652 0.7373 -0.1181
vn 0.2558 0.0375 -0.9660
vn -0.0000 -0.0000 -1.0000
vn -0.4186 0.6064 0.6761
vn 0.2205 0.6214 -0.7518
vn -0.4346 -0.5578 -0.7071
vn -0.3396 0.4664 -0.8168
vn -0.0165 -0.2240 0.9744
vn -0.8652 -0.1820 0.4672
vn -0.6996 -0.1026 0.7071
vn 0.7300 -0.2456 0.6378
vn -0.1978 0.4947 0.8462
vn 0.3450 -0.3725 0.8615
vn -0.5881 0.1084 0.8015
vn -0.4256 -0.0094 0.9049
vn 0.8523 0.1442 -0.5028
vn -0.6343 -0.3161 0.7055
vn -0.2424 0.9431 0.2276
vn -0.9930 0.0191 0.1169
vn 0.7946 -0.3430 -0.5009
vn 0.6387 0.7691 -0.0220
vn -0.8773 0.4604 0.1354
vn 0.3070 0.8925 0.3306
vn 0.8242 -0.5646 -0.0444
vn -0.9558 0.1402 0.2585
vn 0.9030 0.3634 -0.2293
vn -0.9507 -0.3100 -0.0014
vn -0.3695 0.7541 0.5430
vn -0.1778 -0.7115 0.6798
vn 0.8633 0.4794 0.1576
vn 0.7144 0.1154 -0.6901
vn -0.7444 0.3729 0.5539
vn 0.8083 -0.4127 0.4198
vn -0.9030 0.3634 -0.2293
vn -0.8523 -0.1442 -0.5027
vn -0.6512 0.3156 -0.6902
vn 0.3775 -0.5573 0.7396
vn -0.7732 0.2800 0.5690
vn 0.0611 0.9981 0.0063
vn 0.4084 0.3644 0.8369
vn -0.7842 -0.6160 -0.0749
vn -0.8757 0.4003 0.2701
vn 0.5091 -0.7702 0.3841
vn 0.8796 -0.4750 -0.0281
vn 0.0874 0.9932 0.0769
vn -0.9912 -0.1323 0.0049
vn -0.0000 0.9361 0.3516
vn 0.9794 -0.0376 0.1984
vn 0.5377 0.1601 0.8278
vn -0.2333 0.9476 -0.2181
vn 0.0251 0.1051 0.9941
vn -0.2532 0.7742 0.5801
vn 0.9181 -0.3958 -0.0185
vn -0.0625 -0.9945 -0.0836
vn 0.6105 0.1182 0.7832
vn 0.6115 -0.7896 -0.0510
vn 0.7814 0.6237 0.0203
vn 0.3330 -0.7927 0.5106
vn 0.9454 0.3259 0.0099
vn -0.1229 0.9719 -0.2008
vn -0.4565 0.2683 -0.8483
vn 0.3637 -0.9067 -0.2138
vn 0.1153 0.7144 -0.6902
vn -0.0908 0.2665 -0.9595
vn -0.9813 -0.1715 0.0877
vn 0.4008 0.2376 0.8848
vn -0.7469 0.6511 0.1348
vn 0.5106 -0.8589 0.0406
vn -0.5711 -0.8121 0.1199
vn -0.6150 -0.7589 -0.2143
vn 0.7144 -0.1153 -0.6902
vn 0.2557 0.0375 0.9660
vn -0.2398 0.5025 0.8306
vn 0.3409 0.3896 -0.8556
vn 0.8253 0.5544 0.1075
vn -0.1425 0.6336 0.7604
vn -0.5918 0.3363 0.7326
vn 0.1604 0.8554 0.4925
vn -0.3833 -0.8891 -0.2502
vn -0.3056 -0.5511 0.7765
vn 0.5242 0.5863 0.6177
vn -0.4084 -0.3644 -0.8369
vn 0.2892 -0.8047 0.5184
vn -0.3748 0.5574 0.7408
vn -0.6120 0.7780 0.1420
vn -0.9967 0.0023 0.0815
vn -0.4147 -0.7825 0.4645
vn 0.0815 -0.0013 0.9967
vn 0.7273 0.0786 -0.6818
vn -0.7369 -0.4083 0.5387
vn 0.2333 0.9476 -0.2181
vn -0.7921 -0.5798 -0.1906
vn 0.3034 -0.6082 0.7335
vn -0.3107 0.2999 0.9020
vn 0.8968 -0.4364 0.0727
vn -0.9813 0.1714 0.0876
vn 0.7830 0.5827 -0.2178
vn -0.4357 -0.5569 0.7071
vn -0.7445 0.3729 0.5538
vn 0.8992 0.4376 -0.0000
vn -0.2557 -0.0375 -0.9660
vn -0.3775 -0.5572 0.7396
vn 0.0098 0.9934 -0.1146
vn -0.2869 -0.3615 0.8871
vn 0.6512 0.3156 0.6902
vn -0.0648 -0.9979 -0.0000
vn -0.4169 -0.2215 0.8815
vn 0.2704 0.2676 0.9248
vn -0.4009 0.2375 0.8848
vn -0.0000 0.9938 -0.1108
vn 0.0649 -0.1295 0.9895
vn -0.2942 -0.4173 0.8598
vn 0.9239 0.0010 0.3827
vn -0.3637 0.9067 0.2138
vn -0.9912 -0.1323 0.0050
vn 0.8983 0.4394 -0.0000
vn 0.1737 0.1219 0.9772
vn 0.0188 0.6732 0.7393
vn -0.1229 0.9719 -0.2009
vn 0.6591 -0.2222 0.7185
vn 0.9894 -0.1451 -0.0015
vn 0.5730 0.1342 0.8085
vn -0.6996 0.1026 -0.7071
vn 0.5112 -0.0567 -0.8576
vn -0.4613 -0.7088 0.5338
vn -0.8968 0.4364 -0.0727
vn -0.2836 0.4689 0.8365
vn -0.8568 0.4899 0.1610
vn -0.8155 0.0292 0.5780
vn 0.3740 0.4138 0.8300
vn -0.9593 -0.1259 -0.2526
vn 0.1260 -0.9564 -0.2635
vn 0.8523 -0.1442 -0.5028
vn -0.5827 -0.7829 -0.2178
vn -0.0924 -0.8796 0.4667
vn -0.5543 0.4219 -0.7175
vn -0.5734 -0.3037 -0.7609
vn 0.8377 -0.4155 -0.3545
vn 0.8594 0.4104 -0.3049
vn 0.0750 -0.8065 -0.5864
vn 0.1190 0.8657 -0.4863
vn -0.0592 0.8029 0.5931
vn 0.7369 0.4082 0.5388
vn 0.1446 -0.9583 -0.2464
vn 0.8649 0.4969 0.0714
vn -0.2424 -0.9431 -0.2276
vn -0.1738 0.5291 0.8306
vn 0.3283 0.3038 0.8944
vn -0.3333 -0.3856 0.8604
vn 0.2158 -0.4070 -0.8876
vn 0.0981 0.3139 0.9444
vn -0.5077 0.8578 -0.0804
vn -0.7946 0.6038 0.0632
vn 0.6281 -0.4599 0.6276
vn -0.7778 -0.3485 0.5231
vn 0.5064 0.8612 0.0425
vn -0.0627 0.9980 -0.0000
vn 0.5733 0.3037 0.7609
vn 0.5543 -0.4219 0.7175
vn -0.1190 -0.8657 0.4863
vn -0.8594 -0.4104 0.3050
vn -0.8377 0.4155 0.3544
vn -0.0750 0.8065 0.5864
vn 0.5298 -0.5540 0.6422
vn 0.6115 -0.7800 -0.1327
vn 0.3859 0.1493 0.9104
vn 0.1849 0.9601 -0.2098
vn 0.9813 0.1715 0.0876
vn -0.2991 0.9195 0.2550
vn 0.7210 0.5178 0.4605
vn -0.1185 0.3284 0.9371
vn -0.2704 0.2677 0.9248
vn -0.0017 0.6432 -0.7657
vn -0.2359 0.8883 -0.3941
vn -0.2398 0.5025 0.8307
vn -0.2942 0.4173 -0.8598
vn -0.2205 -0.6214 0.7518
vn -0.5111 -0.8595 -0.0000
vn 0.4357 -0.5569 0.7071
vn 0.0437 -0.6739 0.7375
vn -0.4253 -0.7204 -0.5478
vn -0.6472 0.0007 0.7623
vn -0.8485 -0.4578 -0.2654
vn -0.5926 -0.6175 0.5173
vn 0.5961 -0.7300 0.3343
vn 0.0374 -0.2435 0.9692
vn 0.3129 -0.6975 0.6447
vn -0.6268 -0.6552 -0.4216
vn 0.5242 -0.5862 -0.6178
vn 0.7490 -0.6625 -0.0129
vn -0.0155 -0.6748 0.7378
vn -0.4041 0.8956 -0.1860
vn -0.3851 -0.3620 0.8489
vn -0.8155 0.0292 0.5781
vn -0.9975 0.0666 0.0219
vn -0.8684 -0.4958 -0.0000
vn 0.7623 -0.0026 0.6472
vn 0.9558 0.1402 0.2585
vn 0.5900 0.7743 0.2289
vn -0.9992 -0.0010 -0.0402
vn -0.2073 -0.9469 -0.2459
vn 0.9845 0.0117 0.1749
vn -0.5903 0.7683 -0.2475
vn -0.8523 0.1441 0.5028
vn 0.9813 -0.1714 0.0876
vn 0.7946 0.6038 0.0631
vn -0.0435 -0.1518 -0.9875
vn 0.0981 0.3140 0.9443
vn 0.3051 -0.1878 0.9336
vn 0.6600 0.2907 0.6927
vn -0.8947 0.4406 0.0737
vn -0.8652 0.1820 -0.4672
vn 0.5064 0.8613 0.0426
vn 0.5693 0.7276 0.3827
vn -0.9212 0.3464 0.1772
vn -0.0000 0.9993 -0.0373
vn 0.5587 -0.1853 0.8084
vn -0.9581 0.1405 -0.2496
vn 0.2942 -0.4174 0.8598
vn -0.8306 0.5157 0.2101
vn 0.6471 -0.0007 -0.7624
vn 0.8799 -0.3953 0.2635
vn 0.8675 -0.4928 -0.0680
vn 0.2869 -0.3615 0.8871
vn -0.5106 -0.8589 0.0407
vn -0.1446 -0.9583 -0.2463
vn 0.4613 0.7088 -0.5337
vn 0.8516 -0.5185 0.0768
vn 0.5093 0.8606 -0.0000
vn 0.6154 0.3011 0.7285
vn -0.5586 -0.1854 0.8084
vn 0.2113 0.7921 0.5727
vn -0.0412 0.6354 0.7711
vn 1.0000 -0.0000 -0.0000
vn 0.6745 -0.2658 0.6888
vn 0.1039 -0.4667 -0.8783
vn -0.6512 -0.3156 -0.6901
vn -0.8983 -0.4394 -0.0000
vn 0.9082 -0.3831 0.1688
vn 0.0017 0.6432 -0.7657
vn -0.3644 0.2925 -0.8841
vn -0.7496 0.4759 -0.4601
vn 0.6205 -0.0306 0.7836
vn -0.5545 0.1960 0.8087
vn 0.0225 -0.9667 0.2550
vn 0.4041 0.8956 -0.1860
vn 0.5918 0.3362 0.7326
vn 0.5193 0.1981 -0.8313
vn 0.2557 -0.0375 0.9660
vn 0.7624 -0.0026 0.6471
vn 0.1445 -0.9583 -0.2464
vn 0.6512 -0.3156 0.6902
vn 0.5561 0.6274 -0.5450
vn -0.0373 -0.2435 0.9692
vn -0.5064 0.8613 0.0426
vn -0.6652 -0.7373 -0.1181
vn -0.5242 0.5863 0.6177
vn 0.3907 -0.9075 0.1539
vn 0.6564 -0.4238 0.6241
vn -0.5058 0.3250 0.7991
vn 0.7881 0.6155 0.0088
vn -0.8660 0.4566 0.2039
vn 0.5824 -0.7943 0.1728
vn 0.3908 -0.9075 0.1540
vn -0.8649 0.4969 0.0713
vn 0.7881 -0.6155 0.0087
vn 0.5242 0.5862 0.6177
vn 0.2106 0.6098 -0.7641
vn 0.7489 0.6625 0.0129
vn -0.2942 -0.4174 0.8598
vn -0.3739 -0.4138 0.8300
vn 0.3044 0.3556 0.8837
vn -0.7496 -0.4759 -0.4599
vn 0.8568 -0.4899 -0.1610
vn 0.4470 -0.7671 0.4603
vn -0.6150 -0.7589 -0.2144
vn 0.5091 0.7702 -0.3841
vn -0.4346 -0.5578 0.7071
vn 0.1460 0.1492 0.9780
vn 0.2176 0.8893 0.4023
vn -0.6115 0.7896 0.0510
vn 0.3748 0.5575 0.7408
vn -0.0752 -0.0023 -0.9972
vn -0.8226 -0.5299 0.2062
vn 0.4406 -0.7940 0.4189
vn -0.2970 -0.8011 0.5196
vn 0.3156 -0.6512 0.6901
vn 0.0321 -0.7899 0.6123
vn 0.6512 0.3156 0.6901
vn -0.8673 0.4929 -0.0702
vn 0.3001 -0.5140 0.8036
vn -0.5545 0.1960 0.8088
vn 0.3099 -0.1516 0.9386
vn -0.8896 0.0017 0.4567
vn -0.0752 -0.0023 0.9972
vn -0.0570 0.8788 0.4738
vn -0.8101 0.2138 0.5459
vn -0.0188 0.6731 0.7393
vn 0.3160 0.8924 0.3222
vn 0.2059 0.7104 -0.6730
vn -0.8978 0.4369 -0.0545
vn -0.7947 -0.3430 0.5008
vn 0.1043 0.9748 -0.1970
vn 0.2225 -0.2989 -0.9280
vn -0.1039 -0.4667 -0.8783
vn 0.3748 0.5574 0.7408
vn 0.6146 0.7888 -0.0000
vn 0.8330 -0.5097 0.2155
vn -0.1778 -0.7115 0.6799
vn -0.3503 0.7445 0.5684
vn 0.3093 -0.3034 0.9013
vn -0.8270 -0.4813 0.2905
vn 0.6651 0.7373 0.1182
vn 0.5827 -0.7830 0.2178
vn -0.1032 -0.9754 0.1950
vn -0.0017 0.6431 0.7657
vn -0.2333 -0.9476 -0.2181
vn 0.7947 0.3430 -0.5009
vn -0.7624 0.0026 -0.6471
vn -0.7601 0.3238 0.5633
vn -0.6004 -0.2937 0.7438
vn -0.4327 0.8565 0.2815
vn 0.3382 -0.2901 0.8952
vn -0.7208 -0.6470 -0.2486
vn -0.0815 0.0013 -0.9967
vn 0.1185 0.3284 0.9371
vn -0.6268 0.6552 -0.4217
vn 0.8101 0.2138 0.5459
vn 0.2942 0.4173 -0.8598
vn 0.1668 -0.0203 0.9858
vn -0.2308 -0.8133 0.5342
vn -0.0976 0.3754 0.9217
vn -0.2308 0.8133 -0.5341
vn -0.7915 0.3331 0.5123
vn -0.2332 -0.9476 0.2181
vn -0.1956 -0.3289 0.9239
vn 0.0734 -0.3830 0.9208
vn 0.2699 -0.5154 0.8134
vn -0.9218 -0.3462 -0.1747
vn -0.8429 -0.3984 0.3616
vn 0.2113 -0.2839 0.9353
vn 0.9322 0.0048 0.3619
vn 0.7144 -0.1153 0.6901
vn 0.9229 0.0067 0.3849
vn 0.5996 0.7264 0.3359
vn -0.1800 -0.9805 -0.0787
vn 0.9242 -0.3605 -0.1262
vn 0.5051 -0.8606 -0.0646
vn -0.5691 0.2227 0.7915
vn -0.9453 -0.3259 0.0099
vn -0.7144 -0.1153 -0.6901
vn -0.3156 -0.6512 -0.6901
vn 0.1032 -0.9754 0.1950
vn -0.7144 0.1153 0.6902
vn 0.5005 0.8225 0.2703
vn 0.6058 -0.5672 0.5579
vn 0.6981 0.3626 -0.6175
vn 0.6963 -0.3646 -0.6183
vn -0.7699 -0.4114 -0.4879
vn -0.7679 0.4162 -0.4870
vn 0.0070 -0.8373 -0.5467
vn 0.0111 0.8385 -0.5448
vn 0.4478 0.5964 0.6662
vn -0.0000 0.3964 0.9181
vn -0.2122 -0.1655 0.9631
vn -0.2331 0.5970 0.7677
vn 0.0727 0.1958 0.9780
vn 0.5074 -0.3242 0.7984
vn 0.5772 -0.7503 -0.3223
vn -0.2204 0.6214 0.7519
vn -0.6371 0.3870 0.6666
vn -0.9762 0.0573 0.2090
vn 0.5926 0.6175 0.5173
vn -0.0552 -0.8789 0.4738
vn 0.5561 -0.6275 0.5450
vn 0.0235 0.9662 -0.2567
vn 0.5971 0.5386 0.5945
vn 0.4734 -0.1586 0.8665
vn -0.6963 0.3646 0.6182
vn -0.6981 -0.3626 0.6174
vn -0.0111 -0.8385 0.5449
vn 0.7678 -0.4162 0.4870
vn 0.7699 0.4114 0.4879
vn -0.0070 0.8373 0.5467
vn 0.1446 0.9583 0.2464
vn 0.1450 -0.8391 0.5244
vn 0.2331 0.5970 0.7677
vn 0.0752 0.0023 -0.9972
vn 0.2065 -0.8985 0.3875
vn -0.6248 0.1182 0.7718
vn 0.7145 0.1153 -0.6901
vn 0.2176 0.8893 -0.4023
vn 0.3601 0.6085 0.7071
vn -0.8652 0.1820 0.4672
vn -0.7886 -0.3050 0.5339
vn -0.0351 0.9985 0.0424
vn -0.4613 -0.7088 0.5337
vn 0.3393 -0.3090 -0.8885
vn -0.6058 0.1257 0.7856
vn 0.1446 0.9583 0.2463
vn 0.0645 0.9944 -0.0836
vn 0.6055 0.7925 0.0725
vn 0.0018 0.6432 0.7657
vn -0.4367 0.7952 0.4207
vn 0.1233 -0.1559 0.9800
vn 0.9218 0.3462 -0.1747
vn 0.6996 0.1026 0.7071
vn -0.1717 0.9527 0.2508
vn 0.1425 0.6337 0.7604
vn -0.0006 -0.8578 0.5139
vn 0.3409 -0.3896 -0.8555
vn -0.0225 -0.9667 0.2550
vn -0.3953 -0.8799 0.2635
vn 0.6154 0.3010 0.7285
vn -0.2224 0.2989 -0.9280
vn 0.7976 0.3234 0.5091
vn 0.0017 -0.6432 0.7657
vn -0.3827 0.0004 0.9239
vn 0.8242 0.5646 0.0444
vn 0.2894 0.1652 0.9428
vn 0.5926 -0.6175 0.5173
vn -0.3775 0.5573 -0.7396
vn -0.3503 0.2623 0.8992
vn 0.0002 -0.5280 0.8493
vn 0.2942 -0.4173 0.8598
vn -0.8012 0.5963 -0.0510
vn -0.6742 -0.7316 0.1010
vn -0.5051 -0.8606 -0.0646
vn 0.1738 -0.5291 0.8306
vn -0.9520 -0.0027 0.3061
vn -0.0815 -0.0012 0.9967
vn 0.1978 -0.4947 -0.8463
vn 0.0570 0.8788 0.4739
vn 0.8652 -0.1821 -0.4671
vn 0.2989 0.2225 -0.9280
vn -0.0752 0.0023 -0.9972
vn -0.7210 -0.5178 0.4605
vn 0.8485 -0.4578 -0.2654
vn 0.5506 0.1417 0.8227
vn -0.1043 0.9748 0.1970
vn 0.9912 -0.1323 0.0050
vn 0.3102 0.1510 0.9386
vn 0.1260 0.9564 0.2635
vn 0.3156 -0.6512 -0.6902
vn -0.1153 -0.7144 0.6901
vn -0.4680 0.8794 -0.0871
vn -0.0648 0.9979 -0.0000
vn 0.2103 -0.4250 0.8804
vn 0.3931 -0.9118 -0.1186
vn 0.2205 -0.6214 -0.7518
vn -0.3426 0.5592 0.7550
vn -0.5996 0.7264 0.3359
vn -0.1155 -0.0624 0.9913
vn 0.3953 0.8799 0.2635
vn 0.0552 -0.8789 0.4738
vn -0.8633 -0.4794 -0.1576
vn -0.7830 -0.5827 0.2178
vn 0.7778 0.6282 0.0202
vn -0.6281 -0.4600 0.6276
vn -0.6472 0.0007 0.7624
vn 0.9558 -0.1402 -0.2585
vn 0.8684 0.4958 -0.0000
vn 0.0205 0.3152 0.9488
vn -0.5505 0.8316 0.0729
vn -0.9790 0.1368 0.1510
vn -0.6392 0.5856 -0.4985
vn 0.2176 -0.8893 0.4023
vn -0.5780 0.0527 0.8144
vn -0.0017 -0.6432 -0.7657
vn -0.8527 0.4749 -0.2177
vn -0.8695 0.4940 -0.0000
vn -0.2176 -0.8892 -0.4023
vn -0.2727 -0.1095 0.9558
vn -0.8523 0.1442 -0.5027
vn -0.6105 -0.5598 0.5603
vn -0.0713 0.3782 0.9230
vn -0.5092 0.7702 -0.3841
vn -0.0000 -0.3930 0.9195
vn -0.2664 -0.6712 0.6917
vn -0.1257 -0.8307 0.5423
vn 0.0824 -0.9626 -0.2582
vn -0.2580 0.9574 -0.1296
vn 0.3774 -0.5572 0.7396
vn 0.0611 -0.9981 -0.0063
vn 0.6484 -0.3392 0.6816
vn -0.7497 0.4759 0.4600
vn 0.2839 0.2112 -0.9353
vn 0.9993 0.0091 -0.0363
vn -0.6295 0.5970 -0.4973
vn 0.6139 -0.4966 0.6137
vn -0.9370 0.0454 -0.3464
vn -0.6204 -0.0306 0.7837
vn -0.2953 0.0613 0.9534
vn 0.6114 -0.7897 -0.0510
vn 0.7489 -0.6625 -0.0129
vn 0.2072 -0.9469 -0.2459
vn -0.2942 0.4174 -0.8598
vn -0.8527 -0.4749 0.2177
vn 0.4927 0.5554 0.6699
vn -0.6146 -0.7888 -0.0000
vn 0.0815 0.0013 -0.9967
vn 0.4613 -0.7088 0.5338
vn 0.2610 0.3491 0.9000
vn -0.6153 -0.7868 0.0493
vn 0.1742 -0.1781 -0.9685
vn -0.4104 0.0602 -0.9099
vn 0.4157 -0.6099 0.6747
vn -0.1233 -0.1560 0.9800
vn 0.4710 0.2643 0.8416
vn -0.9762 0.0573 0.2089
vn 0.1717 0.9527 0.2508
vn 0.1432 -0.7770 -0.6130
vn -0.8330 -0.5097 0.2155
vn -0.0129 0.0898 0.9959
vn -0.8186 0.4775 -0.3191
vn -0.4867 -0.0649 0.8711
vn 0.9218 -0.3462 -0.1747
vn 0.8992 -0.4376 -0.0000
vn 0.7838 -0.0576 0.6183
vn -0.6321 -0.5825 0.5111
vn -0.4070 0.7294 0.5498
vn 0.0924 -0.8796 0.4667
vn 0.8021 0.3090 -0.5111
vn -0.7947 0.3430 -0.5008
vn -0.2352 -0.3019 0.9239
vn 0.1432 0.7770 0.6130
vn 0.1044 -0.9748 -0.1970
vn -0.5827 -0.7830 0.2178
vn -0.0727 -0.1957 0.9780
vn 0.7144 -0.1153 -0.6901
vn -0.6652 -0.7373 0.1181
vn 0.3614 -0.6078 -0.7071
vn -0.1153 0.7144 -0.6902
vn 0.7921 0.5798 0.1906
vn -1.0000 -0.0000 -0.0000
vn 0.7814 -0.6237 0.0203
vn -0.3129 -0.6975 0.6447
vn 0.3397 -0.4664 -0.8168
vn -0.9212 -0.3464 0.1771
vn 0.7469 -0.6512 -0.1348
vn -0.7273 0.0786 -0.6818
vn -0.1258 -0.8307 0.5423
vn 0.8270 -0.4813 0.2904
vn -0.2008 0.0654 0.9774
vn -0.4186 -0.6064 -0.6760
vn -0.3601 0.6085 0.7071
vn -0.0645 0.9944 -0.0836
vn -0.5131 0.8371 0.1899
vn -0.6745 -0.2658 0.6888
vn -0.6802 0.1786 -0.7110
vn -0.0418 -0.9718 -0.2322
vn -0.9375 -0.0848 0.3374
vn -0.3333 -0.3855 0.8604
vn 0.1153 -0.7145 -0.6901
vn -0.1978 0.4947 0.8463
vn 0.0001 -0.9985 -0.0555
vn -0.0198 -0.3153 0.9488
vn 0.2418 0.9435 0.2266
vn 0.7972 -0.3572 0.4868
vn 0.9967 -0.0023 -0.0815
vn -0.9993 -0.0091 0.0363
vn -0.2072 0.9469 0.2459
vn 0.2580 0.9574 -0.1296
vn 0.1153 0.7144 0.6901
vn 0.6152 0.7862 -0.0583
vn 0.2979 -0.1857 -0.9363
vn 0.1778 -0.7115 0.6798
vn -0.4256 -0.0093 0.9049
vn 0.0017 -0.6432 -0.7657
vn -0.5926 0.6175 0.5173
vn -0.1849 -0.9601 0.2098
vn 0.4157 0.6099 -0.6747
vn 0.1377 -0.6574 0.7408
vn -0.3156 -0.6512 0.6901
vn -0.4261 -0.2699 0.8635
vn -0.6292 -0.5351 -0.5637
vn -0.0016 0.6432 0.7657
vn 0.4608 -0.1039 0.8814
vn 0.7624 0.0026 -0.6471
vn -0.8947 -0.4406 -0.0737
vn 0.4470 0.7671 0.4603
vn -0.0000 -0.9985 -0.0557
vn 0.3644 0.2926 -0.8841
vn -0.5601 -0.1892 -0.8065
vn 0.2953 -0.0613 0.9534
vn 0.7496 -0.4759 0.4600
vn -0.0000 -0.9888 -0.1489
vn -0.9218 0.3462 -0.1747
vn 0.8761 0.4209 -0.2350
vn 0.6105 0.5598 -0.5604
vn 0.8896 0.0017 0.4567
vn -0.2964 0.3593 0.8849
vn 0.1148 0.4713 0.8745
vn -0.5298 -0.5540 0.6422
vn -0.5406 -0.6692 -0.5098
vn -0.2334 -0.9476 -0.2181
vn -0.8685 0.4958 -0.0000
vn 0.8652 0.1821 0.4672
vn -0.8652 0.1821 -0.4672
vn 0.7396 -0.4415 0.5080
vn 0.6292 0.5352 0.5637
vn -0.6981 0.3626 -0.6174
vn -0.6963 -0.3646 -0.6182
vn 0.7699 -0.4114 -0.4879
vn 0.7679 0.4162 -0.4870
vn -0.0070 -0.8373 -0.5467
vn -0.0111 0.8385 -0.5448
vn 0.0660 0.9978 -0.0040
vn 0.6153 0.7868 -0.0493
vn -0.9182 -0.3958 -0.0185
vn 0.3278 -0.8317 0.4480
vn -0.0351 0.9985 0.0423
vn -0.5319 0.2602 0.8058
vn -0.5900 0.7743 0.2289
vn 0.6802 -0.1786 0.7109
vn -0.8665 0.4946 -0.0680
vn 0.8252 -0.5545 -0.1075
vn 0.5545 -0.1960 -0.8088
vn -0.7842 0.5895 0.1937
vn 0.0046 0.8925 -0.4510
vn 0.6963 0.3646 0.6182
vn 0.6981 -0.3626 0.6174
vn 0.0111 -0.8385 0.5448
vn -0.7679 -0.4162 0.4870
vn -0.7699 0.4114 0.4879
vn 0.0070 0.8373 0.5467
vn 0.5903 0.7683 -0.2474
vn -0.6472 -0.0007 -0.7624
vn -0.0204 0.3152 0.9488
vn -0.6512 -0.3156 0.6901
vn -0.1048 0.6344 0.7659
vn -0.3279 -0.1010 0.9393
vn 0.1949 0.3293 0.9239
vn -0.8523 -0.1442 -0.5028
vn -0.0198 -0.3152 0.9488
vn 0.4867 -0.0649 0.8712
vn 0.2032 -0.9597 0.1943
vn 0.6136 -0.7875 -0.0583
vn 0.4893 -0.8285 -0.2723
vn 0.7210 -0.5178 0.4605
vn 0.1119 -0.9617 -0.2502
vn 0.7972 0.3572 0.4867
vn -0.2065 -0.8985 0.3875
vn -0.5106 -0.8589 0.0406
vn -0.3409 0.3896 -0.8555
vn -0.6295 -0.5970 -0.4973
vn 0.0625 -0.9945 -0.0836
vn -0.2733 0.0503 -0.9606
vn 0.5242 -0.5863 -0.6177
vn 0.3151 -0.3173 0.8945
vn 0.6471 0.0007 0.7624
vn -0.2989 0.2225 -0.9280
vn -0.5111 0.8595 -0.0000
vn 0.7830 0.5827 0.2178
vn -0.1533 -0.5867 0.7952
vn -0.0825 -0.9626 -0.2582
vn -0.1367 0.0469 0.9895
vn 0.8891 -0.3833 0.2502
vn -0.9082 -0.3831 0.1688
vn -0.5094 -0.8568 -0.0804
vn -0.0555 -0.0012 -0.9985
vn -0.9507 0.3101 -0.0014
vn -0.2557 0.0375 -0.9660
vn 0.3827 -0.0004 0.9239
vn -0.7071 0.0007 -0.7071
vn -0.7210 0.5178 0.4605
vn 0.5543 0.1653 0.8157
vn 0.1118 0.9617 -0.2502
vn -0.2205 0.6214 -0.7518
vn -0.6400 -0.6888 0.3405
vn 0.5711 0.8121 -0.1199
vn 0.9993 0.0091 -0.0361
vn 0.7946 -0.6038 0.0631
vn 0.9835 -0.1722 0.0548
vn 0.5111 0.8595 -0.0000
vn 0.7152 0.4138 0.5632
vn 0.7770 0.4435 0.4467
vn 0.8527 0.4749 -0.2177
vn -0.2106 0.6099 -0.7640
vn -0.6105 -0.5598 0.5604
vn 0.2728 -0.1094 0.9558
vn 0.5406 0.6693 0.5098
vn -0.7777 0.6283 0.0202
vn 0.9507 -0.3101 -0.0014
vn 0.4346 -0.5578 0.7071
vn -0.0098 0.9934 -0.1146
vn -0.6118 0.7798 -0.1326
vn 0.3382 0.2901 -0.8953
vn 0.1155 -0.0624 0.9913
vn 0.5106 0.8589 -0.0406
vn 0.8306 0.5157 0.2101
vn 0.7496 0.4759 -0.4600
vn 0.7886 -0.3050 0.5339
vn -0.0156 -0.6748 0.7378
vn 0.6118 -0.7798 -0.1326
vn -0.0435 0.1518 -0.9875
vn -0.6737 -0.1853 0.7154
vn -0.1038 0.4666 -0.8784
vn -0.6115 -0.7896 -0.0510
vn 0.2273 0.4985 0.8366
vn -0.8684 0.4958 -0.0000
vn 0.6802 -0.1786 0.7110
vn -0.4927 0.5554 0.6699
vn -0.5131 0.8371 0.1898
vn -0.0374 -0.2436 0.9692
vn -0.2544 0.9649 -0.0649
vn -0.1050 -0.9751 0.1952
vn -0.9030 -0.3634 0.2293
vn 0.6513 0.3156 -0.6901
vn 0.8155 -0.0292 -0.5781
vn 0.2990 -0.2225 -0.9280
vn 0.1126 0.7486 0.6533
vn 0.3382 -0.2901 -0.8952
vn 0.9814 -0.1715 -0.0866
vn 0.2359 -0.8883 0.3941
vn 0.6996 -0.1026 -0.7071
vn 0.2333 -0.9476 -0.2181
vn 0.5064 -0.8612 -0.0425
vn 0.6139 -0.4966 0.6136
vn 0.9845 -0.0117 -0.1749
vn 0.8242 -0.5646 -0.0443
vn -0.3409 -0.3897 0.8555
vn -0.9894 -0.1451 -0.0015
vn -0.6601 0.2907 0.6927
vn -0.4867 -0.0649 0.8712
vn -0.5064 0.8612 0.0425
vn 0.3156 0.6512 -0.6902
vn 0.2733 0.0503 -0.9606
vn -0.1153 0.7145 -0.6901
vn 0.4186 0.6064 0.6761
vn -1.0000 -0.0010 -0.0000
vn 0.3331 -0.7927 0.5106
vn 0.6296 0.5970 0.4973
vn 0.9239 -0.0010 0.3827
vn -0.0399 -0.6355 0.7711
vn -0.5112 0.0567 -0.8576
vn 0.3448 -0.2756 0.8973
vn -0.2418 0.9435 0.2266
vn 0.9835 0.1722 0.0548
vn -0.5242 -0.5863 -0.6176
vn 0.5691 0.2227 0.7916
vn 0.0198 -0.3153 0.9488
vn -0.6154 0.3011 0.7285
vn -0.7144 0.1153 0.6901
vn 0.0752 -0.0023 -0.9972
vn -0.4565 0.2683 0.8483
vn 0.1050 -0.9751 0.1952
vn 0.8978 0.4369 -0.0545
vn -0.4564 -0.2682 0.8484
vn -0.5827 -0.7830 -0.2177
vn -0.3056 0.5511 -0.7765
vn 0.2096 -0.9645 0.1606
vn -0.2113 0.2839 0.9353
vn -0.6512 0.3156 0.6901
vn 0.6268 -0.6552 -0.4217
vn -0.5505 -0.8316 0.0729
vn -0.2205 0.6214 0.7518
vn -0.0046 -0.4510 -0.8925
vn -0.0001 -0.3923 0.9198
vn 0.7369 -0.4083 0.5388
vn 0.7469 -0.6511 -0.1348
vn 0.2580 -0.9574 0.1297
vn 0.3767 -0.9207 0.1016
vn -0.1949 0.3293 0.9239
vn 0.5538 0.6079 0.5690
vn 0.9564 -0.1260 0.2635
vn 0.4680 -0.8794 0.0871
vn -0.7396 -0.4415 0.5080
vn 0.2138 0.2169 0.9525
vn 1.0000 -0.0010 -0.0000
vn 0.8448 0.3935 0.3625
vn -0.2204 0.6213 -0.7520
vn -0.0967 0.8780 0.4687
vn 0.8429 -0.3984 0.3616
vn -0.6291 0.2495 -0.7362
vn -0.0559 0.6966 -0.7153
vn 0.8506 -0.4016 -0.3394
vn 0.1983 -0.9103 -0.3632
vn 0.7234 0.4595 -0.5153
vn -0.5973 -0.5708 -0.5634
vn -0.6118 -0.7798 -0.1326
vn 0.0582 -0.5859 0.8083
vn 0.8429 -0.3984 0.3617
vn -0.4658 0.3124 0.8279
vn 0.9593 -0.1259 -0.2526
vn -0.2839 -0.2113 0.9353
vn -0.4253 0.7204 -0.5479
vn -0.1038 0.4667 -0.8783
vn -0.4157 -0.6099 0.6747
vn -0.1446 -0.9583 -0.2464
vn -0.8083 -0.4128 0.4198
vn 0.3833 -0.8891 -0.2502
vn -0.2979 -0.1857 -0.9363
vn 0.0660 0.9978 -0.0041
vn 0.7778 -0.3485 0.5231
vn 0.0559 -0.6966 0.7153
vn 0.6291 -0.2494 0.7362
vn 0.5974 0.5708 0.5633
vn -0.1983 0.9104 0.3632
vn -0.8506 0.4015 0.3395
vn -0.7234 -0.4595 0.5153
vn -0.5780 0.0526 0.8144
vn -0.9454 0.3259 0.0098
vn -0.0611 0.9981 0.0063
vn -0.5320 0.2602 0.8058
vn 0.4680 0.8794 -0.0871
vn -0.1153 -0.7144 -0.6901
vn -0.9813 0.1715 -0.0876
vn -0.5759 0.7734 -0.2650
vn -0.6146 0.7888 -0.0000
vn -0.6150 0.7589 0.2144
vn -0.1201 -0.3298 0.9364
vn 0.4443 0.8511 0.2797
vn 0.8660 0.4566 0.2039
vn -0.3614 0.6078 0.7071
vn -0.4900 -0.5593 0.6687
vn 0.7444 0.3729 0.5539
vn -0.6162 -0.7876 -0.0000
vn 0.5496 0.8346 0.0369
vn 0.9790 0.1368 0.1510
vn 0.6565 -0.4237 0.6241
vn -0.1119 0.9617 -0.2503
vn 0.3775 -0.5572 0.7396
vn 0.0752 -0.0023 0.9972
vn -0.7374 0.4440 0.5090
vn 0.6472 -0.0007 -0.7623
vn 0.0874 -0.9932 -0.0769
vn 0.3151 -0.3173 0.8944
vn 0.0713 0.3782 0.9230
vn -0.5693 0.7276 0.3827
vn 0.8012 0.5962 -0.0510
vn -0.2106 -0.6098 0.7641
vn -0.5377 0.1601 0.8278
vn -0.9984 -0.0544 -0.0179
vn -0.2113 -0.2838 -0.9353
vn 0.3614 0.6078 0.7071
vn 0.0015 0.6432 0.7657
vn 0.7245 -0.6641 0.1846
vn -0.8799 -0.3953 -0.2635
vn -0.8252 -0.5545 -0.1075
vn -0.8675 -0.4928 -0.0680
vn -0.0351 -0.9985 -0.0423
vn 0.6004 -0.2937 0.7438
vn 0.2991 0.9195 0.2550
vn 0.2307 0.8133 -0.5342
vn 0.4867 -0.2938 0.8227
vn 0.6248 0.1182 -0.7718
vn 0.4565 -0.2683 -0.8483
vn -0.4469 0.7670 0.4604
vn -0.5093 -0.8606 -0.0000
vn -0.6281 -0.4599 0.6277
vn -0.8306 -0.5157 0.2101
vn 0.4256 -0.0094 0.9049
vn 0.4357 0.5569 0.7071
vn 0.7423 0.3778 0.5534
vn -0.3056 -0.5510 0.7765
vn 0.6600 0.2908 0.6927
vn -0.8242 0.5646 0.0444
vn 0.0625 -0.9945 -0.0835
vn -0.8660 0.4566 0.2038
vn 0.9813 0.1714 0.0877
vn -0.3448 -0.2756 0.8973
vn -0.6600 0.2908 0.6927
vn -0.8981 0.4171 0.1394
vn -0.3034 -0.6082 0.7335
vn 0.8021 0.3090 -0.5110
vn -0.3896 -0.5251 0.7566
vn -0.6484 -0.3391 0.6816
vn 0.8969 -0.4388 -0.0545
vn -0.8761 -0.4209 0.2350
vn -0.6292 0.5351 -0.5637
vn -0.6371 0.3871 0.6665
vn 0.8947 -0.4406 -0.0737
vn 0.5827 0.7830 -0.2177
vn 0.5507 0.1166 0.8265
vn 0.4357 0.5569 -0.7071
vn -0.8415 -0.3926 -0.3712
vn -0.9845 0.0117 0.1749
vn -0.3409 -0.3896 0.8556
vn 0.0826 0.9625 -0.2582
vn -0.1147 -0.9907 -0.0729
vn 0.3304 -0.1050 0.9380
vn -0.3614 -0.6078 0.7071
vn 0.8968 0.4364 -0.0728
vn -0.1020 0.9925 -0.0676
vn -0.0727 0.1957 0.9780
vn 0.5586 -0.1853 0.8084
vn 0.6146 -0.7888 -0.0000
vn 0.8673 0.4929 -0.0702
vn 0.0627 0.9980 -0.0000
vn -0.8884 0.3830 -0.2529
vn 0.3637 0.9066 0.2138
vn 0.9993 0.0010 -0.0383
vn 0.5362 0.8125 -0.2288
vn 0.2157 -0.4069 0.8876
vn -0.0649 -0.1295 0.9895
vn 0.1229 -0.9719 0.2008
vn 0.6322 0.7310 0.2569
vn -0.2073 0.9469 0.2459
vn 0.1978 0.4947 0.8462
vn -0.3393 -0.3089 0.8885
vn 0.4477 0.5964 0.6662
vn -0.8874 0.4072 0.2161
vn 0.1050 0.9751 0.1952
vn 0.3056 0.5510 -0.7765
vn 0.1017 -0.6366 0.7645
vn 0.6392 0.5856 -0.4985
vn 0.5696 0.3252 0.7548
vn -0.8253 0.5544 0.1075
vn 0.1849 -0.9601 0.2098
vn 0.1228 0.9719 -0.2008
vn 0.1776 0.3470 -0.9209
vn -0.3748 -0.5574 -0.7408
vn 0.1260 -0.9569 0.2615
vn 0.9835 0.1721 0.0548
vn -0.1631 -0.0183 0.9864
vn 0.6997 0.1026 -0.7071
vn -0.6247 0.1182 -0.7718
vn 0.7830 -0.5827 -0.2178
vn 0.3740 -0.4138 0.8300
vn -0.8828 0.3961 -0.2526
vn -0.0713 0.3783 0.9229
vn -0.7910 0.6116 0.0170
vn 0.8695 0.4940 -0.0000
vn 0.5865 0.7811 -0.2141
vn -0.1126 0.7486 0.6533
vn 0.9564 0.1260 0.2634
vn -0.6321 0.5825 0.5110
vn 0.0321 -0.7900 0.6123
vn -0.3953 0.8799 0.2635
vn 0.9790 0.1368 0.1509
vn 0.3393 0.3089 0.8885
vn -0.8193 0.1177 0.5611
vn 0.5317 -0.0780 0.8434
vn -0.4071 -0.7293 -0.5499
vn -0.6400 -0.6888 0.3406
vn -0.0645 0.9944 -0.0835
vn 0.7144 0.1154 0.6901
vn -0.9501 0.3120 0.0017
vn -0.3103 0.1510 0.9386
vn 0.6371 0.3870 0.6666
vn -0.7838 -0.0576 0.6183
vn 0.1229 0.9719 -0.2008
vn 0.0751 0.0022 0.9972
vn -0.5971 0.5386 0.5945
vn 0.3953 0.8799 -0.2635
vn -0.8891 0.3833 0.2502
vn 0.2989 0.2224 0.9280
vn 0.5770 0.6678 0.4702
vn 0.6321 -0.5824 0.5111
vn 0.3953 -0.8799 -0.2635
vn -0.1260 -0.9569 0.2615
vn 0.8527 -0.4749 0.2177
vn -0.2358 0.3014 0.9239
vn 0.4900 -0.5593 0.6687
vn -0.2580 0.9574 -0.1297
vn 0.6651 -0.7373 0.1180
vn -0.2378 0.9104 0.3385
vn 0.8799 -0.3953 -0.2635
vn 0.2424 0.9431 0.2276
vn 0.5561 0.6275 -0.5451
vn -0.7842 0.6160 -0.0749
vn 0.1367 0.0467 0.9895
vn -0.9813 -0.1714 0.0876
vn 0.6160 -0.2998 0.7284
vn -0.5539 0.6079 0.5690
vn 0.7238 -0.2097 -0.6574
vn 0.1510 -0.6490 -0.7457
vn -0.7933 0.4350 -0.4260
vn -0.1414 0.9349 -0.3256
vn -0.6474 -0.4144 -0.6396
vn 0.6726 0.5978 -0.4362
vn -0.0321 -0.7900 0.6123
vn -0.4470 -0.7670 0.4603
vn -0.9014 -0.2154 0.3755
vn -0.0130 0.0897 0.9959
vn -0.4282 0.5126 0.7442
vn -0.5112 -0.0568 -0.8576
vn -0.2839 -0.2113 -0.9353
vn -0.9967 -0.0023 -0.0814
vn 0.9014 -0.2154 0.3755
vn -0.6154 0.3010 0.7285
vn 0.9520 -0.0027 0.3062
vn -0.6591 -0.2221 0.7185
vn -0.8652 -0.1840 0.4664
vn -0.0509 -0.5030 0.8628
vn 0.3748 -0.5574 -0.7408
vn -0.9835 0.1721 0.0548
vn -0.1510 0.6490 0.7456
vn -0.7238 0.2098 0.6574
vn -0.6726 -0.5978 0.4362
vn 0.1414 -0.9349 0.3256
vn 0.7933 -0.4350 0.4260
vn 0.6474 0.4144 0.6397
vn 0.3736 -0.9222 -0.0999
vn -0.5962 -0.8012 -0.0510
vn 0.6652 0.7373 -0.1181
vn -0.1017 -0.6366 0.7645
vn -0.2176 0.8893 -0.4023
vn -0.2225 -0.2990 -0.9280
vn 0.1020 0.9925 -0.0676
vn -0.5772 -0.7503 -0.3223
vn -0.2580 -0.9574 0.1297
vn 0.4169 -0.2215 0.8815
vn 0.2008 0.0654 0.9774
vn 0.4170 -0.2215 0.8815
vn 0.5260 0.7629 -0.3759
vn -0.8012 0.5962 -0.0510
vn 0.3775 0.5572 -0.7396
vn 0.8226 0.5299 -0.2062
vn -0.0001 -0.9660 0.2585
vn -0.5561 0.6274 -0.5450
vn -0.2158 0.4070 -0.8876
vn -0.4469 -0.7670 0.4604
vn 0.5900 -0.7743 0.2289
vn -0.2004 -0.4367 0.8770
vn -0.8649 -0.4969 -0.0713
vn 0.0435 -0.1518 -0.9875
vn 0.3393 -0.3089 0.8885
vn -0.0000 -0.8931 -0.4499
vn -0.2103 0.4249 0.8805
vn -0.7469 -0.6511 -0.1348
vn 0.8522 -0.1442 0.5029
vn 0.1147 0.9863 -0.1186
vn 0.6512 -0.3156 0.6901
vn -0.5091 -0.7702 0.3841
vn 0.3900 -0.9140 0.1115
vn 0.1956 -0.3289 0.9239
vn 0.8673 -0.4929 0.0702
vn 0.2839 -0.2113 -0.9353
vn 0.0659 0.9978 -0.0041
vn 0.2104 0.4249 -0.8804
vn -0.4867 -0.2938 0.8227
vn -0.7144 -0.1153 -0.6902
vn -0.4071 0.7294 -0.5498
vn 0.5112 -0.0568 -0.8576
vn -0.1260 0.9564 0.2635
vn 0.2893 -0.8047 0.5184
vn -0.7861 -0.5798 -0.2141
vn 0.0156 -0.6748 0.7378
vn 0.8101 0.2137 0.5459
vn -0.8252 0.5545 0.1075
vn -0.3061 -0.0003 0.9520
vn -0.0582 -0.5859 0.8083
vn 0.6010 0.2925 0.7438
vn -0.4567 -0.0021 0.8896
vn 0.4733 -0.1586 0.8665
vn 0.8252 0.5544 0.1076
vn 0.9581 0.1405 -0.2496
vn -0.9564 0.1260 -0.2634
vn -0.3736 0.9222 -0.0999
vn -0.6055 0.7925 0.0725
vn -0.1066 -0.5552 0.8248
vn -0.2961 -0.0558 0.9535
vn 0.1127 0.7486 0.6534
vn 0.8828 0.3961 -0.2526
vn -0.3954 0.8799 -0.2634
vn 0.4012 -0.6214 -0.6730
vn 0.4330 -0.1755 -0.8841
vn -0.6321 -0.5825 -0.5110
vn 0.3503 0.7445 0.5684
vn 0.2104 -0.4249 -0.8804
vn -0.0017 -0.6431 -0.7657
vn 0.5193 -0.1981 -0.8313
vn -0.6150 0.7588 0.2144
vn -0.8981 -0.4171 -0.1394
vn -0.5005 -0.8225 -0.2703
vn 0.0554 0.0012 0.9985
vn -0.3953 -0.8799 -0.2634
vn -0.5696 0.3252 0.7548
vn -0.3601 -0.6085 0.7071
vn 0.7624 -0.0026 0.6472
vn 0.5536 0.3009 0.7765
vn 0.6248 0.1182 0.7718
vn 0.5091 -0.7702 -0.3841
vn 0.8652 -0.1820 0.4672
vn 0.9931 0.1155 -0.0185
vn 0.7071 -0.0007 -0.7071
vn -0.6392 -0.5856 -0.4985
vn 0.6990 -0.6836 -0.2099
vn 0.9610 -0.1118 -0.2529
vn -0.4261 0.2699 0.8635
vn 0.4792 0.1051 0.8714
vn -0.4012 -0.9027 0.1555
vn 0.4468 -0.6024 0.6615
vn 0.6321 0.5825 -0.5110
vn -0.8799 0.3953 0.2635
vn 0.0423 0.6740 0.7375
vn 0.3409 -0.3896 0.8556
vn -0.9610 -0.1118 -0.2529
vn 0.2989 -0.2224 0.9280
vn -0.2072 -0.9469 -0.2459
vn -0.8799 -0.3953 0.2635
vn 0.3739 0.4138 0.8300
vn -0.0570 0.8788 0.4739
vn 0.5881 0.1084 0.8015
vn -0.8673 -0.4928 0.0702
vn -0.3868 0.4586 0.8000
vn -0.7071 -0.0007 -0.7071
vn -0.6512 -0.3156 0.6902
vn -0.3449 -0.3725 0.8616
vn -0.5770 0.6678 0.4703
vn -0.0554 0.0012 -0.9985
vn 0.6150 0.7588 0.2144
vn -0.4330 -0.1755 -0.8841
vn 0.8684 -0.4958 -0.0000
vn -0.6357 -0.2754 0.7211
vn -0.5824 -0.7943 0.1728
vn -0.3397 -0.4664 -0.8168
vn 0.1044 -0.9748 0.1970
vn 0.4787 -0.6417 0.5993
vn 0.5962 -0.8012 -0.0510
vn -0.9931 0.1155 -0.0185
vn 0.8799 0.3953 0.2635
vn 0.1873 -0.9800 -0.0676
vn 0.7208 0.6470 -0.2486
vn 0.3695 0.7541 0.5430
vn -0.2106 0.6097 -0.7641
vn -0.5091 -0.7702 -0.3841
vn 0.5758 -0.7734 -0.2650
vn -0.7369 0.4082 0.5388
vn -0.5730 -0.1342 -0.8085
vn 0.1260 0.9564 -0.2635
vn 0.6248 -0.1183 -0.7718
vn 0.0648 0.9979 -0.0000
vn 0.9212 0.3464 0.1772
vn -0.0059 -0.9972 0.0751
vn 0.2839 0.2113 0.9353
vn -0.6484 -0.3392 0.6816
vn -0.1432 -0.7770 -0.6130
vn -0.1450 -0.8391 0.5244
vn -0.7881 0.6155 0.0087
vn 0.4469 0.7670 0.4603
vn 0.3767 0.9207 -0.1016
vn -0.7814 -0.6237 0.0202
vn -0.3051 -0.1878 0.9336
vn -0.4722 -0.7941 0.3827
vn -0.2113 0.2840 -0.9353
vn -0.3503 0.7444 0.5684
vn 0.7497 -0.4758 -0.4600
vn -0.8516 -0.5185 0.0768
vn -0.8379 0.1945 0.5101
vn 0.6592 -0.2221 0.7185
vn 0.6295 -0.5970 -0.4973
vn -0.3852 -0.1532 0.9100
vn -0.8378 0.1945 0.5101
vn 0.9455 -0.3256 -0.0080
vn 0.0627 -0.9980 -0.0000
vn -0.0555 0.0012 0.9985
vn 0.8649 -0.4969 -0.0713
vn -0.6471 0.0007 0.7624
vn -0.3748 0.5575 0.7408
vn -0.0981 0.3140 0.9443
vn 0.8695 -0.4940 -0.0000
vn 0.1119 0.9617 0.2502
vn -0.0647 -0.9979 -0.0000
vn -0.2273 0.4985 0.8366
vn -0.3775 -0.5573 0.7396
vn -0.6162 0.7876 -0.0000
vn -0.8330 0.5097 0.2155
vn -0.1032 0.9754 0.1950
vn -0.0660 -0.9978 0.0041
vn -0.1737 0.1220 0.9772
vn 0.6802 0.1786 -0.7109
vn -1.0000 0.0010 -0.0000
vn -0.6094 0.1157 0.7844
vn -0.3382 0.2901 -0.8953
vn 0.5058 0.3249 0.7991
vn -0.3931 -0.9118 -0.1186
vn -0.5912 -0.3375 0.7326
vn 0.6990 0.6836 -0.2099
vn -0.8673 -0.4929 0.0702
vn 0.5260 -0.7628 -0.3760
vn -0.5543 0.1653 0.8157
vn 0.0374 -0.2434 0.9692
vn 0.9912 0.1323 -0.0050
vn -0.9993 0.0010 -0.0383
vn 0.6291 0.2494 -0.7362
vn 0.0559 0.6966 -0.7153
vn -0.8506 -0.4015 -0.3395
vn -0.1983 -0.9103 -0.3632
vn -0.7234 0.4595 -0.5153
vn 0.5973 -0.5708 -0.5634
vn -0.8968 -0.4364 0.0727
vn 0.3637 0.9067 0.2138
vn -0.8485 0.4578 0.2654
vn 0.9790 -0.1368 -0.1510
vn 0.3107 0.2999 0.9020
vn -0.4470 0.7670 0.4603
vn 0.1229 -0.9719 0.2009
vn 0.7469 0.6512 0.1348
vn 0.0826 0.9626 -0.2582
vn 0.9617 0.1119 -0.2503
vn 0.1032 0.9754 0.1950
vn -0.0559 -0.6965 0.7154
vn -0.6291 -0.2494 0.7362
vn -0.5974 0.5708 0.5633
vn 0.1983 0.9104 0.3632
vn 0.8506 0.4015 0.3395
vn 0.7235 -0.4595 0.5153
vn -0.6248 -0.1182 0.7718
vn -0.0752 0.0023 0.9972
vn 0.9501 -0.3120 0.0017
vn -0.9564 -0.1260 0.2635
vn 0.1737 0.1220 0.9772
vn -0.2727 -0.1094 0.9558
vn -0.6124 0.7610 0.2141
vn 0.8523 -0.1442 0.5028
vn -0.1737 0.1221 0.9772
vn -0.9558 -0.1402 0.2584
vn -0.6742 0.7316 0.1012
vn 0.4104 0.0602 -0.9099
vn 0.2225 -0.2989 0.9280
vn 0.9564 0.1260 -0.2635
vn 0.6104 0.5598 -0.5604
vn -0.3739 0.4138 0.8300
vn -0.8757 -0.4003 -0.2700
vn -0.9912 0.1323 -0.0050
vn 0.7947 0.3430 0.5008
vn -0.4405 -0.7940 0.4189
vn -0.8891 -0.3832 -0.2503
vn -0.7881 -0.6155 0.0088
vn -0.8523 0.1442 -0.5028
vn 0.5780 0.0526 0.8143
vn 0.3396 -0.4664 -0.8168
vn -0.8732 0.0062 -0.4874
vn 0.8660 0.4566 0.2038
vn -0.3736 -0.9222 -0.0999
vn 0.6652 -0.7373 -0.1181
vn -0.1738 -0.5291 0.8306
vn -0.3761 -0.9195 0.1147
vn 0.3948 0.9159 -0.0729
vn -0.6094 -0.1157 -0.7844
vn 0.4867 0.0649 -0.8712
vn 0.5131 0.8371 0.1898
vn 0.8155 0.0292 0.5781
vn 0.1800 -0.9805 -0.0787
vn -0.9239 -0.0010 0.3827
vn 0.3156 0.6512 -0.6901
vn -0.2204 -0.6214 -0.7518
vn 0.4282 0.5126 0.7442
vn 0.8330 0.5097 0.2155
vn 0.7946 0.6039 0.0626
vn -0.7770 0.4435 0.4467
vn -0.5496 0.8346 0.0369
vn 0.9370 0.0454 -0.3464
vn 0.2352 -0.3019 0.9239
vn 0.3278 -0.8317 0.4481
vn -0.4608 -0.1040 0.8814
vn -0.6248 -0.1182 -0.7718
vn -0.1377 0.3798 0.9147
vn 0.1663 -0.8140 0.5565
vn 0.3614 -0.6078 0.7071
vn 0.1201 -0.3298 0.9364
vn 0.0234 0.9662 -0.2567
vn -0.0002 -0.5280 0.8492
vn 0.5505 0.8316 0.0729
vn 0.0875 0.9932 0.0769
vn -0.6802 0.1786 -0.7109
vn -0.8448 0.3935 0.3625
vn -0.2839 0.2113 0.9353
vn -0.8021 -0.3089 -0.5111
vn 0.4868 -0.3377 0.8056
vn -0.9455 0.3256 -0.0080
vn -0.4867 0.0649 -0.8712
vn 0.3392 0.3090 -0.8885
vn -0.3092 -0.3033 0.9013
vn -0.8112 -0.3968 0.4296
vn 0.0908 -0.2665 -0.9595
vn -0.8523 -0.1442 0.5028
vn -0.1119 0.9617 0.2502
vn -0.8120 0.3952 0.4296
vn 0.2123 -0.1655 0.9631
vn -0.2989 0.2224 0.9280
vn 0.5770 0.6678 0.4703
vn -0.5601 -0.6308 0.5370
vn -0.0965 -0.3165 0.9437
vn 0.8757 0.4003 0.2701
vn -0.4565 -0.2683 0.8483
vn -0.8120 0.3951 0.4296
vn -0.1127 0.7486 0.6534
vn 0.5091 0.7703 0.3841
vn 0.9558 -0.1402 0.2584
vn -0.6292 0.5352 -0.5637
vn 0.6292 0.5352 -0.5637
vn 0.6513 -0.3156 -0.6901
vn 0.6115 0.7896 0.0510
vn 0.8761 -0.4209 0.2350
vn -0.2989 -0.2225 0.9280
vn -0.1152 -0.9907 -0.0729
vn 0.2073 0.9469 0.2459
vn 0.8306 -0.5157 0.2101
vn 0.6295 -0.5971 0.4972
vn 0.8796 0.4750 -0.0281
vn 0.5703 -0.3240 0.7548
vn 0.0967 0.8781 0.4686
vn -0.2225 -0.2989 0.9280
vn 0.9501 0.3120 0.0017
vn -0.1233 -0.1559 0.9800
vn -0.9815 0.1706 -0.0868
vn -0.2005 -0.4367 0.8770
vn 0.5112 0.0567 -0.8576
vn -0.4613 0.7088 -0.5337
vn -0.6742 -0.7316 -0.1011
vn -0.4793 0.1051 0.8713
vn 0.8732 0.0062 -0.4874
vn 0.1038 0.4666 -0.8783
vn 0.3372 0.9391 -0.0664
vn -0.3859 0.1493 0.9104
vn 0.8485 0.4578 0.2653
vn 0.2157 0.4069 0.8876
vn 0.6094 -0.1157 -0.7844
vn -0.9030 -0.3634 0.2292
vn -0.5711 0.8121 -0.1199
vn 0.9930 0.0191 0.1169
vn 0.0667 0.4448 0.8932
vn 0.3833 -0.8891 0.2502
vn -0.6124 -0.7610 -0.2141
vn 0.7910 -0.6116 0.0170
vn -0.4792 -0.1051 0.8714
vn 0.0351 0.9985 0.0423
vn -0.5539 0.6079 0.5689
vn -0.7971 0.3572 -0.4868
vn -0.6513 0.3156 -0.6901
vn -0.6263 -0.5737 0.5279
vn 0.5131 -0.8371 -0.1898
vn 0.1367 0.0469 0.9895
vn 0.6162 -0.7876 -0.0000
vn 0.6996 -0.1026 0.7071
vn -0.5131 -0.8371 -0.1898
vn -0.7946 0.6039 0.0626
vn -0.4867 0.0649 -0.8711
vn 0.0727 0.1957 0.9780
vn -0.6292 -0.5351 0.5637
vn -0.9376 -0.0848 0.3373
vn 0.9520 -0.0027 0.3061
vn -0.7946 -0.6038 0.0631
vn -0.2331 0.5970 0.7676
vn -0.5551 -0.2999 0.7759
vn 0.3859 0.1494 0.9104
vn -0.3637 0.9067 0.2137
vn -0.0875 -0.9932 -0.0769
vn -0.8732 0.0062 -0.4873
vn -0.7152 0.4138 0.5632
vn 0.4792 -0.1051 0.8714
vn 0.8784 -0.2066 0.4309
vn 0.4186 -0.6064 -0.6760
vn 0.3410 -0.3897 0.8555
vn 0.0622 0.5310 0.8451
vn -0.0814 -0.0013 0.9967
vn 0.1848 0.9601 -0.2098
vn 0.6387 -0.7691 -0.0219
vn 0.9507 0.3100 -0.0014
vn -0.9212 -0.3464 0.1772
vn -0.3808 0.0109 0.9246
vn -0.3849 0.0105 0.9229
vn -0.3154 -0.3134 0.8957
vn 0.6162 0.7876 -0.0000
vn -0.7208 0.6470 -0.2486
vn -0.2114 0.1643 0.9635
vn -0.4565 -0.2683 -0.8483
vn 0.3644 0.2925 -0.8841
vn -0.7496 0.4759 -0.4599
vn 0.2359 0.8883 0.3940
vn -0.0002 -0.5280 0.8493
vn -0.0321 -0.7899 0.6123
vn 0.0555 0.0012 -0.9985
vn -0.5506 0.1417 0.8227
vn -0.5297 -0.5541 0.6422
vn -0.3901 0.9140 0.1115
vn -0.7456 0.3628 -0.5590
vn -0.7448 -0.3644 -0.5590
vn 0.7270 -0.4131 -0.5485
vn 0.7262 0.4145 -0.5485
vn -0.0526 -0.8379 -0.5432
vn -0.0544 0.8378 -0.5432
vn -0.0622 0.5309 0.8451
vn -0.3407 -0.7886 0.5119
vn 0.3601 0.6085 -0.7071
vn -0.7814 0.6237 0.0202
vn 0.3092 -0.3034 0.9013
vn 0.5832 0.7837 -0.2135
vn -0.6997 -0.1026 -0.7071
vn -0.1201 -0.3299 0.9364
vn 0.3761 -0.9195 0.1147
vn 0.7448 0.3644 0.5590
vn 0.7456 -0.3628 0.5590
vn 0.0544 -0.8378 0.5432
vn -0.7262 -0.4146 0.5485
vn -0.7270 0.4131 0.5485
vn 0.0526 0.8380 0.5432
vn 0.4722 -0.7941 0.3827
vn 0.7374 0.4440 0.5090
vn -0.2106 -0.6098 0.7640
vn -0.7469 -0.6511 -0.1349
vn 0.1137 -0.9615 0.2501
vn -0.0099 0.9934 -0.1146
vn 0.3833 0.8891 -0.2502
vn -0.3092 -0.3034 0.9013
vn 0.2157 0.4070 -0.8876
vn -0.7152 0.4139 0.5632
vn -0.0666 0.4448 0.8932
vn -0.1044 -0.9748 0.1970
vn 0.4405 -0.7940 0.4189
vn -0.0647 0.9979 -0.0000
vn -0.8242 -0.5646 -0.0445
vn -0.0017 -0.6431 0.7657
vn 0.2113 0.7920 0.5727
vn -0.5865 0.7811 -0.2141
vn -0.3382 -0.2901 0.8953
vn -0.2989 -0.2225 -0.9280
vn -0.4170 -0.2215 0.8815
vn 0.2008 0.0655 0.9774
vn -0.2175 -0.8893 0.4024
vn 0.6321 -0.5825 -0.5110
vn 0.0351 0.9985 0.0424
vn 0.5320 0.2602 0.8058
vn -0.4071 0.7294 -0.5497
vn 0.2839 -0.2113 0.9353
vn 0.2205 -0.6214 0.7519
vn 0.4261 -0.2699 0.8635
vn 0.3841 0.0105 0.9232
vn -0.3833 0.8891 -0.2502
vn 0.8795 0.4750 -0.0281
vn -0.6996 -0.1026 -0.7071
vn 0.7910 0.6116 0.0170
vn 0.3841 0.9196 -0.0829
vn 0.0713 0.3783 0.9229
vn 0.8186 0.4776 -0.3191
vn -0.7497 -0.4759 0.4600
vn 0.2137 0.2169 0.9525
vn -0.3761 0.9195 0.1147
vn -0.0205 0.3152 0.9488
vn -0.5317 -0.0780 0.8434
vn 0.2557 0.0375 -0.9660
vn 0.4009 0.2376 0.8848
vn -0.7777 -0.6283 0.0203
vn -0.4281 0.5127 0.7443
vn 0.6160 -0.2998 0.7285
vn -0.3767 0.9207 -0.1016
vn -0.6205 -0.0306 0.7836
vn -0.6742 0.7316 -0.1010
vn 0.8083 -0.4128 0.4198
vn -0.3740 -0.4138 0.8300
vn 0.5319 0.2602 0.8058
vn -0.5193 0.1981 -0.8313
vn -0.0552 -0.8789 0.4739
vn -0.7842 -0.6159 -0.0749
vn -0.6268 0.6552 -0.4216
vn 0.7395 -0.4415 0.5081
vn 0.1201 -0.3299 0.9363
vn -0.9181 -0.3958 -0.0185
vn -0.9455 -0.3256 -0.0080
vn 0.6268 -0.6552 -0.4216
vn 0.7779 -0.4420 0.4467
vn 0.4330 -0.1757 -0.8841
vn -0.6115 -0.7800 -0.1327
vn -0.2965 0.3593 0.8849
vn 0.7972 -0.3572 -0.4868
vn -0.3407 -0.7886 0.5120
vn -0.3841 -0.9196 -0.0829
vn -0.5586 -0.1853 0.8084
vn 0.4565 0.2682 -0.8483
vn -0.2961 -0.0559 0.9535
vn -0.1091 0.9909 -0.0787
vn 0.6742 -0.7316 0.1010
vn 0.2398 0.5025 0.8307
vn -0.2224 0.2989 0.9280
vn 0.4256 -0.0093 0.9048
vn 0.6094 0.1157 -0.7844
vn -0.2113 -0.2839 0.9353
vn 0.5918 0.3363 0.7326
vn -0.8652 0.1840 0.4664
vn -0.4792 0.1051 0.8714
vn 0.9558 -0.1402 0.2585
vn 0.8653 0.1820 -0.4671
vn -0.2158 -0.4070 0.8876
vn 0.6742 -0.7316 -0.1010
vn 0.6295 0.5970 -0.4973
vn 0.8685 -0.4958 -0.0000
vn 0.2550 -0.9323 -0.2567
vn 0.5538 0.6079 0.5689
vn 0.5074 -0.3243 0.7984
vn -0.0555 -0.0012 0.9985
vn 0.1091 0.9909 -0.0787
vn -0.7496 -0.4758 -0.4601
vn -0.0000 0.0114 0.9999
vn 0.2225 0.2989 -0.9280
vn -0.2550 -0.9322 -0.2567
vn -0.6094 -0.1157 0.7844
vn -0.0627 -0.9980 -0.0000
vn 0.3156 0.6512 0.6901
vn 0.9813 0.1714 -0.0876
vn -0.2359 0.8883 0.3940
vn 0.5064 0.8613 0.0425
vn -0.9617 0.1119 0.2502
vn -0.8673 -0.4929 0.0703
vn -0.9814 0.1714 -0.0866
vn 0.5542 0.4218 -0.7176
vn 0.5733 -0.3037 -0.7610
vn -0.8377 -0.4155 -0.3544
vn -0.8594 0.4104 -0.3049
vn -0.0751 -0.8065 -0.5864
vn -0.1190 0.8656 -0.4863
vn -0.3051 -0.1877 0.9336
vn 0.7770 0.4436 0.4467
vn 0.0555 -0.0012 0.9985
vn -0.8757 -0.4003 -0.2702
vn 0.2122 -0.1655 0.9631
vn 0.9835 -0.1721 0.0548
vn 0.6802 0.1786 -0.7110
vn 0.5965 -0.8010 -0.0510
vn -0.6996 0.1026 0.7071
vn -0.5733 0.3038 0.7609
vn -0.5543 -0.4219 0.7175
vn 0.1190 -0.8657 0.4863
vn 0.8594 -0.4104 0.3050
vn 0.8377 0.4155 0.3544
vn 0.0750 0.8066 0.5864
vn -0.7368 0.4081 0.5391
vn 0.0561 0.2738 0.9601
vn -0.1742 0.1782 0.9685
vn 0.8761 0.4210 -0.2351
vn 0.9813 -0.1714 -0.0876
vn 0.3868 0.4586 0.8000
vn -0.8021 -0.3090 -0.5111
vn -0.6990 -0.6836 -0.2099
vn -0.8981 -0.4171 -0.1395
vn -0.8968 0.4364 -0.0728
vn 0.5816 -0.7842 0.2163
vn -0.8186 0.4776 -0.3191
vn 0.2334 0.9476 -0.2181
vn 0.8884 0.3830 -0.2529
vn -0.4406 -0.7940 0.4189
vn -0.2979 0.1858 -0.9363
vn -0.4378 0.6018 0.6680
vn -0.7770 0.4436 0.4467
vn -0.5242 -0.5862 -0.6178
vn 0.2307 -0.8133 0.5342
vn 0.5260 -0.7629 0.3760
vn -0.6094 0.1157 -0.7844
vn -0.2307 -0.8133 0.5342
vn 0.4565 0.2683 -0.8483
vn -0.8226 -0.5299 0.2063
vn 0.9558 -0.1402 -0.2584
vn -0.3833 -0.8891 0.2502
vn -0.2359 -0.8883 0.3940
vn 0.0645 0.9944 -0.0835
vn 0.6115 0.7800 -0.1327
vn 0.8652 0.1840 0.4664
vn -0.3449 -0.3725 0.8615
vn 0.7861 -0.5798 -0.2141
vn 0.1039 0.4667 -0.8783
vn 0.9814 0.1715 -0.0866
vn -0.0650 -0.1295 0.9895
vn 0.3382 0.2901 0.8953
vn -0.7946 -0.6039 0.0626
vn 0.1017 -0.6365 0.7645
vn 0.2359 0.8883 -0.3941
vn -0.1604 0.8554 0.4924
vn -0.4565 0.2682 0.8483
vn 0.7423 0.3779 0.5534
vn 0.9617 -0.1119 0.2502
vn -0.3056 0.5510 -0.7765
vn 0.5405 0.6692 0.5099
vn -0.5561 0.6275 -0.5450
vn 0.8796 -0.4750 -0.0280
vn -0.8796 -0.4750 -0.0280
vn -0.2058 0.7104 -0.6730
vn 0.9455 0.3256 -0.0079
vn -0.3409 -0.3896 -0.8555
vn 0.6292 -0.5351 0.5637
vn 0.1664 -0.8140 0.5565
vn 0.7602 0.3238 0.5633
vn 0.7456 0.3628 -0.5590
vn 0.7448 -0.3644 -0.5590
vn -0.7270 -0.4130 -0.5485
vn -0.7262 0.4145 -0.5485
vn 0.0527 -0.8379 -0.5432
vn 0.0544 0.8378 -0.5432
vn -0.8981 -0.4172 -0.1394
vn 0.5260 0.7629 0.3759
vn 0.6742 0.7316 -0.1011
vn 0.3503 0.7444 0.5684
vn 0.8652 -0.1820 -0.4672
vn 0.7496 -0.4759 -0.4600
vn 0.7972 0.3572 -0.4867
vn -0.5260 -0.7629 0.3760
vn 0.8652 -0.1840 0.4664
vn -0.7448 0.3644 0.5590
vn -0.7456 -0.3628 0.5590
vn -0.0544 -0.8378 0.5432
vn 0.7262 -0.4146 0.5485
vn 0.7270 0.4131 0.5485
vn -0.0526 0.8379 0.5432
vn -0.8891 -0.3833 0.2502
vn -0.5824 -0.7943 0.1729
vn 0.1978 0.4947 0.8463
vn -0.5058 0.3249 0.7991
vn -0.1066 -0.5553 0.8248
vn 0.2352 -0.3018 0.9239
vn 0.6742 0.7316 0.1009
vn -0.3637 0.9066 0.2138
vn 0.9453 -0.3259 0.0098
vn 0.6996 0.1026 -0.7071
vn -0.0017 -0.6432 0.7657
vn -0.2449 0.9115 0.3304
vn 0.6292 0.5352 0.5636
vn -0.8796 -0.4750 -0.0281
vn -0.8102 0.2137 0.5459
vn -0.0000 -0.9662 0.2578
vn -0.0981 0.3139 0.9444
vn 0.4469 -0.7671 0.4603
vn -0.5260 0.7629 -0.3759
vn -0.1137 -0.9615 0.2501
vn 0.1778 -0.7115 0.6799
vn -0.3409 0.3896 -0.8556
vn -0.2273 0.4984 0.8366
vn -0.2157 -0.4070 -0.8876
vn -0.4157 -0.6100 0.6746
vn -0.3740 0.4138 0.8300
vn 0.6292 -0.5351 -0.5637
vn -0.3409 0.3896 0.8556
vn 0.6292 -0.5352 0.5637
vn -0.1044 0.9748 -0.1971
vn -0.3382 -0.2901 -0.8952
vn -0.6292 0.5352 0.5636
vn 0.3868 0.4586 0.8001
vn -0.6321 0.5825 -0.5110
vn 0.7830 0.5827 -0.2177
vn -0.1367 0.0468 0.9895
vn 0.0555 -0.0012 -0.9985
vn 0.7777 -0.6283 0.0203
vn -0.9836 0.1721 0.0548
vn 0.4565 -0.2682 -0.8483
vn 0.7368 -0.4081 0.5390
vn -0.3841 0.9196 -0.0830
vn 0.7444 0.3728 0.5539
vn -0.5406 0.6693 0.5098
vn -1.0000 0.0022 0.0003
vn -0.7971 0.3572 0.4868
vn -0.8253 -0.5544 -0.1075
vn 0.8154 -0.0292 -0.5781
vn 0.7196 0.6889 -0.0871
vn -0.3278 -0.8317 0.4481
vn 1.0000 0.0025 0.0004
vn -0.5888 0.8027 -0.0943
vn 0.0002 -0.5281 0.8492
vn 0.1044 0.9748 -0.1970
vn 0.9313 0.3496 -0.1022
vn 0.9886 -0.1495 -0.0166
vn -0.9319 0.3481 -0.1023
vn -0.8732 -0.0062 0.4873
vn -0.9886 -0.1493 -0.0166
vn 0.2113 0.2838 -0.9353
vn 0.4040 -0.8956 -0.1860
vn 0.1209 0.3674 0.9222
vn -0.6139 -0.4966 0.6137
vn 0.9617 0.1119 0.2502
vn 0.1776 -0.3470 -0.9209
vn -0.2204 -0.6214 0.7519
vn 0.2113 0.2839 0.9353
vn 0.5960 0.0959 -0.7972
vn 0.9815 -0.1705 -0.0868
vn -0.1119 -0.9617 -0.2503
vn -0.3122 0.7681 -0.5591
vn -0.7300 -0.2456 0.6377
vn 0.6094 -0.1157 0.7844
vn 0.1742 0.1780 0.9685
vn -0.0297 -0.8402 -0.5414
vn -0.9845 -0.0117 -0.1750
vn -0.9379 -0.1682 -0.3033
vn -0.9616 -0.0415 0.2713
vn 0.9380 0.1681 0.3033
vn 0.2331 0.5970 0.7676
vn 0.3761 0.9194 0.1147
vn 0.0297 0.8402 0.5414
vn 0.4253 -0.7204 -0.5479
vn -0.9814 -0.1715 -0.0866
vn 0.3123 -0.7681 0.5591
vn 0.2307 -0.8133 0.5341
vn -0.6472 -0.0007 -0.7623
vn 0.0924 -0.8795 0.4668
vn -0.5961 -0.0959 0.7972
vn 0.8761 -0.4210 0.2350
vn 0.1044 0.9748 0.1970
vn -0.6295 0.5970 0.4973
vn -0.7395 -0.4415 0.5081
vn 0.2113 -0.2838 -0.9353
vn -0.2008 0.0655 0.9774
vn 0.7497 -0.4759 0.4599
vn 0.3409 0.3897 0.8555
vn -0.3869 0.4586 0.8000
vn 0.7144 0.1153 0.6901
vn -0.0908 -0.2665 -0.9595
vn -0.2558 0.0375 -0.9660
vn -0.5960 0.0960 -0.7972
vn -0.3409 0.3897 0.8555
vn 0.2398 -0.5025 -0.8307
vn 0.3122 0.7681 -0.5591
vn -0.2359 -0.8883 -0.3941
vn 0.0297 -0.8402 -0.5414
vn 0.5550 -0.2999 0.7759
vn -0.9617 0.1118 -0.2502
vn 0.9379 -0.1680 -0.3034
vn 0.2335 -0.9476 0.2181
vn -0.9379 0.1681 0.3033
vn -0.0046 -0.8925 0.4511
vn -0.0297 0.8402 0.5415
vn 0.2205 -0.6213 -0.7519
vn -0.1050 0.9751 0.1952
vn -0.3382 0.2901 0.8952
vn -0.3123 -0.7680 0.5591
vn -0.1228 -0.9719 0.2009
vn -0.4733 -0.1586 0.8665
vn -0.1445 0.9583 0.2464
vn 0.5961 -0.0960 0.7972
vn 0.6322 0.7310 0.2568
vn -0.0667 0.4448 0.8932
vn 0.7837 -0.5832 -0.2135
vn -0.6802 -0.1786 0.7109
vn -0.5965 -0.8010 -0.0510
vn -0.2205 -0.6213 -0.7519
vn -0.7469 0.6512 0.1348
vn 0.5880 0.1084 0.8015
vn -0.1978 -0.4947 -0.8462
vn 0.3841 -0.9196 -0.0829
vn -0.7830 0.5827 -0.2178
vn 0.0908 0.2665 -0.9595
vn 0.3409 -0.3896 -0.8556
vn -0.9617 -0.1119 0.2502
vn 0.1147 -0.9907 -0.0729
vn 0.5961 -0.0959 -0.7972
vn -0.1432 0.7771 0.6129
vn -0.3122 -0.7681 -0.5591
vn -0.0297 0.8403 -0.5413
vn -0.7971 -0.3572 -0.4868
vn -0.9380 0.1681 -0.3032
vn 0.6125 -0.7610 -0.2140
vn -0.1147 0.4714 0.8744
vn 0.2532 0.7742 0.5801
vn -0.9835 -0.1721 0.0548
vn 0.9379 -0.1681 0.3033
vn -0.7624 -0.0026 0.6472
vn -0.8271 -0.4812 0.2905
vn 0.0297 -0.8402 0.5414
vn 0.9931 0.1156 -0.0185
vn 0.6094 0.1157 0.7844
vn 0.3121 0.7681 0.5591
vn -0.5961 0.0960 0.7972
vn 0.9845 -0.0117 -0.1750
vn 0.3851 -0.1533 0.9100
vn -0.2158 0.4070 0.8876
vn 0.3408 0.3896 0.8556
vn -0.5112 0.0568 -0.8576
vn 0.7601 0.3238 0.5634
vn 0.0967 0.8781 0.4687
vn -0.1604 0.8554 0.4925
vn 0.8891 -0.3833 -0.2503
vn -0.1873 -0.9800 -0.0676
vn -0.1776 0.3470 -0.9209
vn -0.3901 -0.9140 0.1115
vn -0.7210 -0.5178 0.4604
vn -0.5960 -0.0959 -0.7973
vn 0.2333 0.9476 0.2182
vn -0.2307 0.8133 -0.5342
vn 0.1038 -0.4666 -0.8783
vn 0.3122 -0.7680 -0.5591
vn -0.3031 -0.5103 0.8048
vn 0.0299 0.8402 -0.5414
vn -0.6005 -0.2937 0.7438
vn 0.9379 0.1681 -0.3033
vn -0.9616 0.0415 -0.2715
vn 0.7842 -0.6159 -0.0749
vn -0.9380 -0.1681 0.3033
vn 0.1048 0.6343 0.7659
vn -0.0297 -0.8402 0.5414
vn -0.3123 0.7681 0.5590
vn -0.2550 -0.9323 -0.2567
vn -0.5259 0.7629 0.3760
vn 0.5961 0.0959 0.7972
vn -0.2839 0.2113 -0.9353
vn -0.8652 -0.1821 -0.4671
vn -0.7837 -0.5833 -0.2135
vn -0.6591 -0.2222 0.7185
vn 0.5780 0.0527 0.8143
vn -0.9558 -0.1402 -0.2585
vn -0.1039 -0.4666 -0.8783
vn -0.5816 -0.7842 0.2164
vn -0.5918 0.3362 0.7326
vn -0.5827 0.7830 -0.2178
vn -0.1978 0.4948 0.8462
vn 0.7374 0.4440 0.5091
vn -0.3409 -0.3896 -0.8556
vn 0.7490 0.6625 0.0129
vn -0.4084 0.3645 0.8369
vn 0.8891 0.3833 0.2502
vn -0.4012 -0.6215 -0.6730
vn 0.2205 0.6214 0.7518
vn 0.4253 0.7204 -0.5479
vn -0.4042 -0.8956 -0.1860
vn -0.6550 -0.4875 0.5774
vn 0.5903 -0.7683 0.2474
vn -0.0824 0.9626 -0.2582
vn -0.4875 0.6550 0.5774
vn 0.4565 0.2682 0.8483
vn -0.5833 0.7837 -0.2135
vn -0.7144 0.1154 -0.6902
vn -0.6550 -0.4875 -0.5773
vn -0.9815 -0.1705 -0.0868
vn -0.3833 0.8891 0.2502
vn -0.6501 0.3345 0.6823
vn -0.4875 0.6550 -0.5773
vn -0.3156 0.6512 0.6901
vn 0.4875 -0.6550 0.5774
vn -0.7830 -0.5827 -0.2177
vn 0.6550 0.4875 0.5773
vn 0.6149 -0.7589 -0.2144
vn 0.4874 -0.6550 -0.5774
vn -0.6295 -0.5970 0.4973
vn 0.0017 -0.6431 0.7658
vn 0.6550 0.4874 -0.5773
vn -0.9316 0.0063 0.3635
vn 0.6371 0.3871 0.6665
vn -0.0826 0.9625 -0.2582
vn 0.2704 0.2677 0.9248
vn 0.3409 0.3896 -0.8555
vn -0.2334 -0.9476 0.2181
vn -0.7972 -0.3571 0.4868
vn -0.7910 -0.6116 0.0170
vn 0.4612 -0.7088 0.5338
vn 0.0552 -0.8789 0.4739
vn 0.6055 -0.7925 0.0725
vn 0.6550 -0.4875 0.5774
vn -0.2398 -0.5025 -0.8306
vn 0.4875 0.6550 0.5774
vn 0.2359 -0.8883 -0.3941
vn 0.6550 -0.4875 -0.5774
vn -0.4710 0.2642 0.8416
vn 0.4875 0.6550 -0.5774
vn -0.8992 0.4376 -0.0000
vn 0.1153 0.7144 -0.6901
vn 0.4070 -0.7293 -0.5499
vn -0.4875 -0.6550 0.5774
vn 0.5827 -0.7830 -0.2178
vn -0.6550 0.4875 0.5774
vn -0.4875 -0.6550 -0.5773
vn -0.1153 0.7144 0.6902
vn 0.8270 -0.4813 0.2905
vn -0.6550 0.4874 -0.5774
vn 0.7368 0.4081 0.5390
vn -0.3851 -0.1533 0.9100
vn -0.9790 -0.1368 -0.1509
vn -0.7368 -0.4081 0.5390
vn -0.6292 0.5351 0.5637
vn -0.3156 0.6512 -0.6901
vn -0.5193 -0.1981 -0.8313
vn -0.0660 0.9978 -0.0040
vn 0.3949 0.9158 -0.0729
vn 0.7496 0.4759 0.4600
vn -0.9558 -0.1402 0.2585
vn 0.7208 -0.6470 -0.2486
vn 0.2106 -0.6098 0.7640
vn 0.4071 0.7294 -0.5498
vt 0.315433 0.413515
vt 0.243417 0.456354
vt 0.243433 0.413506
vt 0.315334 0.577237
vt 0.333181 0.579751
vt 0.314825 0.580980
vt 0.907054 0.875587
vt 0.906739 0.873342
vt 0.907461 0.875449
vt 0.132016 0.125113
vt 0.132015 0.110462
vt 0.213585 0.110462
vt 0.966472 0.137476
vt 0.966747 0.139249
vt 0.948912 0.133705
vt 0.155094 0.883043
vt 0.154166 0.883625
vt 0.154037 0.883048
vt 0.950707 0.835631
vt 0.950633 0.836102
vt 0.950501 0.835788
vt 0.451118 0.758691
vt 0.520893 0.802723
vt 0.520762 0.802933
vt 0.787012 0.586947
vt 0.782900 0.589341
vt 0.782437 0.589117
vt 0.448895 0.980073
vt 0.449757 0.905428
vt 0.449757 0.980047
vt 0.671328 0.457008
vt 0.758376 0.629717
vt 0.646213 0.629717
vt 0.430784 0.615690
vt 0.430098 0.616513
vt 0.430393 0.615642
vt 0.430046 0.496646
vt 0.429953 0.497004
vt 0.429836 0.496645
vt 0.782647 0.087168
vt 0.771286 0.168626
vt 0.782516 0.087049
vt 0.254701 0.631398
vt 0.255180 0.648191
vt 0.254925 0.648181
vt 0.598604 0.452868
vt 0.585042 0.453167
vt 0.584987 0.452772
vt 0.430784 0.555504
vt 0.970628 0.550999
vt 0.970430 0.550566
vt 0.971250 0.550731
vt 0.947022 0.539136
vt 0.947625 0.539037
vt 0.947385 0.539432
vt 0.575799 0.475392
vt 0.575588 0.475099
vt 0.575783 0.475099
vt 0.512158 0.905518
vt 0.511308 0.980108
vt 0.511308 0.905490
vt 0.779947 0.594082
vt 0.778593 0.594295
vt 0.779786 0.593775
vt 0.099398 0.922774
vt 0.115890 0.951757
vt 0.099398 0.942932
vt 0.785515 0.625002
vt 0.781582 0.623267
vt 0.781709 0.623074
vt 0.680276 0.412147
vt 0.680442 0.412441
vt 0.679043 0.413335
vt 0.828191 0.015579
vt 0.829587 0.016030
vt 0.828634 0.016524
vt 0.078438 0.661886
vt 0.074175 0.660707
vt 0.074258 0.660505
vt 0.946079 0.537590
vt 0.953699 0.535323
vt 0.947246 0.538766
vt 0.950418 0.630232
vt 0.981409 0.678273
vt 0.950418 0.678201
vt 0.662831 0.205053
vt 0.662034 0.221358
vt 0.662034 0.205050
vt 0.736357 0.803732
vt 0.735677 0.804054
vt 0.735803 0.803507
vt 0.729951 0.182274
vt 0.730391 0.182569
vt 0.730058 0.182659
vt 0.333761 0.834239
vt 0.336538 0.838334
vt 0.335719 0.838529
vt 0.339570 0.924280
vt 0.388706 0.924479
vt 0.339822 0.924650
vt 0.450722 0.000032
vt 0.451344 0.000878
vt 0.450537 0.000908
vt 0.588018 0.200539
vt 0.587788 0.226213
vt 0.587788 0.200518
vt 0.431093 0.584497
vt 0.430857 0.556764
vt 0.431093 0.556764
vt 0.574108 0.559248
vt 0.573775 0.559993
vt 0.573595 0.559233
vt 0.723379 0.445651
vt 0.725404 0.446622
vt 0.725210 0.447025
vt 0.576614 0.800675
vt 0.577459 0.799035
vt 0.577961 0.799968
vt 0.222523 0.954154
vt 0.240996 0.876651
vt 0.240996 0.953503
vt 0.532110 0.721376
vt 0.532336 0.721510
vt 0.636518 0.225501
vt 0.639249 0.205305
vt 0.639569 0.205437
vt 0.759508 0.550097
vt 0.760851 0.549496
vt 0.761299 0.550455
vt 0.798991 0.231963
vt 0.784731 0.238637
vt 0.799134 0.230807
vt 0.429906 0.497367
vt 0.430077 0.497005
vt 0.430147 0.497366
vt 0.446889 0.834239
vt 0.444271 0.838334
vt 0.446013 0.834045
vt 0.628199 0.781278
vt 0.629621 0.780811
vt 0.629191 0.781678
vt 0.573851 0.627921
vt 0.573781 0.644705
vt 0.573595 0.627917
vt 0.078501 0.660264
vt 0.078731 0.584890
vt 0.078731 0.660312
vt 0.313876 0.580964
vt 0.273462 0.577153
vt 0.273865 0.576252
vt 0.971133 0.578965
vt 0.973441 0.549616
vt 0.972861 0.579494
vt 0.096058 0.955011
vt 0.094688 0.881132
vt 0.094894 0.881089
vt 0.703341 0.123124
vt 0.771079 0.168479
vt 0.770930 0.168702
vt 0.095852 0.955055
vt 0.095870 0.955261
vt 0.095637 0.955098
vt 0.429800 0.603075
vt 0.429546 0.555113
vt 0.429800 0.555112
vt 0.886828 0.144294
vt 0.840070 0.116037
vt 0.886974 0.144137
vt 0.662857 0.204294
vt 0.662254 0.203622
vt 0.662971 0.203845
vt 0.645760 0.715166
vt 0.726429 0.630483
vt 0.726860 0.631147
vt 0.834391 0.127888
vt 0.783082 0.222969
vt 0.783082 0.127828
vt 0.562632 0.635510
vt 0.561977 0.634711
vt 0.562730 0.634846
vt 0.812454 0.576270
vt 0.811957 0.574923
vt 0.812928 0.575445
vt 0.853977 0.572318
vt 0.817391 0.542251
vt 0.817639 0.541588
vt 0.838573 0.261701
vt 0.800030 0.232054
vt 0.800087 0.230891
vt 0.818503 0.585748
vt 0.854443 0.584827
vt 0.818546 0.586609
vt 0.955625 0.063736
vt 0.955419 0.063702
vt 0.955586 0.063565
vt 0.712578 0.394866
vt 0.712933 0.394942
vt 0.712729 0.395073
vt 0.628240 0.883360
vt 0.640806 0.814277
vt 0.640808 0.892318
vt 0.938859 0.533597
vt 0.907767 0.613225
vt 0.907767 0.535885
vt 0.723921 0.898567
vt 0.703817 0.899798
vt 0.703800 0.899404
vt 0.865554 0.470480
vt 0.865357 0.470774
vt 0.865372 0.470422
vt 0.877679 0.494684
vt 0.877974 0.494581
vt 0.878005 0.494934
vt 0.834391 0.223030
vt 0.834751 0.223100
vt 0.834493 0.223336
vt 0.782979 0.223275
vt 0.782721 0.223039
vt 0.902211 0.501496
vt 0.901845 0.501583
vt 0.902005 0.501282
vt 0.703406 0.798306
vt 0.703599 0.798059
vt 0.703800 0.798306
vt 0.938341 0.283475
vt 0.961788 0.301307
vt 0.961606 0.301512
vt 0.861082 0.637608
vt 0.860336 0.744303
vt 0.860336 0.637830
vt 0.253843 0.576483
vt 0.253693 0.576257
vt 0.253884 0.576252
vt 0.079894 0.685931
vt 0.116514 0.714725
vt 0.114428 0.718584
vt 0.771043 0.168957
vt 0.771134 0.168834
vt 0.115867 0.952006
vt 0.111957 0.953660
vt 0.798844 0.233572
vt 0.786992 0.240015
vt 0.785640 0.239221
vt 0.642061 0.814754
vt 0.642565 0.891997
vt 0.642061 0.892138
vt 0.334130 0.928232
vt 0.334170 0.928445
vt 0.333969 0.928429
vt 0.748935 0.657315
vt 0.727639 0.641034
vt 0.749259 0.657048
vt 0.185343 0.954623
vt 0.184818 0.881136
vt 0.185139 0.881158
vt 0.100206 0.835187
vt 0.100932 0.835612
vt 0.100344 0.835578
vt 0.429836 0.448676
vt 0.661349 0.439960
vt 0.661416 0.439528
vt 0.661557 0.439818
vt 0.723379 0.397995
vt 0.722941 0.416105
vt 0.722941 0.415640
vt 0.957712 0.863827
vt 0.963194 0.860893
vt 0.975927 0.874246
vt 0.575203 0.667661
vt 0.574750 0.679098
vt 0.574184 0.679077
vt 0.905399 0.982564
vt 0.900245 0.948996
vt 0.905399 0.948893
vt 0.917728 0.292229
vt 0.924838 0.290721
vt 0.924812 0.291069
vt 0.253408 0.580778
vt 0.253652 0.581060
vt 0.253481 0.581077
vt 0.925064 0.291111
vt 0.924303 0.292770
vt 0.900208 0.334777
vt 0.900053 0.334541
vt 0.900205 0.334572
vt 0.096069 0.955228
vt 0.096013 0.955398
vt 0.781924 0.589200
vt 0.782248 0.589413
vt 0.943602 0.412581
vt 0.943278 0.412675
vt 0.943443 0.412279
vt 0.636169 0.225555
vt 0.636351 0.225801
vt 0.639484 0.205057
vt 0.070833 0.584646
vt 0.070516 0.584736
vt 0.070611 0.584378
vt 0.068877 0.632780
vt 0.068634 0.633028
vt 0.068569 0.632666
vt 0.566241 0.199247
vt 0.566012 0.199460
vt 0.566012 0.199068
vt 0.833640 0.013074
vt 0.817000 0.005188
vt 0.818460 0.000658
vt 0.925066 0.305081
vt 0.938336 0.226234
vt 0.938336 0.305018
vt 0.575603 0.475391
vt 0.575802 0.491755
vt 0.575606 0.491754
vt 0.400754 0.570158
vt 0.400605 0.570137
vt 0.400716 0.569870
vt 0.914984 0.530806
vt 0.914669 0.453464
vt 0.914984 0.453468
vt 0.935696 0.630688
vt 0.935436 0.629987
vt 0.935908 0.630101
vt 0.578367 0.985342
vt 0.578531 0.985537
vt 0.578340 0.985492
vt 0.970705 0.578765
vt 0.970095 0.578431
vt 0.701410 0.439373
vt 0.717051 0.450095
vt 0.717122 0.450625
vt 0.668280 0.031496
vt 0.608362 0.198950
vt 0.600373 0.031332
vt 0.263088 0.654199
vt 0.261459 0.658249
vt 0.262859 0.654140
vt 0.847821 0.875647
vt 0.847601 0.875437
vt 0.847813 0.875433
vt 0.796941 0.352800
vt 0.836953 0.324980
vt 0.796942 0.353794
vt 0.744043 0.449098
vt 0.726174 0.448345
vt 0.726200 0.447717
vt 0.792388 0.873892
vt 0.793706 0.875842
vt 0.793310 0.875991
vt 0.098747 0.955991
vt 0.098758 0.956208
vt 0.946287 0.594225
vt 0.951436 0.627523
vt 0.946287 0.627789
vt 0.968699 0.628653
vt 0.951829 0.593961
vt 0.968699 0.595089
vt 0.560682 0.816353
vt 0.561445 0.816812
vt 0.560849 0.816963
vt 0.877384 0.873414
vt 0.906119 0.873074
vt 0.906332 0.873479
vt 0.645922 0.825464
vt 0.646360 0.825323
vt 0.646645 0.825887
vt 0.892604 0.754914
vt 0.892339 0.754870
vt 0.892460 0.754772
vt 0.369089 0.674458
vt 0.333571 0.449400
vt 0.376785 0.449203
vt 0.540250 0.745378
vt 0.542750 0.729615
vt 0.542935 0.729632
vt 0.465690 0.811493
vt 0.463649 0.904702
vt 0.463264 0.904619
vt 0.313861 0.581910
vt 0.311441 0.754907
vt 0.310964 0.754899
vt 0.450537 0.724199
vt 0.448336 0.759240
vt 0.449983 0.724238
vt 0.429152 0.449106
vt 0.429680 0.553971
vt 0.429152 0.553969
vt 0.635665 0.453554
vt 0.644560 0.678552
vt 0.635043 0.453574
vt 0.575588 0.453771
vt 0.574993 0.454622
vt 0.575020 0.453772
vt 0.541490 0.940773
vt 0.541743 0.863554
vt 0.541743 0.940791
vt 0.094472 0.881175
vt 0.821154 0.877373
vt 0.820546 0.876071
vt 0.820886 0.876060
vt 0.950105 0.660066
vt 0.950105 0.630133
vt 0.333571 0.580663
vt 0.545771 0.750421
vt 0.545826 0.749626
vt 0.561863 0.750817
vt 0.798664 0.581308
vt 0.810107 0.574957
vt 0.811451 0.575804
vt 0.673730 0.409832
vt 0.673937 0.408148
vt 0.674261 0.408156
vt 0.435800 0.612208
vt 0.446432 0.673127
vt 0.435611 0.612229
vt 0.800430 0.595550
vt 0.799663 0.615300
vt 0.799949 0.595785
vt 0.255584 0.813346
vt 0.254964 0.697736
vt 0.255584 0.697325
vt 0.430147 0.545336
vt 0.702315 0.122521
vt 0.703101 0.122059
vt 0.702708 0.122708
vt 0.432099 0.567832
vt 0.431147 0.556399
vt 0.431716 0.556391
vt 0.799174 0.453167
vt 0.797613 0.457702
vt 0.798238 0.453181
vt 0.390267 0.838645
vt 0.389905 0.921599
vt 0.389905 0.838529
vt 0.565646 0.975319
vt 0.566858 0.945562
vt 0.567099 0.945568
vt 0.945951 0.455451
vt 0.946100 0.455757
vt 0.673708 0.410241
vt 0.660491 0.418762
vt 0.828996 0.353895
vt 0.829268 0.354032
vt 0.829012 0.354039
vt 0.641007 0.892904
vt 0.641416 0.892255
vt 0.641586 0.892817
vt 0.131500 0.758074
vt 0.130084 0.757522
vt 0.130944 0.757209
vt 0.431381 0.449116
vt 0.431820 0.555593
vt 0.431381 0.555591
vt 0.927941 0.823121
vt 0.927742 0.823040
vt 0.927909 0.822930
vt 0.816988 0.541389
vt 0.817639 0.480522
vt 0.922424 0.421183
vt 0.922189 0.420835
vt 0.922399 0.420822
vt 0.834694 0.323951
vt 0.835175 0.323050
vt 0.836049 0.324637
vt 0.695292 0.798001
vt 0.695336 0.797748
vt 0.833640 0.122978
vt 0.834829 0.122318
vt 0.834445 0.123026
vt 0.944048 0.004799
vt 0.955228 0.063402
vt 0.943667 0.004888
vt 0.886730 0.144492
vt 0.839639 0.116502
vt 0.428652 0.902268
vt 0.446752 0.897856
vt 0.428787 0.902564
vt 0.821230 0.444175
vt 0.821748 0.361935
vt 0.821748 0.444019
vt 0.633965 0.715642
vt 0.633675 0.781991
vt 0.333571 0.267687
vt 0.225312 0.267674
vt 0.943443 0.395394
vt 0.976649 0.335829
vt 0.976649 0.396332
vt 0.963292 0.453170
vt 0.963314 0.455202
vt 0.962903 0.455204
vt 0.947299 0.587577
vt 0.947356 0.587029
vt 0.947551 0.587394
vt 0.094471 0.880964
vt 0.094623 0.880934
vt 0.256630 0.670540
vt 0.256433 0.670227
vt 0.256627 0.670219
vt 0.951499 0.835628
vt 0.951123 0.835401
vt 0.951374 0.835331
vt 0.399406 0.644886
vt 0.399572 0.644917
vt 0.399482 0.645118
vt 0.948770 0.133977
vt 0.966778 0.139575
vt 0.575588 0.453779
vt 0.575735 0.475091
vt 0.575588 0.475099
vt 0.946436 0.468211
vt 0.962860 0.455733
vt 0.962910 0.456481
vt 0.433039 0.672526
vt 0.432229 0.611951
vt 0.432425 0.611932
vt 0.921550 0.416573
vt 0.184841 0.880792
vt 0.167784 0.874835
vt 0.185117 0.879308
vt 0.588018 0.226215
vt 0.588316 0.200374
vt 0.588316 0.226213
vt 0.963650 0.512094
vt 0.963190 0.511573
vt 0.963638 0.511630
vt 0.958603 0.333202
vt 0.958044 0.306379
vt 0.958430 0.306329
vt 0.428861 0.455049
vt 0.420892 0.448684
vt 0.421565 0.448314
vt 0.900810 0.411208
vt 0.900376 0.334821
vt 0.900979 0.411252
vt 0.539016 0.453149
vt 0.513148 0.230224
vt 0.531611 0.230827
vt 0.564957 -0.000000
vt 0.565219 0.000878
vt 0.396299 0.645784
vt 0.396154 0.570043
vt 0.396296 0.570076
vt 0.970491 0.579176
vt 0.952956 0.590971
vt 0.969881 0.578842
vt 0.887135 0.144635
vt 0.886941 0.223547
vt 0.886921 0.144582
vt 0.669134 0.031232
vt 0.668071 0.030560
vt 0.668974 0.030280
vt 0.638662 0.418471
vt 0.653683 0.408059
vt 0.638681 0.418721
vt 0.950501 0.752912
vt 0.984187 0.800885
vt 0.950501 0.800878
vt 0.369413 0.674854
vt 0.337894 0.674600
vt 0.843026 0.875659
vt 0.853763 0.942063
vt 0.840240 0.942063
vt 0.336020 0.006124
vt 0.443691 0.011277
vt 0.449548 0.018762
vt 0.876243 0.336140
vt 0.876636 0.437028
vt 0.876243 0.437030
vt 0.400605 0.570995
vt 0.389791 0.922030
vt 0.388952 0.924107
vt 0.949654 0.132127
vt 0.940592 0.116408
vt 0.941970 0.115846
vt 0.912414 0.752203
vt 0.897413 0.742558
vt 0.918918 0.748695
vt 0.852749 0.630298
vt 0.860748 0.636690
vt 0.860046 0.637032
vt 0.754673 0.220574
vt 0.754530 0.220936
vt 0.730391 0.220730
vt 0.448890 0.711731
vt 0.449937 0.723385
vt 0.448336 0.711770
vt 0.435290 0.528973
vt 0.435542 0.529152
vt 0.435301 0.529155
vt 0.082077 0.721134
vt 0.081883 0.757924
vt 0.081883 0.721201
vt 0.531641 0.803511
vt 0.532070 0.803110
vt 0.532034 0.803510
vt 0.203492 0.879360
vt 0.203628 0.879689
vt 0.285537 0.879118
vt 0.285402 0.879447
vt 0.285198 0.879374
vt 0.583209 0.200466
vt 0.583209 0.226161
vt 0.798751 0.580639
vt 0.797644 0.581191
vt 0.797908 0.580542
vt 0.760153 0.587911
vt 0.760130 0.587505
vt 0.760303 0.587630
vt 0.879821 0.797344
vt 0.880434 0.797918
vt 0.879836 0.797772
vt 0.950166 0.132071
vt 0.949903 0.131862
vt 0.811451 0.467296
vt 0.812928 0.467659
vt 0.811956 0.468226
vt 0.333938 0.928638
vt 0.314385 0.577221
vt 0.722392 0.415806
vt 0.722392 0.416271
vt 0.575785 0.508612
vt 0.575588 0.492253
vt 0.575785 0.492253
vt 0.935702 0.419881
vt 0.935552 0.419502
vt 0.935859 0.419658
vt 0.448976 0.611716
vt 0.449954 0.622940
vt 0.448391 0.611854
vt 0.728694 0.871775
vt 0.728953 0.872617
vt 0.728413 0.872340
vt 0.943667 0.006989
vt 0.943667 0.081693
vt 0.912830 0.074975
vt 0.285849 0.761482
vt 0.285198 0.866464
vt 0.285198 0.761774
vt 0.242692 0.751620
vt 0.228244 0.583948
vt 0.243494 0.751910
vt 0.166500 0.958706
vt 0.155039 0.883620
vt 0.166500 0.884199
vt 0.927275 0.189564
vt 0.899279 0.214535
vt 0.927022 0.189127
vt 0.886726 0.223642
vt 0.886911 0.223720
vt 0.446506 0.673729
vt 0.446990 0.673063
vt 0.446898 0.673684
vt 0.880613 0.558720
vt 0.880052 0.559061
vt 0.880010 0.558558
vt 0.947075 0.587157
vt 0.946452 0.587475
vt 0.893036 0.559145
vt 0.892525 0.558558
vt 0.893132 0.558585
vt 0.822383 0.436457
vt 0.823140 0.437226
vt 0.822383 0.437180
vt 0.944644 0.004722
vt 0.957752 0.000633
vt 0.958541 0.062298
vt 0.971345 0.458351
vt 0.963703 0.453167
vt 0.633542 0.714728
vt 0.629896 0.717633
vt 0.629474 0.716719
vt 0.839728 0.959024
vt 0.860421 0.961812
vt 0.839643 0.959335
vt 0.799940 0.615376
vt 0.800719 0.595333
vt 0.398984 0.644800
vt 0.400223 0.570922
vt 0.399190 0.644843
vt 0.725404 0.397329
vt 0.533702 0.762869
vt 0.533947 0.762661
vt 0.533952 0.762920
vt 0.839627 0.875565
vt 0.821176 0.954544
vt 0.821176 0.877704
vt 0.759958 0.587828
vt 0.760985 0.624690
vt 0.759470 0.587570
vt 0.958231 0.333602
vt 0.958217 0.333252
vt 0.906547 0.872929
vt 0.761299 0.487658
vt 0.761502 0.488700
vt 0.760851 0.488572
vt 0.816988 0.625272
vt 0.852885 0.623490
vt 0.895602 0.226234
vt 0.895484 0.226444
vt 0.895452 0.226271
vt 0.431161 0.635592
vt 0.431342 0.635266
vt 0.431357 0.635581
vt 0.202466 0.877980
vt 0.203718 0.879279
vt 0.396154 0.569556
vt 0.420626 0.540572
vt 0.396855 0.569870
vt 0.055415 0.584650
vt 0.067641 0.756121
vt 0.054934 0.584602
vt 0.641393 0.814243
vt 0.641002 0.813722
vt 0.641531 0.813852
vt 0.540366 0.803675
vt 0.975927 0.897252
vt 0.976179 0.874324
vt 0.976179 0.897147
vt 0.419845 0.863365
vt 0.419601 0.863439
vt 0.419386 0.863106
vt 0.560739 0.863508
vt 0.545096 0.712303
vt 0.533497 0.633574
vt 0.545096 0.633519
vt 0.226279 0.576280
vt 0.226033 0.576553
vt 0.226123 0.576252
vt 0.865523 0.559049
vt 0.865868 0.559695
vt 0.865357 0.559658
vt 0.575610 0.517860
vt 0.574922 0.578646
vt 0.574923 0.517611
vt 0.861702 0.630846
vt 0.861191 0.629717
vt 0.861796 0.630039
vt 0.962847 0.802645
vt 0.968721 0.804993
vt 0.967160 0.805652
vt 0.725749 0.446804
vt 0.725569 0.447178
vt 0.880697 0.626378
vt 0.884646 0.625907
vt 0.884663 0.626130
vt 0.936227 0.629812
vt 0.936953 0.630232
vt 0.936361 0.630174
vt 0.782441 0.344016
vt 0.782002 0.345277
vt 0.781539 0.344438
vt 0.541490 0.980201
vt 0.565410 0.975190
vt 0.781539 0.235998
vt 0.799500 0.226234
vt 0.334145 0.928663
vt 0.339252 0.995556
vt 0.946996 0.496401
vt 0.947480 0.496675
vt 0.947195 0.496835
vt 0.703406 0.899404
vt 0.080365 0.617707
vt 0.084519 0.620241
vt 0.080001 0.618601
vt 0.702384 0.438273
vt 0.702060 0.411398
vt 0.702384 0.411509
vt 0.575783 0.492008
vt 0.575588 0.492008
vt 0.431573 0.639857
vt 0.662857 0.222062
vt 0.662831 0.221361
vt 0.663535 0.221307
vt 0.895857 0.752693
vt 0.927801 0.822737
vt 0.892772 0.754792
vt 0.843027 0.875437
vt 0.847615 0.875248
vt 0.431769 0.606099
vt 0.431147 0.635277
vt 0.431573 0.606111
vt 0.779722 0.887878
vt 0.781543 0.888983
vt 0.573595 0.458314
vt 0.532985 0.459519
vt 0.573251 0.457389
vt 0.074009 0.722084
vt 0.078305 0.662297
vt 0.078524 0.662337
vt 0.115000 -0.000000
vt -0.000000 0.016387
vt 0.001185 0.009396
vt 0.814809 0.585587
vt 0.801813 0.583989
vt 0.814852 0.585356
vt 0.099891 0.835495
vt 0.099859 0.834897
vt 0.917593 0.292686
vt 0.917452 0.292367
vt 0.446791 0.897514
vt 0.795898 0.352838
vt 0.782935 0.344911
vt 0.780982 0.227004
vt 0.779931 0.226779
vt 0.780594 0.226420
vt 0.922488 0.948584
vt 0.922633 0.948745
vt 0.922465 0.948779
vt 0.078539 0.660487
vt 0.071125 0.660070
vt 0.944417 0.891583
vt 0.925626 0.894273
vt 0.944467 0.891315
vt 0.950201 0.830419
vt 0.931209 0.752736
vt 0.950201 0.752749
vt 0.744666 0.449103
vt 0.745764 0.395412
vt 0.745297 0.449282
vt 0.839627 0.942026
vt 0.840275 0.942647
vt 0.839688 0.942584
vt 0.725750 0.447886
vt 0.725749 0.448485
vt 0.398973 0.645017
vt 0.944375 0.861122
vt 0.951812 0.860714
vt 0.957584 0.874505
vt 0.321289 0.970203
vt 0.295566 0.970526
vt 0.295560 0.970203
vt 0.986215 0.695807
vt 0.950132 0.693452
vt 0.986243 0.694951
vt 0.532801 0.633689
vt 0.533341 0.634158
vt 0.532691 0.634139
vt 0.861385 0.860484
vt 0.880287 0.798559
vt 0.861593 0.860544
vt 0.784326 0.344187
vt 0.795905 0.350546
vt 0.795833 0.351224
vt 0.333727 0.928567
vt 0.333673 0.928277
vt 0.333821 0.928379
vt 0.012801 0.955143
vt 0.011928 0.880631
vt 0.012801 0.880636
vt 0.980787 0.076152
vt 0.943667 0.113083
vt 0.944681 0.077659
vt 0.431019 0.556379
vt 0.946079 0.533851
vt 0.939174 0.610933
vt 0.939174 0.533593
vt 0.628651 0.780366
vt 0.870469 0.627521
vt 0.875044 0.627731
vt 0.870461 0.627731
vt 0.674060 0.410251
vt 0.678878 0.413041
vt 0.678532 0.413217
vt 0.645679 0.715525
vt 0.645549 0.715304
vt 0.829008 0.354292
vt 0.828861 0.354030
vt 0.816514 0.577700
vt 0.816988 0.576875
vt 0.936339 0.706796
vt 0.936951 0.706884
vt 0.802394 0.984981
vt 0.802062 0.985123
vt 0.802145 0.984888
vt 0.927633 0.822860
vt 0.899991 0.334734
vt 0.899857 0.334503
vt 0.396154 0.449951
vt 0.377757 0.448332
vt 0.395764 0.449045
vt 0.879063 0.797288
vt 0.861618 0.752549
vt 0.574108 0.454599
vt 0.303909 0.879021
vt 0.304188 0.880505
vt 0.303848 0.880530
vt 0.533944 0.762398
vt 0.539520 0.762581
vt 0.240556 0.757209
vt 0.427452 0.675099
vt 0.446265 0.833081
vt 0.426998 0.674998
vt 0.647205 0.825625
vt 0.695293 0.875610
vt 0.654489 0.893332
vt 0.729951 0.210778
vt 0.702423 0.210295
vt 0.730058 0.210392
vt 0.575807 0.227530
vt 0.594172 0.226235
vt 0.594253 0.227123
vt 0.981040 0.939087
vt 0.980611 0.938612
vt 0.981215 0.938721
vt 0.966792 0.137425
vt 0.971584 0.135262
vt 0.967067 0.139198
vt 0.885808 0.101857
vt 0.877317 0.101777
vt 0.885621 0.101613
vt 0.972657 0.579885
vt 0.069964 0.715133
vt 0.073866 0.712205
vt 0.070266 0.715299
vt 0.531641 0.904722
vt 0.798561 0.582958
vt 0.445881 0.673821
vt 0.445778 0.673195
vt 0.781564 0.622832
vt 0.781415 0.622988
vt 0.951436 0.593959
vt 0.539712 0.712554
vt 0.539974 0.712584
vt 0.539779 0.762348
vt 0.892432 0.755053
vt 0.892210 0.754976
vt 0.745550 0.395351
vt 0.745407 0.395196
vt 0.745607 0.395206
vt 0.399325 0.645079
vt 0.829173 0.015145
vt 0.132020 0.157294
vt 0.117610 0.007090
vt 0.892210 0.800246
vt 0.574727 0.516189
vt 0.574554 0.517040
vt 0.574288 0.516187
vt 0.682817 0.226234
vt 0.682808 0.227083
vt 0.638519 0.227083
vt 0.213545 0.080625
vt 0.131975 0.080625
vt 0.759160 0.486397
vt 0.797541 0.458876
vt 0.541490 0.946152
vt 0.566809 0.945251
vt 0.542889 0.950263
vt 0.494773 0.230221
vt 0.493803 0.230190
vt 0.494149 0.226564
vt 0.498941 0.453088
vt 0.485293 0.453771
vt 0.485602 0.453421
vt 0.834801 0.354297
vt 0.834794 0.354032
vt 0.779047 0.616595
vt 0.778896 0.616928
vt 0.778409 0.616709
vt 0.975827 0.000262
vt 0.976247 -0.000000
vt 0.976221 0.000260
vt 0.451233 0.635705
vt 0.451955 0.635941
vt 0.451594 0.636474
vt 0.497046 0.812237
vt 0.494620 0.905364
vt 0.494234 0.905428
vt 0.304211 0.880848
vt 0.680648 0.412266
vt 0.591160 0.684034
vt 0.592296 0.679542
vt 0.951829 0.627525
vt 0.113506 0.904693
vt 0.111836 0.836184
vt 0.895977 0.752620
vt 0.930747 0.822667
vt 0.744463 0.450832
vt 0.726621 0.449452
vt 0.744171 0.450362
vt 0.792268 0.873451
vt 0.779722 0.793652
vt 0.780078 0.793518
vt 0.927621 0.823138
vt 0.927461 0.822999
vt 0.950300 0.752562
vt 0.950501 0.752746
vt 0.897243 0.742577
vt 0.897385 0.742826
vt 0.919114 0.748715
vt 0.918956 0.748957
vt 0.912654 0.075177
vt 0.912515 0.074962
vt 0.912569 0.752402
vt 0.912268 0.752395
vt 0.930965 0.752732
vt 0.931157 0.752549
vt 0.567044 0.945210
vt 0.895551 0.305515
vt 0.895511 0.305768
vt 0.895368 0.305609
vt 0.963736 0.510586
vt 0.963679 0.510888
vt 0.963231 0.510831
vt 0.975827 0.033826
vt 0.222201 0.954143
vt 0.222523 0.877302
vt 0.390181 0.922155
vt 0.001043 0.757165
vt 0.065969 0.760940
vt 0.002746 0.761030
vt 0.566482 0.199107
vt 0.566602 0.199460
vt 0.566482 0.199430
vt 0.917890 0.292537
vt 0.853466 0.623917
vt 0.446434 0.899605
vt 0.446660 0.899998
vt 0.446313 0.899949
vt 0.521120 0.802857
vt 0.521113 0.803110
vt 0.520985 0.803051
vt 0.875244 0.627718
vt 0.875402 0.627504
vt 0.875344 0.627709
vt 0.726792 0.629717
vt 0.726069 0.629952
vt 0.400770 0.586311
vt 0.400716 0.586565
vt 0.400621 0.586290
vt 0.896094 0.334275
vt 0.900388 0.411134
vt 0.897758 0.412438
vt 0.755011 0.220674
vt 0.754846 0.221091
vt 0.099313 0.943179
vt 0.562652 0.750924
vt 0.563034 0.751813
vt 0.562569 0.751684
vt 0.876643 0.335713
vt 0.896094 0.334815
vt 0.876636 0.336138
vt 0.447706 0.955576
vt 0.447922 0.955552
vt 0.447781 0.955832
vt 0.700651 0.432323
vt 0.700865 0.432151
vt 0.700878 0.432474
vt 0.695695 0.416792
vt 0.695790 0.416580
vt 0.695955 0.416763
vt 0.261646 0.658430
vt 0.261411 0.658560
vt 0.567685 0.199317
vt 0.567505 0.199422
vt 0.567505 0.199124
vt 0.434953 0.965885
vt 0.435146 0.966046
vt 0.434850 0.966090
vt 0.787426 0.586017
vt 0.801510 0.594010
vt 0.800580 0.595058
vt 0.860507 0.945348
vt 0.839728 0.942871
vt 0.897243 0.736715
vt 0.861702 0.735610
vt 0.897148 0.735947
vt 0.835545 0.023403
vt 0.867355 0.000000
vt 0.877317 0.008149
vt 0.936762 0.629717
vt 0.540181 0.803270
vt 0.660143 0.449463
vt 0.660143 0.411947
vt 0.660345 0.411971
vt 0.666127 0.406756
vt 0.838986 0.262579
vt 0.837647 0.262169
vt 0.094306 0.881206
vt 0.645601 0.824902
vt 0.646049 0.825030
vt 0.976058 0.897417
vt 0.963194 0.906821
vt 0.576164 0.813833
vt 0.627572 0.813689
vt 0.627465 0.813960
vt 0.943026 0.416409
vt 0.943278 0.415802
vt 0.755213 0.219526
vt 0.760514 0.222510
vt 0.760286 0.222710
vt 0.928252 0.704683
vt 0.927937 0.629989
vt 0.928252 0.629976
vt 0.273462 0.677052
vt 0.273462 0.689194
vt 0.272736 0.688972
vt 0.968868 0.805293
vt 0.967306 0.843829
vt 0.967306 0.805952
vt 0.847600 0.875659
vt 0.369719 0.674469
vt 0.383072 0.674998
vt 0.680773 0.417820
vt 0.692167 0.407993
vt 0.680898 0.418019
vt 0.680486 0.449509
vt 0.679243 0.448916
vt 0.680648 0.449244
vt 0.876555 0.875928
vt 0.875771 0.948487
vt 0.875384 0.948355
vt 0.178980 0.954623
vt 0.200201 0.971291
vt 0.175349 0.971291
vt 0.726904 0.752762
vt 0.726516 0.752140
vt 0.727142 0.751702
vt 0.880681 0.626156
vt 0.892402 0.559145
vt 0.725749 0.397290
vt 0.430095 0.546079
vt 0.429839 0.573811
vt 0.429839 0.546079
vt 0.532485 0.229863
vt 0.575807 0.227142
vt 0.532484 0.230806
vt 0.599515 0.031064
vt 0.599683 0.030113
vt 0.600590 0.030397
vt 0.430784 0.555572
vt 0.431351 0.555571
vt 0.431381 0.556378
vt 0.949905 0.132326
vt 0.166500 0.855034
vt 0.129306 0.882567
vt 0.166388 0.854353
vt 0.574375 0.578437
vt 0.574923 0.517873
vt 0.574923 0.578442
vt 0.816863 0.589776
vt 0.815069 0.585539
vt 0.886915 0.454810
vt 0.907663 0.495069
vt 0.907916 0.453419
vt 0.914635 0.453167
vt 0.575800 0.508914
vt 0.575589 0.509203
vt 0.575604 0.508913
vt 0.702060 0.438335
vt 0.702243 0.438722
vt 0.701511 0.438710
vt 0.466543 0.809113
vt 0.467168 0.808891
vt 0.466950 0.809201
vt 0.952521 0.591723
vt 0.952989 0.591718
vt 0.953023 0.592188
vt 0.860406 0.945124
vt 0.495684 0.809568
vt 0.495890 0.809888
vt 0.861058 0.860298
vt 0.878705 0.797832
vt 0.879090 0.798120
vt 0.958907 0.062492
vt 0.958762 0.062282
vt 0.958944 0.062282
vt 0.429151 0.555142
vt 0.429335 0.582876
vt 0.429151 0.582875
vt 0.563293 0.635693
vt 0.226123 0.580997
vt 0.226190 0.576581
vt 0.226279 0.581025
vt 0.860641 0.944985
vt 0.860763 0.945257
vt 0.977153 0.334708
vt 0.977337 0.335617
vt 0.069699 0.654773
vt 0.069102 0.654995
vt 0.068764 0.654373
vt 0.222564 0.876972
vt 0.239835 0.875061
vt 0.240861 0.876327
vt 0.900382 0.411355
vt 0.701694 0.410742
vt 0.702243 0.410958
vt 0.225573 0.581174
vt 0.225831 0.576520
vt 0.225831 0.581114
vt 0.645755 0.904053
vt 0.653620 0.894626
vt 0.646246 0.904290
vt 0.969734 0.508675
vt 0.969939 0.508306
vt 0.971852 0.508966
vt 0.628923 0.718113
vt 0.213581 0.078813
vt 0.213579 0.060287
vt 0.225312 0.007060
vt 0.261362 0.658251
vt 0.259733 0.654198
vt 0.259962 0.654140
vt 0.755011 0.219165
vt 0.755289 0.171876
vt 0.755289 0.219231
vt 0.129059 0.752556
vt 0.539647 0.453134
vt 0.570921 0.450489
vt 0.728373 0.793518
vt 0.749431 0.657452
vt 0.258508 0.688093
vt 0.259547 0.658644
vt 0.259733 0.658612
vt 0.821936 0.437154
vt 0.821748 0.436420
vt 0.079192 0.618373
vt 0.079536 0.617527
vt 0.429746 0.903979
vt 0.450537 0.227138
vt 0.493797 0.231133
vt 0.946607 0.497100
vt 0.574149 0.691600
vt 0.573640 0.690707
vt 0.574194 0.690746
vt 0.935240 0.707247
vt 0.935696 0.706692
vt 0.935721 0.707308
vt 0.441078 0.528849
vt 0.441044 0.528588
vt 0.821230 0.361762
vt 0.781539 0.428841
vt 0.952562 0.590676
vt 0.952488 0.590975
vt 0.745758 0.395249
vt 0.539323 0.453502
vt 0.256948 0.658308
vt 0.257093 0.658653
vt 0.256907 0.658620
vt 0.432460 0.672581
vt 0.432110 0.611960
vt 0.829173 0.121454
vt 0.828634 0.120128
vt 0.829588 0.120692
vt 0.728516 0.873037
vt 0.728108 0.872638
vt 0.561848 0.752301
vt 0.545811 0.751109
vt 0.799029 0.615416
vt 0.785812 0.624970
vt 0.798835 0.615254
vt 0.429733 0.904403
vt 0.430002 0.904224
vt 0.951499 0.813765
vt 0.951123 0.813992
vt 0.951262 0.813665
vt 0.765779 0.628238
vt 0.765387 0.627877
vt 0.765751 0.627842
vt 0.979569 0.957977
vt 0.979030 0.958351
vt 0.978844 0.957838
vt 0.764189 0.585162
vt 0.764518 0.584961
vt 0.764491 0.585171
vt 0.200182 0.971613
vt 0.176386 0.987521
vt 0.175330 0.971613
vt 0.000824 0.756217
vt 0.978239 0.957965
vt 0.930856 0.822860
vt 0.670886 0.456924
vt 0.222574 0.000027
vt 0.215903 0.007058
vt 0.216019 0.000000
vt 0.958888 0.190066
vt 0.958600 0.190111
vt 0.100615 0.719338
vt 0.116841 0.718584
vt 0.116882 0.719338
vt 0.429152 0.583320
vt 0.429460 0.583261
vt 0.429460 0.599494
vt 0.895464 0.305322
vt 0.834445 0.012754
vt 0.818852 0.000000
vt 0.855039 0.584888
vt 0.854400 0.583966
vt 0.789530 0.793603
vt 0.792625 0.873317
vt 0.539770 0.762600
vt 0.539524 0.762841
vt 0.786996 0.583989
vt 0.787292 0.583992
vt 0.787349 0.584278
vt 0.967066 0.139529
vt 0.582917 0.226174
vt 0.582917 0.200479
vt 0.653307 0.893795
vt 0.654050 0.894144
vt 0.653612 0.894285
vt 0.108275 0.834830
vt 0.108031 0.834897
vt 0.108059 0.834693
vt 0.633964 0.679572
vt 0.643896 0.692490
vt 0.643671 0.692753
vt 0.842297 0.260363
vt 0.841884 0.259485
vt 0.899852 0.948995
vt 0.900245 0.982667
vt 0.899852 0.982666
vt 0.695965 0.449886
vt 0.695695 0.449890
vt 0.390546 0.923004
vt 0.412813 0.864137
vt 0.413092 0.864282
vt 0.887155 0.223601
vt 0.887314 0.144638
vt 0.887334 0.223604
vt 0.276401 0.977490
vt 0.242099 0.978237
vt 0.242237 0.977391
vt 0.099677 0.836089
vt 0.099411 0.835334
vt 0.339459 0.995581
vt 0.392665 0.998647
vt 0.339376 0.995747
vt 0.944654 0.076803
vt 0.575784 0.513787
vt 0.575588 0.513785
vt 0.129166 0.007059
vt 0.334331 0.833081
vt 0.966360 0.137105
vt 0.936174 0.707381
vt 0.785101 0.240089
vt 0.784226 0.239451
vt 0.778754 0.594602
vt 0.801282 0.890610
vt 0.789879 0.953668
vt 0.789627 0.953713
vt 0.801986 0.873826
vt 0.801085 0.875909
vt 0.400971 0.571048
vt 0.420414 0.673262
vt 0.400971 0.671938
vt 0.948013 0.631696
vt 0.950105 0.699028
vt 0.949683 0.698979
vt 0.950498 0.629871
vt 0.950197 0.629717
vt 0.583819 0.917873
vt 0.583902 0.918038
vt 0.583694 0.918065
vt 0.896755 0.423527
vt 0.922211 0.421149
vt 0.432110 0.672607
vt 0.432586 0.673177
vt 0.432340 0.673196
vt 0.638953 0.226234
vt 0.943327 0.720985
vt 0.920802 0.711875
vt 0.944725 0.716875
vt 0.532517 0.721593
vt 0.532467 0.721289
vt 0.532594 0.721347
vt 0.435390 0.612253
vt 0.887009 0.144388
vt 0.887159 0.144426
vt 0.977153 0.397473
vt 0.976484 0.397197
vt 0.592863 0.200390
vt 0.593083 0.226234
vt 0.592863 0.226229
vt 0.867903 0.335717
vt 0.867903 0.436607
vt 0.430960 0.980216
vt 0.393507 0.939755
vt 0.429406 0.941529
vt 0.539974 0.712358
vt 0.542941 0.729310
vt 0.542756 0.729293
vt 0.441284 0.528358
vt 0.441296 0.528540
vt 0.798561 0.458860
vt 0.798664 0.460520
vt 0.225573 0.576443
vt 0.827458 0.107423
vt 0.828634 0.108164
vt 0.827458 0.119198
vt 0.545806 0.634211
vt 0.561843 0.635402
vt 0.816483 0.124421
vt 0.816105 0.125061
vt 0.784289 0.092287
vt 0.430164 0.448315
vt 0.430046 0.448676
vt 0.978930 0.956798
vt 0.979224 0.957575
vt 0.978814 0.957375
vt 0.440075 0.838569
vt 0.447077 0.897554
vt 0.796876 0.351185
vt 0.796766 0.350514
vt 0.578111 0.798752
vt 0.979773 0.111576
vt 0.213586 0.125113
vt 0.468045 0.454669
vt 0.468901 0.453771
vt 0.468906 0.454622
vt 0.782309 0.086902
vt 0.782436 0.086690
vt 0.777795 0.594692
vt 0.777643 0.594811
vt 0.573226 0.746469
vt 0.563313 0.752946
vt 0.572869 0.745897
vt 0.897359 0.722444
vt 0.465774 0.811049
vt 0.466181 0.811137
vt 0.963366 0.510539
vt 0.222224 0.876961
vt 0.222201 0.877292
vt 0.203832 0.875152
vt 0.905971 0.081922
vt 0.933701 0.115315
vt 0.905971 0.115247
vt 0.939209 0.533296
vt 0.945930 0.533547
vt 0.963308 0.455730
vt 0.963358 0.456478
vt 0.775694 0.900509
vt 0.775548 0.900651
vt 0.303569 0.879046
vt 0.574949 0.939409
vt 0.574330 0.938897
vt 0.574973 0.938792
vt 0.897148 0.631183
vt 0.702423 0.182562
vt 0.723921 0.797469
vt 0.338326 0.922337
vt 0.335370 0.928135
vt 0.333571 0.926986
vt 0.971498 0.550103
vt 0.954074 0.535901
vt 0.954127 0.535373
vt 0.430972 0.964311
vt 0.895677 0.305269
vt 0.895701 0.305478
vt 0.657034 0.797117
vt 0.657338 0.797138
vt 0.657092 0.797215
vt 0.797644 0.460536
vt 0.797908 0.461011
vt 0.787021 0.584274
vt 0.574727 0.454632
vt 0.574554 0.453771
vt 0.574993 0.453774
vt 0.760514 0.168957
vt 0.777197 0.182555
vt 0.450074 0.610956
vt 0.450117 0.611151
vt 0.444615 0.611716
vt 0.762020 0.395307
vt 0.745941 0.407056
vt 0.761744 0.395196
vt 0.666608 0.406783
vt 0.683668 0.227132
vt 0.963100 0.446496
vt 0.958450 0.450214
vt 0.943602 0.439581
vt 0.795986 0.353829
vt 0.070729 0.636525
vt 0.070037 0.637208
vt 0.070168 0.636497
vt 0.761502 0.549233
vt 0.154166 0.958132
vt 0.155039 0.958127
vt 0.787427 0.586424
vt 0.800284 0.595261
vt 0.816907 0.006350
vt 0.816181 0.005127
vt 0.784966 0.091955
vt 0.783897 0.091320
vt 0.784613 0.091086
vt 0.207573 0.583738
vt 0.213590 0.157295
vt 0.760214 0.625187
vt 0.759160 0.587397
vt 0.661079 0.419526
vt 0.661304 0.419546
vt 0.242436 0.752556
vt 0.128806 0.751620
vt 0.905582 0.000986
vt 0.912515 0.000259
vt 0.255470 0.653843
vt 0.262856 0.576452
vt 0.262856 0.653772
vt 0.802659 0.844262
vt 0.860046 0.845377
vt 0.802393 0.845120
vt 0.966814 0.805822
vt 0.965751 0.805081
vt 0.896733 0.423213
vt 0.784092 0.953713
vt 0.802394 0.968528
vt 0.660729 0.439817
vt 0.661192 0.439637
vt 0.102527 0.834897
vt 0.102556 0.834693
vt 0.919356 0.716295
vt 0.920567 0.746073
vt 0.919114 0.716301
vt 0.853193 0.629717
vt 0.430092 0.545696
vt 0.429836 0.545696
vt 0.780790 0.587902
vt 0.787098 0.586014
vt 0.782101 0.588923
vt 0.573603 0.604612
vt 0.574166 0.599590
vt 0.573859 0.604618
vt 0.717093 0.396012
vt 0.583152 0.200263
vt 0.575392 0.226234
vt 0.637595 0.983172
vt 0.578568 0.985324
vt 0.637707 0.982542
vt 0.102299 0.834686
vt 0.828191 0.120942
vt 0.321295 0.970525
vt 0.322532 0.987331
vt 0.296803 0.987331
vt 0.745063 0.449834
vt 0.745030 0.450605
vt 0.744727 0.450157
vt 0.663353 0.222024
vt 0.713063 0.395116
vt 0.428406 0.455619
vt 0.429151 0.562320
vt 0.428406 0.562549
vt 0.052838 0.956443
vt 0.080572 0.988127
vt 0.052838 0.988094
vt 0.876206 0.335716
vt 0.017448 0.584432
vt 0.017582 0.584656
vt 0.017122 0.584705
vt 0.055098 0.584378
vt 0.972235 0.294870
vt 0.971991 0.295314
vt 0.971886 0.294974
vt 0.971886 0.232309
vt 0.971991 0.232022
vt 0.972235 0.232455
vt 0.524252 0.633246
vt 0.524729 0.633268
vt 0.524449 0.633519
vt 0.666353 0.407075
vt 0.803573 0.875454
vt 0.820814 0.877384
vt 0.802543 0.876720
vt 0.895872 0.227880
vt 0.896148 0.227742
vt 0.541621 0.754295
vt 0.541818 0.754204
vt 0.542937 0.950574
vt 0.429953 0.448314
vt 0.203832 0.953153
vt 0.078355 0.662088
vt 0.801426 0.876049
vt 0.955357 0.063372
vt 0.955559 0.063346
vt 0.598303 0.452478
vt 0.692443 0.797411
vt 0.646893 0.825046
vt 0.692336 0.797215
vt 0.428531 0.902734
vt 0.429491 0.904149
vt 0.439789 0.838529
vt 0.861082 0.630645
vt 0.540366 0.904886
vt 0.739828 0.901589
vt 0.738955 0.976331
vt 0.738955 0.901591
vt 0.575610 0.578363
vt 0.575445 0.579228
vt 0.575445 0.517043
vt 0.450494 0.622481
vt 0.450537 0.623342
vt 0.430784 0.448879
vt 0.430164 0.449121
vt 0.430258 0.448314
vt 0.430784 0.554092
vt 0.430258 0.554653
vt 0.430164 0.553886
vt 0.567071 0.200046
vt 0.567564 0.199576
vt 0.567564 0.200432
vt 0.778269 0.594443
vt 0.777965 0.595016
vt 0.877166 0.872862
vt 0.877596 0.873009
vt 0.938336 0.328708
vt 0.760702 0.625290
vt 0.760512 0.624978
vt 0.068723 0.676671
vt 0.068532 0.676341
vt 0.068726 0.676349
vt 0.339179 0.995714
vt 0.339031 0.995664
vt 0.339042 0.995485
vt 0.451162 0.637138
vt 0.450880 0.757632
vt 0.450537 0.636699
vt 0.578542 0.985106
vt 0.637629 0.981898
vt 0.951374 0.814059
vt 0.255180 0.576510
vt 0.255180 0.653830
vt 0.496660 0.812302
vt 0.421649 0.843282
vt 0.428410 0.902428
vt 0.421408 0.843443
vt 0.969442 0.459358
vt 0.968989 0.459583
vt 0.936758 0.707492
vt 0.935938 0.707669
vt 0.860312 0.844519
vt 0.802659 0.782704
vt 0.860312 0.782961
vt 0.651062 0.223718
vt 0.655741 0.223751
vt 0.650990 0.223980
vt 0.573914 0.939595
vt 0.573718 0.938986
vt 0.451505 0.758071
vt 0.638519 0.418747
vt 0.638681 0.441180
vt 0.638519 0.441027
vt 0.641847 0.814160
vt 0.641879 0.813562
vt 0.642327 0.813999
vt 0.450537 0.711709
vt 0.448951 0.700308
vt 0.449517 0.700287
vt 0.420626 0.477302
vt 0.396154 0.448629
vt 0.396855 0.448314
vt 0.011874 0.880053
vt 0.098702 0.956378
vt 0.746070 0.407278
vt 0.745764 0.434692
vt 0.745764 0.407424
vt 0.897243 0.630376
vt 0.111640 0.835629
vt 0.067440 0.757070
vt 0.420407 0.571946
vt 0.420414 0.572371
vt 0.950846 0.835962
vt 0.702544 0.121793
vt 0.702873 0.000771
vt 0.563946 0.753315
vt 0.778285 0.822126
vt 0.736245 0.804315
vt 0.276401 0.916864
vt 0.962075 0.301532
vt 0.204693 0.954512
vt 0.204672 0.954312
vt 0.230400 0.954312
vt 0.951410 0.593699
vt 0.466075 0.811576
vt 0.900593 0.411164
vt 0.784289 0.031311
vt 0.784613 0.032308
vt 0.783897 0.032162
vt 0.226033 0.576442
vt 0.225831 0.581061
vt 0.225831 0.576482
vt 0.866339 0.948556
vt 0.866731 0.982192
vt 0.866339 0.982190
vt 0.166530 0.767573
vt 0.241118 0.766703
vt 0.241148 0.767509
vt 0.074009 0.663876
vt 0.073672 0.711946
vt 0.073672 0.663773
vt 0.069387 0.653579
vt 0.069312 0.637215
vt 0.574973 0.862802
vt 0.575472 0.938701
vt 0.586025 0.453574
vt 0.678906 0.448752
vt 0.678733 0.449036
vt 0.678440 0.448454
vt 0.779551 0.969740
vt 0.802145 0.968590
vt 0.896094 0.452516
vt 0.921550 0.450138
vt 0.895697 0.226391
vt 0.583475 0.917958
vt 0.583622 0.917907
vt 0.540159 0.712376
vt 0.560100 0.816618
vt 0.541490 0.754390
vt 0.978293 0.956707
vt 0.922665 0.948542
vt 0.203832 0.952004
vt 0.966709 0.137049
vt 0.970414 0.134269
vt 0.876975 0.873274
vt 0.876653 0.875518
vt 0.876244 0.875378
vt 0.933701 0.081990
vt 0.934083 0.115344
vt 0.255374 0.687258
vt 0.256436 0.670548
vt 0.887111 0.144278
vt 0.836275 0.753119
vt 0.860762 0.781812
vt 0.860046 0.782107
vt 0.079543 0.685043
vt 0.573781 0.622357
vt 0.573856 0.627528
vt 0.573600 0.627524
vt 0.595141 0.226234
vt 0.638519 0.228078
vt 0.595126 0.227122
vt 0.886750 0.223457
vt 0.132006 0.032158
vt 0.085399 0.683978
vt 0.084083 0.683506
vt 0.085029 0.683044
vt 0.074009 0.722216
vt 0.078454 0.738193
vt 0.078229 0.738347
vt 0.834829 0.193076
vt 0.536084 0.951035
vt 0.535754 0.951153
vt 0.535754 0.920362
vt 0.650193 0.223970
vt 0.650416 0.207200
vt 0.650672 0.207190
vt 0.860668 0.961909
vt 0.850631 0.977102
vt 0.802028 0.890478
vt 0.801322 0.889887
vt 0.802034 0.889784
vt 0.128008 0.751910
vt 0.144876 0.583948
vt 0.117610 0.713684
vt 0.117299 0.714779
vt 0.650403 0.206807
vt 0.650193 0.201634
vt 0.650658 0.206797
vt 0.853418 0.572698
vt 0.854987 0.583846
vt 0.943278 0.721296
vt 0.919404 0.715984
vt 0.364001 0.675099
vt 0.333571 0.833261
vt 0.254784 0.625835
vt 0.254600 0.614348
vt 0.255169 0.614356
vt 0.860762 0.845672
vt 0.837411 0.324124
vt 0.966922 0.221558
vt 0.966686 0.221905
vt 0.966709 0.221591
vt 0.590225 0.683922
vt 0.591361 0.679430
vt 0.792784 0.873743
vt 0.285311 0.879038
vt 0.381383 0.391726
vt 0.367513 0.324338
vt 0.387981 0.358550
vt 0.413253 0.863978
vt 0.420127 0.865155
vt 0.674099 0.410800
vt 0.958568 0.062517
vt 0.835016 0.353895
vt 0.835033 0.354039
vt 0.575588 0.517037
vt 0.574993 0.516176
vt 0.575561 0.516175
vt 0.079064 0.686074
vt 0.574734 0.939770
vt 0.574496 0.939483
vt 0.539517 0.762319
vt 0.532034 0.904721
vt 0.069971 0.732569
vt 0.072885 0.748293
vt 0.072700 0.748311
vt 0.895652 0.305627
vt 0.895872 0.305485
vt 0.895802 0.305696
vt 0.085459 0.620705
vt 0.958154 0.397473
vt 0.958450 0.397638
vt 0.703546 0.001174
vt 0.703775 0.122462
vt 0.797541 0.582840
vt 0.860046 0.745106
vt 0.861082 0.744525
vt 0.860748 0.745448
vt 0.981621 0.939371
vt 0.532752 0.651203
vt 0.533289 0.634949
vt 0.533432 0.651257
vt 0.755011 0.172506
vt 0.865357 0.566002
vt 0.802028 0.889222
vt 0.801314 0.889090
vt 0.961788 0.226414
vt 0.450978 0.636080
vt 0.785523 0.625263
vt 0.785883 0.625224
vt 0.785899 0.625747
vt 0.447167 0.616870
vt 0.447246 0.611716
vt 0.447424 0.616866
vt 0.642529 0.892626
vt 0.642040 0.892734
vt 0.117610 0.876541
vt 0.117682 0.875872
vt 0.655914 0.223382
vt 0.656044 0.223619
vt 0.971555 0.458745
vt 0.930867 0.822593
vt 0.930965 0.822783
vt 0.560971 0.863167
vt 0.561031 0.863492
vt 0.166500 0.876408
vt 0.429576 0.554756
vt 0.396157 0.645752
vt 0.396288 0.646000
vt 0.396154 0.645961
vt 0.263088 0.696612
vt 0.273038 0.690107
vt 0.263429 0.697196
vt 0.802204 0.636724
vt 0.786922 0.655119
vt 0.786609 0.654889
vt 0.241199 0.953470
vt 0.099173 0.942888
vt 0.074655 0.722204
vt 0.078731 0.662319
vt 0.887334 0.144421
vt 0.887265 0.144210
vt 0.656044 0.223342
vt 0.662034 0.203622
vt 0.662034 0.223037
vt 0.400092 0.570673
vt 0.400017 0.570879
vt 0.944725 0.750945
vt 0.900894 0.411457
vt 0.900733 0.411406
vt 0.590610 0.810199
vt 0.633245 0.782858
vt 0.591712 0.813562
vt 0.074126 0.660915
vt 0.892616 0.754647
vt 0.968664 0.416542
vt 0.985439 0.449777
vt 0.968664 0.450213
vt 0.643896 0.720995
vt 0.633964 0.734052
vt 0.643671 0.720731
vt 0.433143 0.673152
vt 0.429302 0.554754
vt 0.429830 0.554755
vt 0.868087 0.335304
vt 0.135574 0.583738
vt 0.496299 0.809820
vt 0.496983 0.811790
vt 0.496574 0.811859
vt 0.780987 0.226234
vt 0.938869 0.533301
vt 0.070833 0.637247
vt 0.984190 0.801243
vt 0.950504 0.801237
vt 0.793520 0.876391
vt 0.782019 0.889090
vt 0.717260 0.396307
vt 0.702549 0.411113
vt 0.667369 0.025623
vt 0.665994 0.025036
vt 0.666945 0.024742
vt 0.627465 0.914133
vt 0.627354 0.914511
vt 0.576281 0.914385
vt 0.166637 0.876094
vt 0.884861 0.625908
vt 0.884869 0.626121
vt 0.377658 0.449219
vt 0.255545 0.654140
vt 0.255232 0.654127
vt 0.952949 0.590672
vt 0.086147 0.718704
vt 0.099145 0.728800
vt 0.576657 0.678552
vt 0.585411 0.453554
vt 0.895264 0.226348
vt 0.900580 0.411375
vt 0.533685 0.762435
vt 0.533699 0.762687
vt 0.923315 0.945003
vt 0.923493 0.944961
vt 0.720333 0.223977
vt 0.730271 0.210911
vt 0.720562 0.224235
vt 0.645422 0.904290
vt 0.682858 0.979962
vt 0.645422 0.979031
vt 0.836275 0.874675
vt 0.836766 0.875248
vt 0.392836 0.931361
vt 0.392911 0.998158
vt 0.780595 0.587715
vt 0.920170 0.860714
vt 0.920676 0.860845
vt 0.950131 0.830728
vt 0.950501 0.830415
vt 0.950449 0.830725
vt 0.900369 0.334605
vt 0.602211 0.025747
vt 0.666466 0.025902
vt 0.702951 0.123637
vt 0.702437 0.123071
vt 0.922424 0.421186
vt 0.935449 0.419752
vt 0.905582 0.075689
vt 0.847822 0.875300
vt 0.745507 0.450148
vt 0.576065 0.813562
vt 0.784791 0.343749
vt 0.783832 0.343292
vt 0.784362 0.342972
vt 0.080572 0.956476
vt 0.080958 0.956412
vt 0.080958 0.988063
vt 0.968686 0.508074
vt 0.969278 0.508461
vt 0.861500 0.860714
vt 0.729262 0.872035
vt 0.775800 0.900313
vt 0.545941 0.633519
vt 0.132009 0.060286
vt 0.213544 0.033770
vt 0.512158 0.962328
vt 0.512158 0.910893
vt 0.953606 0.535846
vt 0.276263 0.978336
vt 0.674351 0.450420
vt 0.678267 0.448737
vt 0.674323 0.450672
vt 0.892715 0.847110
vt 0.927333 0.823116
vt 0.927504 0.823258
vt 0.947028 0.468548
vt 0.963048 0.456696
vt 0.412952 0.863822
vt 0.145452 0.583738
vt 0.944699 0.891425
vt 0.957712 0.874749
vt 0.722941 0.398248
vt 0.723186 0.397648
vt 0.430960 0.930673
vt 0.434953 0.928135
vt 0.447706 0.936190
vt 0.565410 0.941140
vt 0.429152 0.599554
vt 0.091033 0.773189
vt 0.090448 0.764896
vt 0.098602 0.767522
vt 0.905594 0.075917
vt 0.718125 0.452689
vt 0.718291 0.452997
vt 0.400439 0.570754
vt 0.400288 0.570723
vt 0.798548 0.583988
vt 0.816907 0.126850
vt 0.421408 0.918085
vt 0.421769 0.918135
vt 0.273075 0.915506
vt 0.273462 0.915509
vt 0.273391 0.915919
vt 0.533497 0.651990
vt 0.333571 0.013094
vt 0.069461 0.654334
vt 0.070184 0.653618
vt 0.070021 0.654362
vt 0.450537 0.026243
vt 0.905582 0.000903
vt 0.886023 0.000001
vt 0.905403 0.000498
vt 0.512158 0.804023
vt 0.827458 0.017108
vt 0.827015 0.016164
vt 0.655651 0.223497
vt 0.656044 0.203622
vt 0.400439 0.570964
vt 0.513359 0.457947
vt 0.532084 0.460424
vt 0.674054 0.409841
vt 0.895270 0.305411
vt 0.102279 0.834830
vt 0.782629 0.086840
vt 0.782721 0.086923
vt 0.100322 0.913591
vt 0.946079 0.611190
vt 0.561808 0.751612
vt 0.430077 0.545696
vt 0.429836 0.545696
vt 0.574166 0.622357
vt 0.573595 0.605006
vt 0.573850 0.605012
vt 0.636493 0.201152
vt 0.535926 0.920109
vt 0.536084 0.920488
vt 0.535926 0.951426
vt 0.627829 0.813930
vt 0.575807 0.813802
vt 0.420807 0.673264
vt 0.420621 0.673487
vt 0.886014 0.101614
vt 0.802393 0.873532
vt 0.802327 0.873966
vt 0.006574 0.768509
vt 0.006322 0.761030
vt 0.680898 0.439478
vt 0.695695 0.410454
vt 0.969497 0.508067
vt 0.800453 0.226317
vt 0.254013 0.582502
vt 0.253884 0.582144
vt 0.254086 0.582115
vt 0.339183 0.924407
vt 0.338713 0.922209
vt 0.288380 0.752239
vt 0.893582 0.558634
vt 0.834829 0.013575
vt 0.541849 0.863229
vt 0.560662 0.863184
vt 0.892189 0.799638
vt 0.880413 0.797310
vt 0.531516 0.229886
vt 0.263088 0.576816
vt 0.273038 0.583021
vt 0.272367 0.583354
vt 0.782721 0.091796
vt 0.657125 0.796787
vt 0.656899 0.796921
vt 0.117385 0.588387
vt 0.115354 0.584378
vt 0.765334 0.627298
vt 0.802316 0.968188
vt 0.746070 0.434786
vt 0.745941 0.435082
vt 0.566602 0.199431
vt 0.566602 0.199107
vt 0.566907 0.199356
vt 0.073866 0.663517
vt 0.074009 0.711844
vt 0.567206 0.199431
vt 0.566907 0.199431
vt 0.567152 0.199123
vt 0.912830 0.000272
vt 0.286560 0.877735
vt 0.430960 0.964054
vt 0.817641 0.000596
vt 0.978197 0.957307
vt 0.132011 0.078812
vt 0.314716 0.581925
vt 0.880681 0.559695
vt 0.880642 0.559074
vt 0.539774 0.762783
vt 0.250032 0.766703
vt 0.241420 0.757522
vt 0.243301 0.752868
vt 0.646447 0.824630
vt 0.068350 0.757160
vt 0.429253 0.628350
vt 0.429838 0.627507
vt 0.429812 0.628368
vt 0.321244 0.874505
vt 0.322393 0.875762
vt 0.922444 0.421420
vt 0.717504 0.450596
vt 0.259506 0.658332
vt 0.259692 0.658300
vt 0.598933 0.452477
vt 0.074068 0.660487
vt 0.877317 0.000564
vt 0.885586 -0.000000
vt 0.885621 0.000400
vt 0.679080 0.449181
vt 0.560075 0.817447
vt 0.541490 0.861047
vt 0.559712 0.816905
vt 0.820855 0.877714
vt 0.802406 0.877044
vt 0.303890 0.954336
vt 0.304211 0.954312
vt 0.817220 0.124583
vt 0.816998 0.125257
vt 0.315417 0.456443
vt 0.744619 0.449709
vt 0.744016 0.449725
vt 0.780753 0.348284
vt 0.780079 0.348687
vt 0.780308 0.227407
vt 0.703924 0.000546
vt 0.703261 0.000187
vt 0.861058 0.844718
vt 0.539712 0.712358
vt 0.539963 0.712397
vt 0.802077 0.873402
vt 0.094539 0.880836
vt 0.094819 0.880883
vt 0.429151 0.455846
vt 0.779468 0.986273
vt 0.576284 0.691577
vt 0.577088 0.692179
vt 0.576578 0.693057
vt 0.573143 0.814366
vt 0.573123 0.814973
vt 0.531848 0.904965
vt 0.512158 0.905235
vt 0.834055 0.013959
vt 0.661442 0.419280
vt 0.896109 0.314252
vt 0.918454 0.294096
vt 0.897684 0.314945
vt 0.828793 0.354280
vt 0.963004 0.330821
vt 0.962761 0.330575
vt 0.400601 0.570774
vt 0.897530 0.722264
vt 0.578074 0.985495
vt 0.575979 0.987736
vt 0.575807 0.987596
vt 0.242581 0.915922
vt 0.272980 0.915916
vt 0.971053 0.550299
vt 0.435726 0.612008
vt 0.944622 0.004107
vt 0.944053 0.004208
vt 0.842297 0.256351
vt 0.895290 0.226533
vt 0.842376 0.256897
vt 0.842297 0.334894
vt 0.842618 0.334074
vt 0.867903 0.337207
vt 0.256370 0.813217
vt 0.397607 0.924213
vt 0.420153 0.865491
vt 0.601727 0.024585
vt 0.602681 0.024883
vt 0.441437 0.528463
vt 0.441340 0.528789
vt 0.781147 0.348934
vt 0.781311 0.348019
vt 0.781539 0.348747
vt 0.979773 0.063737
vt 0.943667 0.065244
vt 0.946834 0.468958
vt 0.947140 0.469018
vt 0.441540 0.528679
vt 0.254611 0.613475
vt 0.255180 0.613483
vt 0.573474 0.813679
vt 0.573595 0.814298
vt 0.701428 0.312937
vt 0.922647 0.948968
vt 0.922475 0.948936
vt 0.946242 0.468621
vt 0.531633 0.803111
vt 0.950105 0.694307
vt 0.727486 0.752315
vt 0.494669 0.231160
vt 0.861058 0.948722
vt 0.861058 0.982355
vt 0.920802 0.745944
vt 0.099815 0.718629
vt 0.099173 0.719390
vt 0.099358 0.718656
vt 0.739828 0.976330
vt 0.801649 0.594285
vt 0.969652 0.459753
vt 0.539530 0.763026
vt 0.533957 0.763106
vt 0.431672 0.448314
vt 0.431820 0.449118
vt 0.798548 0.457687
vt 0.561031 0.931104
vt 0.573716 0.862348
vt 0.071125 0.584649
vt 0.078501 0.584843
vt 0.734556 0.803782
vt 0.727486 0.794267
vt 0.734894 0.803270
vt 0.074272 0.722204
vt 0.968868 0.844471
vt 0.968721 0.844767
vt 0.726328 0.448981
vt 0.574288 0.517043
vt 0.574836 0.517048
vt 0.241148 0.873976
vt 0.241118 0.874770
vt 0.166500 0.874835
vt 0.100731 0.914240
vt 0.100151 0.914153
vt 0.966971 0.843637
vt 0.967160 0.844125
vt 0.966814 0.843953
vt 0.966555 0.843357
vt 0.966555 0.806412
vt 0.966971 0.806143
vt 0.735057 0.803859
vt 0.717468 0.450064
vt 0.717510 0.449326
vt 0.495119 0.226594
vt 0.070833 0.635989
vt 0.070534 0.636144
vt 0.098758 0.880053
vt 0.006100 0.869766
vt 0.091108 0.873672
vt 0.761905 0.487879
vt 0.531774 0.455705
vt 0.532722 0.455750
vt 0.069770 0.660487
vt 0.730271 0.182141
vt 0.720333 0.169214
vt 0.754530 0.172247
vt 0.754673 0.172607
vt 0.887334 0.206850
vt 0.887334 0.124433
vt 0.695695 0.447404
vt 0.692167 0.449779
vt 0.767015 0.446105
vt 0.762020 0.448873
vt 0.334580 0.834045
vt 0.836530 0.323736
vt 0.936423 0.707901
vt 0.880064 0.559708
vt 0.866518 0.559708
vt 0.765698 0.627263
vt 0.649938 0.223980
vt 0.943615 0.081921
vt 0.230422 0.954512
vt 0.390267 0.921715
vt 0.070149 0.732229
vt 0.070156 0.732551
vt 0.276263 0.916024
vt 0.242237 0.916765
vt 0.242099 0.915925
vt 0.862869 0.860714
vt 0.575232 0.666788
vt 0.574750 0.629372
vt 0.575798 0.666809
vt 0.723606 0.956205
vt 0.715847 0.961420
vt 0.697828 0.946539
vt 0.261175 0.658431
vt 0.259975 0.688190
vt 0.259733 0.688186
vt 0.006025 0.768916
vt 0.958944 0.001388
vt 0.958944 0.034952
vt 0.534139 0.712633
vt 0.754846 0.172093
vt 0.750930 0.169218
vt 0.760391 0.625479
vt 0.117610 0.589503
vt 0.084883 0.619346
vt 0.907781 0.531262
vt 0.914669 0.530802
vt 0.914810 0.530998
vt 0.846999 0.332799
vt 0.000000 0.756304
vt 0.835545 0.082699
vt 0.834829 0.082484
vt 0.946408 0.496666
vt 0.981986 0.999852
vt 0.981365 1.000000
vt 0.978408 0.958499
vt 0.963344 0.801243
vt 0.802393 0.781850
vt 0.098758 0.880248
vt 0.098541 0.880075
vt 0.098678 0.880053
vt 0.865883 0.559074
vt 0.866464 0.558558
vt 0.866506 0.559061
vt 0.420844 0.571949
vt 0.958406 0.000587
vt 0.958944 0.000585
vt 0.799493 0.615605
vt 0.817391 0.480035
vt 0.853977 0.453405
vt 0.653929 0.893595
vt 0.654597 0.893917
vt 0.590489 0.809156
vt 0.921737 0.416409
vt 0.095718 0.955291
vt 0.166530 0.874041
vt 0.780903 0.349863
vt 0.781418 0.349297
vt 0.842818 0.875647
vt 0.441027 0.528329
vt 0.583485 0.918137
vt 0.448895 0.905455
vt 0.574288 0.454629
vt 0.821459 0.444604
vt 0.809284 0.452578
vt 0.645499 0.715609
vt 0.938336 0.301532
vt 0.069785 0.508447
vt 0.083810 0.422289
vt 0.117610 0.584378
vt 0.629910 0.814851
vt 0.627829 0.883351
vt 0.778560 0.616376
vt 0.781539 0.226739
vt 0.895914 0.334403
vt 0.285402 0.952911
vt 0.285198 0.952838
vt 0.262896 0.576252
vt 0.255470 0.576523
vt 0.255374 0.576324
vt 0.919170 0.715943
vt 0.429151 0.672842
vt 0.429119 0.673058
vt 0.781100 0.623538
vt 0.780933 0.623259
vt 0.779551 0.986038
vt 0.816514 0.464515
vt 0.812454 0.466788
vt 0.574288 0.579319
vt 0.574846 0.579302
vt 0.575772 0.590191
vt 0.962847 0.847028
vt 0.532938 0.460465
vt 0.941255 0.219227
vt 0.940592 0.190111
vt 0.966045 0.192476
vt 0.931322 0.830715
vt 0.931209 0.830406
vt 0.787069 0.586420
vt 0.834055 0.122216
vt 0.533566 0.762753
vt 0.243415 0.499732
vt 0.589674 0.810209
vt 0.730534 0.172400
vt 0.582626 0.226219
vt 0.566266 0.226171
vt 0.566266 0.200449
vt 0.802394 0.970644
vt 0.827247 0.970644
vt 0.827267 0.970965
vt 0.947995 0.539817
vt 0.255221 0.654350
vt 0.759956 0.486923
vt 0.563195 0.634974
vt 0.630258 0.453167
vt 0.980402 0.938996
vt 0.392963 0.938774
vt 0.392911 0.939816
vt 0.765445 0.628270
vt 0.446033 0.674268
vt 0.446613 0.674043
vt 0.963343 0.848386
vt 0.205076 0.970376
vt 0.230798 0.970698
vt 0.205069 0.970698
vt 0.715847 0.899957
vt 0.723733 0.904532
vt 0.723606 0.904777
vt 0.226033 0.581157
vt 0.513808 0.457062
vt 0.517155 0.453771
vt 0.702315 0.000505
vt 0.853798 0.942647
vt 0.846936 0.333649
vt 0.847712 0.333851
vt 0.847234 0.333979
vt 0.914975 0.453172
vt 0.777197 0.210057
vt 0.447965 0.645453
vt 0.448182 0.641174
vt 0.448377 0.641186
vt 0.816998 0.007970
vt 0.918752 0.293947
vt 0.723921 0.956110
vt 0.430095 0.573811
vt 0.429836 0.574199
vt 0.895700 0.752549
vt 0.315415 0.499740
vt 0.444320 0.611514
vt 0.435576 0.529413
vt 0.444572 0.611521
vt 0.575807 0.913975
vt 0.576164 0.914007
vt 0.203970 0.874835
vt 0.572992 0.813726
vt 0.542025 0.754142
vt 0.545982 0.753315
vt 0.429906 0.545336
vt 0.561425 0.817418
vt 0.560835 0.817389
vt 0.333571 0.007211
vt 0.957430 0.938612
vt 0.957712 0.938453
vt 0.907767 0.495396
vt 0.338597 0.921779
vt 0.798987 0.614980
vt 0.799198 0.615111
vt 0.962849 0.803617
vt 0.962663 0.803831
vt 0.962533 0.803636
vt 0.946050 0.533296
vt 0.946100 0.533096
vt 0.431351 0.449107
vt 0.430814 0.448315
vt 0.431381 0.448314
vt 0.560440 0.817152
vt 0.338238 0.921897
vt 0.541596 0.754103
vt 0.678246 0.413748
vt 0.678069 0.413434
vt 0.678709 0.413532
vt 0.099822 0.719352
vt 0.072885 0.715300
vt 0.069964 0.732247
vt 0.072700 0.715317
vt 0.242363 0.814021
vt 0.242482 0.814256
vt 0.242099 0.814259
vt 0.273075 0.814250
vt 0.273200 0.814016
vt 0.273462 0.814253
vt 0.723733 0.956474
vt 0.723921 0.904887
vt 0.876429 0.437254
vt 0.447172 0.617263
vt 0.886014 0.000401
vt 0.905582 0.102116
vt 0.835050 0.354292
vt 0.839508 0.436471
vt 0.759956 0.551056
vt 0.532037 0.459474
vt 0.303890 0.880872
vt 0.429280 0.627489
vt 0.935199 0.706601
vt 0.860763 0.961563
vt 0.550049 0.225849
vt 0.549477 0.225827
vt 0.839627 0.942647
vt 0.883003 0.949358
vt 0.866731 0.948559
vt 0.644004 0.720608
vt 0.644004 0.692875
vt 0.225312 0.581582
vt 0.225573 0.581408
vt 0.225551 0.581800
vt 0.566482 0.199352
vt 0.566241 0.199460
vt 0.566241 0.199097
vt 0.567206 0.199431
vt 0.567259 0.199123
vt 0.567505 0.199431
vt 0.069770 0.693455
vt 0.068529 0.676663
vt 0.590010 0.685083
vt 0.591029 0.685205
vt 0.545096 0.750386
vt 0.545124 0.750871
vt 0.954125 0.533296
vt 0.954553 0.533347
vt 0.723186 0.446054
vt 0.722734 0.445853
vt 0.589469 0.809167
vt 0.977337 0.396510
vt 0.185180 0.880816
vt 0.484972 0.453401
vt 0.420146 0.539986
vt 0.981409 0.630304
vt 0.392911 0.930717
vt 0.578335 0.985133
vt 0.429151 0.571951
vt 0.420807 0.572373
vt 0.944663 0.003687
vt 0.652795 0.893877
vt 0.653129 0.894389
vt 0.732429 0.633323
vt 0.794819 0.629717
vt 0.444371 0.611699
vt 0.683731 0.905223
vt 0.695162 0.979744
vt 0.683731 0.979964
vt 0.784208 0.889784
vt 0.783525 0.890115
vt 0.783776 0.889528
vt 0.950846 0.813425
vt 0.962501 0.803054
vt 0.701694 0.439098
vt 0.068501 0.756207
vt 0.513148 0.230699
vt 0.534139 0.712438
vt 0.802394 0.637098
vt 0.467102 0.226234
vt 0.549636 0.226234
vt 0.893675 0.559215
vt 0.885235 0.625972
vt 0.885077 0.625931
vt 0.447070 0.897901
vt 0.532256 0.721152
vt 0.927764 0.823175
vt 0.927707 0.823310
vt 0.203832 0.879615
vt 0.575240 0.591070
vt 0.574846 0.629333
vt 0.574288 0.629350
vt 0.861189 0.860393
vt 0.453743 0.450518
vt 0.727486 0.901373
vt 0.948661 0.133506
vt 0.430489 0.554702
vt 0.430393 0.555456
vt 0.430098 0.554653
vt 0.641369 0.406756
vt 0.641397 0.407075
vt 0.950197 0.678715
vt 0.952522 0.681597
vt 0.952293 0.681859
vt 0.413955 0.862064
vt 0.414088 0.862496
vt 0.413787 0.862340
vt 0.816656 0.589950
vt 0.801917 0.615892
vt 0.801649 0.615880
vt 0.895852 0.305268
vt 0.727823 0.793755
vt 0.698340 0.000309
vt 0.892063 0.800887
vt 0.484954 0.634315
vt 0.899785 0.334703
vt 0.254215 0.576252
vt 0.957730 0.000018
vt 0.222839 0.875660
vt 0.968271 0.416543
vt 0.963100 0.450113
vt 0.963100 0.416442
vt 0.573910 0.622351
vt 0.435381 0.612036
vt 0.435607 0.611908
vt 0.435594 0.612023
vt 0.084435 0.684394
vt 0.951887 0.593701
vt 0.185022 0.954600
vt 0.717604 0.396233
vt 0.717510 0.395922
vt 0.745339 0.395350
vt 0.741630 0.395491
vt 0.741697 0.395338
vt 0.839627 0.952406
vt 0.958698 0.333541
vt 0.660767 0.418969
vt 0.660345 0.419042
vt 0.430784 0.449108
vt 0.973253 0.549204
vt 0.861058 0.861858
vt 0.575214 0.590209
vt 0.850449 0.976908
vt 0.539974 0.745557
vt 0.540065 0.745361
vt 0.256370 0.697196
vt 0.070833 0.584679
vt 0.070833 0.660100
vt 0.435525 0.528894
vt 0.660189 0.411703
vt 0.577918 0.693909
vt 0.578568 0.694063
vt 0.912479 -0.000000
vt 0.115890 0.917047
vt 0.702315 0.003030
vt 0.542413 0.861926
vt 0.541852 0.861589
vt 0.834751 0.127959
vt 0.947315 0.468650
vt 0.512338 0.803618
vt 0.099697 0.914070
vt 0.976221 0.033824
vt 0.981367 0.000527
vt 0.981367 0.034091
vt 0.940592 0.184513
vt 0.429964 0.590443
vt 0.429963 0.590722
vt 0.429836 0.590460
vt 0.852885 0.573200
vt 0.884733 0.626317
vt 0.884919 0.626253
vt 0.450492 0.723346
vt 0.823174 0.436471
vt 0.829275 0.354297
vt 0.971686 0.550515
vt 0.722185 0.445588
vt 0.446990 0.611719
vt 0.539974 0.762437
vt 0.539908 0.762663
vt 0.835182 0.083353
vt 0.867355 0.115466
vt 0.938336 0.245612
vt 0.962501 0.846616
vt 0.962533 0.846035
vt 0.876168 0.875796
vt 0.645422 0.715363
vt 0.750930 0.224030
vt 0.575561 0.454622
vt 0.333571 0.928469
vt 0.722392 0.398673
vt 0.531201 0.226257
vt 0.840524 0.115819
vt 0.887127 0.144063
vt 0.414276 0.862231
vt 0.240005 0.758074
vt 0.759642 0.587247
vt 0.764174 0.584368
vt 0.764153 0.584949
vt 0.740215 0.453167
vt 0.734467 0.456924
vt 0.734153 0.456636
vt 0.797613 0.583880
vt 0.761905 0.550095
vt 0.562597 0.752169
vt 0.885021 0.626138
vt 0.099677 0.913474
vt 0.607743 0.198756
vt 0.078709 0.662121
vt 0.712821 0.395196
vt 0.802393 0.954037
vt 0.820855 0.954555
vt 0.820989 0.954713
vt 0.662093 0.204259
vt 0.663353 0.204256
vt 0.663535 0.204999
vt 0.922704 0.949149
vt 0.338597 0.838708
vt 0.100930 0.913654
vt 0.000000 0.875518
vt 0.879673 0.798382
vt 0.540159 0.745574
vt 0.230804 0.970376
vt 0.907767 0.531061
vt 0.420146 0.477885
vt 0.420892 0.478156
vt 0.390507 0.839193
vt 0.390267 0.839397
vt 0.242482 0.915512
vt 0.575244 0.679098
vt 0.627829 0.914104
vt 0.627746 0.914479
vt 0.759321 0.587095
vt 0.419653 0.863024
vt 0.907532 0.875867
vt 0.907148 0.875997
vt 0.560828 0.940908
vt 0.560739 0.940746
vt 0.561031 0.940729
vt 0.222389 0.954312
vt 0.939034 0.611128
vt 0.938859 0.610937
vt 0.653846 0.407886
vt 0.653546 0.407893
vt 0.541681 0.940953
vt 0.098616 0.880280
vt 0.286858 0.877531
vt 0.779371 0.616755
vt 0.779227 0.617072
vt 0.449104 0.448314
vt 0.662093 0.222092
vt 0.213549 0.126956
vt 0.131979 0.126956
vt 0.900443 0.411538
vt 0.897813 0.412843
vt 0.897752 0.412659
vt 0.946079 0.593974
vt 0.541490 0.863536
vt 0.701556 0.313149
vt 0.701349 0.313296
vt 0.447077 0.833261
vt 0.702868 0.000000
vt 0.272736 0.584136
vt 0.273462 0.583920
vt 0.513988 0.453764
vt 0.513772 0.453764
vt 0.513970 0.453510
vt 0.078444 0.738507
vt 0.074009 0.754246
vt 0.074263 0.754260
vt 0.074123 0.754466
vt 0.253408 0.576438
vt 0.253198 0.576565
vt 0.253223 0.576252
vt 0.225848 0.581353
vt 0.225850 0.576252
vt 0.968271 0.450214
vt 0.242099 0.915515
vt 0.951103 0.681859
vt 0.712637 0.395157
vt 0.727976 0.872203
vt 0.892304 0.755171
vt 0.777102 0.900651
vt 0.897243 0.711459
vt 0.897243 0.636751
vt 0.333941 0.928279
vt 0.946676 0.587895
vt 0.802074 0.968284
vt 0.794119 0.953713
vt 0.052453 0.956378
vt 0.589568 0.806843
vt 0.578547 0.799563
vt 0.970930 0.579356
vt 0.430092 0.590705
vt 0.116856 0.886112
vt 0.701236 0.229104
vt 0.903258 0.226234
vt 0.645906 0.715391
vt 0.634278 0.679430
vt 0.870249 0.627516
vt 0.870251 0.627718
vt 0.816015 0.006283
vt 0.971657 0.458205
vt 0.971852 0.458571
vt 0.430814 0.556379
vt 0.793951 0.876229
vt 0.764546 0.584000
vt 0.764539 0.584380
vt 0.333989 0.448510
vt 0.376788 0.448314
vt 0.203832 0.987517
vt 0.727147 0.753176
vt 0.657256 0.796998
vt 0.394480 0.978870
vt 0.395061 0.978443
vt 0.720562 0.168957
vt 0.730391 0.210481
vt 0.450336 0.610897
vt 0.428861 0.563123
vt 0.420892 0.569610
vt 0.074009 0.660629
vt 0.450767 0.803110
vt 0.450537 0.803476
vt 0.727486 0.793274
vt 0.111957 0.914406
vt 0.962817 0.803035
vt 0.865853 0.558720
vt 0.566012 0.226187
vt 0.466690 0.225849
vt 0.467272 0.225827
vt 0.843040 0.875248
vt 0.429448 0.940668
vt 0.935189 0.705627
vt 0.928113 0.704899
vt 0.272720 0.813830
vt 0.272720 0.697808
vt 0.273462 0.697994
vt 0.896166 0.334074
vt 0.011928 0.955138
vt 0.000460 0.881209
vt 0.575785 0.509205
vt 0.573595 0.745675
vt 0.572869 0.640611
vt 0.573595 0.640839
vt 0.661233 0.419231
vt 0.570026 -0.000000
vt 0.566012 0.002701
vt 0.938750 0.423834
vt 0.938422 0.423592
vt 0.938675 0.423501
vt 0.099173 0.728586
vt 0.086295 0.718584
vt 0.940592 0.194603
vt 0.927540 0.194665
vt 0.927540 0.115881
vt 0.593336 0.226234
vt 0.593083 0.226194
vt 0.593083 0.201103
vt 0.962817 0.846643
vt 0.069964 0.660654
vt 0.582626 0.200496
vt 0.582917 0.200511
vt 0.582917 0.226234
vt 0.428967 0.571538
vt 0.420968 0.570310
vt 0.759338 0.626237
vt 0.765640 0.629717
vt 0.948235 0.539422
vt 0.948481 0.539542
vt 0.333571 0.846957
vt 0.297230 0.874068
vt 0.285849 0.866621
vt 0.658000 0.198877
vt 0.609993 0.226127
vt 0.609700 0.226163
vt 0.609700 0.201072
vt 0.839604 0.115910
vt 0.980759 0.075296
vt 0.099173 0.922906
vt 0.963100 0.400006
vt 0.519260 0.967090
vt 0.810613 0.574077
vt 0.906364 0.948556
vt 0.532553 0.721162
vt 0.432110 0.448316
vt 0.951262 0.835732
vt 0.950498 0.678560
vt 0.085841 0.619764
vt 0.899279 0.116036
vt 0.899752 0.115819
vt 0.927275 0.139383
vt 0.593336 0.201143
vt 0.867581 0.338027
vt 0.712785 0.394719
vt 0.780513 0.349350
vt 0.800791 0.876291
vt 0.512761 0.229772
vt 0.509544 0.226234
vt 0.429283 0.554755
vt 0.429466 0.554757
vt 0.429335 0.555144
vt 0.521301 0.802940
vt 0.920618 0.711688
vt 0.202693 0.877898
vt 0.449488 0.699414
vt 0.448922 0.699435
vt 0.449970 0.662027
vt 0.730534 0.220368
vt 0.682858 0.905221
vt 0.117610 0.719352
vt 0.108295 0.834686
vt 0.258135 0.654140
vt 0.257134 0.658341
vt 0.227665 0.583738
vt 0.781539 0.379506
vt 0.809284 0.354084
vt 0.927022 0.139788
vt 0.485435 0.634288
vt 0.513359 0.454622
vt 0.510285 0.634288
vt 0.448196 0.640860
vt 0.802413 0.970965
vt 0.680773 0.439683
vt 0.875260 0.627516
vt 0.000171 0.757258
vt 0.420531 0.570307
vt 0.782711 0.589637
vt 0.981986 0.939769
vt 0.979877 0.957480
vt 0.979511 0.957082
vt 0.575592 0.492008
vt 0.575788 0.492008
vt 0.447770 0.611716
vt 0.448391 0.640871
vt 0.715754 0.961579
vt 0.697878 0.946816
vt 0.441518 0.528328
vt 0.392793 0.930088
vt 0.727486 0.872153
vt 0.802684 0.743971
vt 0.969136 0.805201
vt 0.784961 0.889887
vt 0.784138 0.890478
vt 0.078720 0.661861
vt 0.078622 0.661992
vt 0.450537 0.758243
vt 0.253579 0.580761
vt 0.253481 0.576269
vt 0.253652 0.576252
vt 0.541930 0.753971
vt 0.541734 0.754039
vt 0.542604 0.861968
vt 0.166346 0.794853
vt 0.117610 0.773419
vt 0.095830 0.955381
vt 0.784202 0.889222
vt 0.834771 0.353829
vt 0.628479 0.717153
vt 0.263429 0.576252
vt 0.941233 0.219541
vt 0.767015 0.398739
vt 0.842828 0.875433
vt 0.333571 0.448314
vt 0.532609 0.634896
vt 0.925066 0.290759
vt 0.578125 0.985205
vt 0.578219 0.985393
vt 0.390267 0.922859
vt 0.673747 0.410791
vt 0.701236 0.313087
vt 0.853193 0.752549
vt 0.852749 0.751964
vt 0.943278 0.334074
vt 0.976484 0.335013
vt 0.836766 0.752549
vt 0.806068 0.987556
vt 0.802406 0.953885
vt 0.094310 0.880985
vt 0.120381 0.000038
vt 0.533696 0.763048
vt 0.803424 0.954713
vt 0.828277 0.954713
vt 0.962075 0.226234
vt 0.895872 0.226390
vt 0.861058 0.782762
vt 0.364426 0.674998
vt 0.969136 0.844554
vt 0.976058 0.874019
vt 0.927937 0.704697
vt 0.263088 0.576433
vt 0.963172 0.860714
vt 0.963426 0.860771
vt 0.262735 0.654072
vt 0.674060 0.450377
vt 0.673970 0.450619
vt 0.848153 0.334074
vt 0.533880 0.712670
vt 0.273462 0.814016
vt 0.111756 0.953808
vt 0.765974 0.629685
vt 0.519563 0.967236
vt 0.717468 0.395196
vt 0.680648 0.439386
vt 0.680648 0.418114
vt 0.513311 0.453765
vt 0.513148 0.453698
vt 0.513311 0.453502
vt 0.261411 0.658562
vt 0.225729 0.576252
vt 0.225721 0.581372
vt 0.399173 0.645049
vt 0.575432 0.939348
vt 0.876521 0.334074
vt 0.262846 0.688210
vt 0.722734 0.397878
vt 0.450366 0.611084
vt 0.801649 0.584208
vt 0.842297 0.438996
vt 0.867581 0.442129
vt 0.321669 0.954336
vt 0.780595 0.623392
vt 0.519260 0.905618
vt 0.867903 0.442874
vt 0.842618 0.439741
vt 0.968905 0.507680
vt 0.969213 0.460004
vt 0.228264 0.000000
vt 0.225312 0.007178
vt 0.475167 0.635393
vt 0.485210 0.634607
vt 0.475242 0.635705
vt 0.099173 0.913333
vt 0.962557 0.847003
vt 0.984187 0.752918
vt 0.950504 0.752549
vt 0.984190 0.752555
vt 0.393550 0.938895
vt 0.861304 0.860649
vt 0.315429 0.576252
vt 0.243430 0.576243
vt 0.810613 0.468939
vt 0.263088 0.653753
vt 0.254445 0.631388
vt 0.780595 0.617347
vt 0.575807 0.801048
vt 0.627133 0.717748
vt 0.590919 0.686854
vt 0.338238 0.838827
vt 0.717051 0.395286
vt 0.432415 0.611716
vt 0.432229 0.611742
vt 0.392087 0.838529
vt 0.545117 0.749622
vt 0.545096 0.634207
vt 0.253846 0.581061
vt 0.253655 0.581066
vt 0.253652 0.576488
vt 0.865357 0.551910
vt 0.727486 0.630709
vt 0.727045 0.630090
vt 0.966398 0.806091
vt 0.102076 0.834446
vt 0.975770 0.000002
vt 0.930965 0.830402
vt 0.430784 0.556379
vt 0.691938 0.449890
vt 0.601304 0.025463
vt 0.071027 0.660289
vt 0.400865 0.569890
vt 0.963239 0.512042
vt 0.562702 0.863831
vt 0.566012 0.000908
vt 0.922465 0.889201
vt 0.799779 0.615666
vt 0.912818 0.000014
vt 0.432840 0.449982
vt 0.948272 0.539885
vt 0.450537 0.610787
vt 0.935052 0.630413
vt 0.935199 0.630691
vt 0.955392 0.063581
vt 0.725857 0.448933
vt 0.258321 0.688012
vt 0.981490 0.678632
vt 0.657383 0.199068
vt 0.816988 0.465387
vt -0.000000 0.880652
vt 0.255180 0.625845
vt 0.254459 0.630994
vt 0.254925 0.625835
vt 0.095560 0.955330
vt 0.879427 0.797584
vt 0.784921 0.890610
vt 0.783827 0.953668
vt 0.927540 0.139992
vt 0.927540 0.188940
vt 0.645422 0.903541
vt 0.052453 0.889463
vt 0.095471 0.955129
vt 0.053938 0.955245
vt 0.449894 0.448417
vt 0.896094 0.435705
vt 0.561294 0.816171
vt 0.117538 0.718629
vt 0.590392 0.807495
vt 0.590410 0.806834
vt 0.578245 0.985635
vt 0.953544 0.536588
vt 0.070644 0.654465
vt 0.839475 0.437226
vt 0.840245 0.436457
vt 0.840180 0.437180
vt 0.575020 0.517037
vt 0.860507 0.961501
vt 0.576215 0.226631
vt 0.778439 0.594766
vt 0.635243 0.453167
vt 0.674024 0.407886
vt 0.674315 0.407893
vt 0.258322 0.688125
vt 0.802394 0.636699
vt 0.802684 0.637497
vt 0.717742 0.452718
vt 0.889196 0.558558
vt 0.588018 0.200376
vt 0.770800 0.168877
vt 0.702315 0.182177
vt 0.069474 0.636471
vt 0.099145 0.750218
vt 0.082077 0.758014
vt 0.943278 0.348373
vt 0.683772 0.226288
vt 0.700875 0.228208
vt 0.322532 0.876076
vt 0.322532 0.949540
vt 0.839350 0.117086
vt 0.847995 0.875612
vt 0.854414 0.942026
vt 0.131974 0.033769
vt 0.958779 0.062493
vt 0.432110 0.568705
vt 0.431531 0.567840
vt 0.429283 0.583259
vt 0.574251 0.940003
vt 0.827015 0.120012
vt 0.946066 0.611391
vt 0.185457 0.879332
vt 0.448988 0.662005
vt 0.896094 0.418951
vt 0.645422 0.825520
vt 0.734029 0.457008
vt 0.627577 0.718709
vt 0.783113 0.092763
vt 0.958807 0.062614
vt 0.782721 0.031340
vt 0.166703 0.949873
vt 0.759160 0.629566
vt 0.071198 0.584378
vt 0.078379 0.584568
vt 0.962663 0.845835
vt 0.656044 0.203926
vt 0.730391 0.172041
vt 0.585834 0.453167
vt 0.432110 0.556391
vt 0.799803 0.595496
vt 0.203832 0.954623
vt 0.254784 0.576260
vt 0.088935 0.772294
vt 0.817000 0.127828
vt 0.285638 0.867273
vt 0.296690 0.874505
vt 0.389342 0.924232
vt 0.578427 0.693032
vt 0.579011 0.693300
vt 0.321982 0.754201
vt 0.429830 0.603439
vt 0.429546 0.603076
vt 0.802394 0.744773
vt 0.254039 0.764317
vt 0.875051 0.627521
vt 0.962849 0.846062
vt 0.651192 0.203958
vt 0.655781 0.203736
vt 0.254714 0.631005
vt 0.816015 0.126654
vt 0.925469 0.894423
vt 0.925726 0.894517
vt 0.905582 0.115274
vt 0.905582 0.081948
vt 0.935199 0.705399
vt 0.429680 0.449107
vt 0.429302 0.448314
vt 0.429830 0.448316
vt 0.922424 0.430547
vt 0.925144 0.434258
vt 0.946100 0.467971
vt 0.650929 0.203860
vt 0.650799 0.223621
vt 0.609993 0.201036
vt 0.539790 0.762961
vt 0.574307 0.862289
vt 0.513772 0.453510
vt 0.513772 0.453765
vt 0.513557 0.453525
vt 0.112047 0.953853
vt 0.513311 0.453757
vt 0.513372 0.453502
vt 0.513557 0.453757
vt 0.816860 0.590073
vt 0.854421 0.942584
vt 0.078563 0.662134
vt 0.100574 0.718584
vt 0.951103 0.729565
vt 0.966398 0.843674
vt 0.660345 0.449337
vt 0.968626 0.460320
vt 0.968401 0.459899
vt 0.532847 0.651906
vt 0.297230 0.755167
vt 0.333571 0.785897
vt 0.574288 0.579297
vt 0.574836 0.579302
vt 0.735366 0.803369
vt 0.671201 0.456636
vt 0.948533 0.133789
vt 0.645422 0.629566
vt 0.429466 0.583260
vt 0.919114 0.714795
vt 0.099209 0.913962
vt 0.880768 0.626565
vt 0.467945 0.453824
vt 0.430225 0.616562
vt 0.430784 0.616580
vt 0.947301 0.496285
vt 0.876084 0.334077
vt 0.576876 0.679430
vt 0.877208 0.453167
vt 0.955301 0.063602
vt 0.802293 0.985266
vt 0.637707 0.914999
vt 0.100736 0.835057
vt 0.450537 0.456597
vt 0.786484 0.655310
vt 0.794657 0.789686
vt 0.697217 -0.000000
vt 0.785539 0.625786
vt 0.128199 0.752868
vt 0.121592 0.766703
vt 0.117610 0.764317
vt 0.946289 0.588062
vt 0.952594 0.592192
vt 0.777795 0.595101
vt 0.303483 0.878812
vt 0.421565 0.569980
vt 0.450537 0.662005
vt 0.242175 0.915925
vt 0.116754 0.713626
vt 0.958359 0.000001
vt 0.446753 0.899650
vt 0.645422 0.678525
vt 0.644353 0.679430
vt 0.887062 0.223758
vt 0.541567 0.863209
vt 0.954012 0.536643
vt 0.575807 0.678525
vt 0.946079 0.587669
vt 0.839489 0.875248
vt 0.510395 0.803110
vt 0.512158 0.804567
vt 0.830922 0.987556
vt 0.575977 0.679401
vt 0.573910 0.599584
vt 0.969000 0.804922
vt 0.575235 0.862101
vt 0.574760 0.862216
vt 0.793931 0.953902
vt 0.787370 0.586951
vt 0.128898 0.883042
vt 0.834829 0.023706
vt 0.678160 0.448552
vt 0.070266 0.660487
vt 0.839301 0.116237
vt 0.883003 0.982227
vt 0.779481 0.969434
vt 0.577971 0.985303
vt 0.637461 0.914511
vt 0.430784 0.584883
vt 0.431019 0.584884
vt 0.573225 0.640057
vt 0.563313 0.633879
vt 0.563946 0.633519
vt 0.897296 0.711687
vt 0.701236 0.439005
vt 0.213576 0.032159
vt 0.573595 0.454584
vt 0.574288 0.453786
vt 0.253884 0.581352
vt 0.253693 0.581357
vt 0.430784 0.666507
vt 0.430225 0.666489
vt 0.078731 0.685235
vt 0.717093 0.449357
vt 0.780613 0.588179
vt 0.575798 0.726632
vt 0.573595 0.691561
vt 0.759508 0.487837
vt 0.575798 0.591052
vt 0.166500 0.766768
vt 0.861796 0.736378
vt 0.430960 0.929909
vt 0.395061 0.928135
vt 0.427482 0.569980
vt 0.401151 0.570635
vt 0.255415 0.654342
vt 0.255180 0.654148
vt 0.050081 0.957633
vt 0.099173 0.835948
vt 0.847288 0.333383
vt 0.816988 0.574982
vt 0.950707 0.813752
vt 0.254215 0.582473
vt 0.258322 0.654173
vt 0.780452 0.617664
vt 0.703379 0.899799
vt 0.716114 0.961595
vt 0.253408 0.580876
vt 0.431147 0.606099
vt 0.431542 0.568713
vt 0.943785 0.004270
vt 0.435323 0.529406
vt 0.962924 0.803815
vt 0.821459 0.361368
vt 0.950105 0.678302
vt 0.981490 0.629942
vt 0.987214 0.683358
vt 0.429963 0.574216
vt 0.783113 0.030489
vt 0.420892 0.539714
vt 0.429830 0.603926
vt 0.429250 0.604312
vt 0.429299 0.603440
vt 0.568111 0.200316
vt 0.567564 0.200316
vt 0.567883 0.199576
vt 0.568764 0.200269
vt 0.568882 0.199587
vt 0.569428 0.200269
vt 0.895661 0.305843
vt 0.513542 0.229299
vt 0.883003 0.982991
vt 0.573595 0.599584
vt 0.574193 0.560488
vt 0.574193 0.599565
vt 0.575604 0.514017
vt 0.575800 0.514019
vt 0.431672 0.556389
vt 0.430489 0.616562
vt 0.722941 0.445423
vt 0.400372 0.570625
vt 0.400211 0.570533
vt 0.966896 0.221919
vt 0.645463 0.715177
vt 0.533891 0.712483
vt 0.587893 0.200317
vt 0.660614 0.419265
vt 0.877317 0.110250
vt 0.650672 0.223862
vt 0.900624 0.411505
vt 0.070833 0.653692
vt 0.341951 0.000000
vt 0.447429 0.617259
vt 0.447246 0.634120
vt 0.829245 0.353829
vt 0.429250 0.615794
vt 0.764211 0.583989
vt 0.519563 0.905482
vt 0.674290 0.451215
vt 0.673937 0.451162
vt 0.795441 0.789345
vt 0.943278 0.439439
vt 0.877502 0.000160
vt 0.895872 0.314029
vt 0.575807 0.692400
vt 0.435399 0.611872
vt 0.899752 0.214771
vt 0.940592 0.223794
vt 0.838082 0.263093
vt 0.075267 0.722149
vt 0.258322 0.654173
vt 0.751118 0.224294
vt 0.735393 0.803033
vt 0.727486 0.976114
vt 0.938509 0.328405
vt 0.420372 0.865080
vt 0.254215 0.625826
vt 0.574375 0.517867
vt 0.892210 0.846690
vt 0.447770 0.645441
vt 0.940592 0.115819
vt 0.295940 0.954336
vt 0.063238 0.465302
vt 0.761175 0.625001
vt 0.570846 0.450836
vt 0.930107 0.452516
vt 0.929880 0.452445
vt 0.241199 0.876619
vt 0.728323 0.793518
vt 0.894143 0.559336
vt 0.430092 0.574199
vt 0.834229 0.323535
vt 0.723881 0.797215
vt 0.755011 0.172012
vt 0.272367 0.689766
vt 0.810107 0.468009
vt 0.649938 0.201644
vt 0.761744 0.449040
vt 0.751118 0.168957
vt 0.575770 0.667682
vt 0.533497 0.633519
vt 0.676428 0.407886
vt 0.429576 0.603440
vt 0.446990 0.634124
vt 0.311227 0.755167
vt 0.533497 0.712358
vt 0.697828 0.915752
vt 0.835182 0.022941
vt 0.573595 0.560866
vt 0.573672 0.560008
vt 0.569428 0.199587
vt 0.570046 0.199677
vt 0.569428 0.200269
vt 0.702549 0.438621
vt 0.854931 0.941919
vt 0.575588 0.508613
vt 0.566602 0.199137
vt 0.942332 0.115819
vt 0.575788 0.508912
vt 0.653683 0.452896
vt 0.865357 0.460853
vt 0.432110 0.450241
vt 0.565812 0.000032
vt 0.740420 0.453518
vt 0.565595 0.940953
vt 0.450959 0.226234
vt 0.716114 0.899799
vt 0.201238 0.987521
vt 0.532171 0.226234
vt 0.861058 0.752890
vt 0.816105 0.007903
vt 0.254013 0.576281
vt 0.431716 0.606091
vt 0.660886 0.440140
vt 0.722185 0.398302
vt 0.906749 0.948426
vt 0.938336 0.283126
vt 0.570126 0.453771
vt 0.938487 0.423882
vt 0.068663 0.653585
vt 0.429830 0.615750
vt 0.050081 0.883126
vt 0.069964 0.660495
vt 0.012931 0.880059
vt 0.701511 0.411183
vt 0.433295 0.673598
vt 0.432693 0.673492
vt 0.575592 0.508913
vt 0.575472 0.862711
vt 0.928288 0.629717
vt 0.498878 0.453432
vt 0.958607 0.062688
vt 0.745764 0.449585
vt 0.642565 0.814613
vt 0.567071 0.200174
vt 0.566569 0.200438
vt 0.566569 0.199576
vt 0.566569 0.199993
vt 0.566012 0.200449
vt 0.566012 0.199576
vt 0.568764 0.200269
vt 0.568111 0.200155
vt 0.568764 0.199576
vt 0.069964 0.693463
vt 0.116856 0.960619
vt 0.560079 0.861926
vt 0.258508 0.654140
vt 0.943443 0.334891
vt 0.784953 0.889090
vt 0.966045 0.226158
vt 0.128826 0.000000
vt 0.330621 0.000018
vt 0.086147 0.760412
vt 0.396371 0.569870
vt 0.129758 0.882988
vt 0.784966 0.031543
vt 0.944082 0.003912
vt 0.225573 0.576252
vt 0.547457 0.632066
vt 0.778323 0.821929
vt 0.861166 0.860585
vt 0.861082 0.735846
vt 0.847936 0.875409
vt 0.255180 0.687266
vt 0.449970 0.711731
vt 0.430857 0.584497
vt 0.958738 -0.000000
vt 0.695292 0.899099
vt 0.761177 0.624619
vt 0.117610 0.006706
vt 0.064720 0.275735
vt 0.722392 0.445158
vt 0.566012 0.200465
vt 0.241148 0.766703
vt 0.254421 0.766703
vt 0.244311 0.798684
vt 0.623184 0.201369
vt 0.623184 0.226234
vt 0.609993 0.201934
vt 0.777102 0.975392
vt 0.273653 0.755167
vt 0.285198 0.756309
vt 0.273653 0.783256
vt 0.649938 0.206700
vt 0.639569 0.225801
vt 0.639569 0.201634
vt 0.767015 0.399131
vt 0.779462 0.395196
vt 0.779462 0.428183
vt 0.636169 0.201369
vt 0.635123 0.225801
vt 0.987214 0.731065
vt 0.385613 0.224128
vt 0.330054 0.576252
vt 0.000000 0.762980
vt 0.512158 0.980136
vt 0.970067 0.134124
vt 0.589372 0.807507
vt 0.836694 0.263709
vt 0.680495 0.411993
vt 0.836260 0.262785
vt 0.912648 0.711688
vt 0.576113 0.799742
vt 0.575735 0.453771
vt 0.950105 0.660548
vt 0.337968 0.674998
vt 0.627311 0.779626
vt 0.853395 0.572698
vt 0.589899 0.686732
vt 0.935199 0.630597
vt 0.263088 0.688206
vt 0.078531 0.661747
vt 0.985439 0.416106
vt 0.809729 0.353829
vt 0.880681 0.559880
vt 0.431769 0.639846
vt 0.702315 0.210681
vt 0.333844 0.928135
vt 0.853395 0.453167
vt 0.430164 0.497005
vt 0.638118 0.227180
vt 0.735718 0.803202
vt 0.786453 0.240884
vt 0.727486 0.641428
vt 0.129225 0.766703
vt 0.399212 0.645169
vt 0.626859 0.780538
vt 0.723744 0.898969
vt 0.574037 0.622361
vt 0.451592 0.000000
vt 0.759160 0.625945
vt 0.574443 0.861926
vt 0.512927 0.453771
vt 0.934083 0.082018
vt 0.450537 0.448855
vt 0.971646 0.509335
vt 0.691938 0.407886
vt 0.533497 0.762529
vt 0.809729 0.452856
vt 0.593083 0.200395
vt 0.963426 0.906910
vt 0.563313 0.751107
vt 0.634278 0.734194
vt 0.799883 0.233663
vt 0.229561 0.987517
vt 0.641829 0.893070
vt 0.925066 0.226297
vt 0.225312 0.576273
vt 0.448890 0.759201
vt 0.525688 0.452714
vt 0.254964 0.813758
vt 0.574288 0.560008
vt 0.924555 0.292812
vt 0.900136 0.334452
vt 0.695162 0.905003
vt 0.430092 0.574199
vt 0.574993 0.517043
vt 0.513784 0.631861
vt 0.066879 0.761030
vt 0.258135 0.687979
vt 0.656718 0.797005
vt 0.574037 0.644709
vt 0.653957 0.894452
vt 0.099909 0.914406
vt 0.445147 0.838529
vt 0.429836 0.497005
vt 0.957712 0.902257
vt 0.636169 0.201284
vt 0.573775 0.453771
vt 0.922465 0.861997
vt 0.253198 0.580875
vt 0.512209 0.905482
vt 0.782721 0.127898
vt 0.255374 0.654140
vt 0.771417 0.168745
vt 0.953381 0.593699
vt 0.943278 0.396259
vt 0.662971 0.222402
vt 0.447965 0.611727
vt 0.102144 0.834695
vt 0.130582 0.758408
vt 0.802393 0.889528
vt 0.094700 0.880744
vt 0.052453 0.988029
vt 0.400865 0.586585
vt 0.466740 0.808799
vt 0.816988 0.480856
vt 0.930887 0.823051
vt 0.575244 0.726593
vt 0.070437 0.636144
vt 0.575798 0.679137
vt 0.877351 0.102024
vt 0.435177 0.529105
vt 0.883003 0.948556
vt 0.588018 0.226234
vt 0.907767 0.453723
vt 0.574184 0.629350
vt 0.000460 0.955716
vt 0.712447 0.394984
vt 0.645264 0.679401
vt 0.448391 0.661962
vt 0.866699 0.115819
s 0
usemtl Material
f 1342/1/1 1338/2/1 1343/3/1
f 1169/4/2 1127/5/2 1142/6/2
f 392/7/3 426/8/3 391/9/3
f 1347/10/4 1354/11/4 1353/12/4
f 917/13/5 894/14/5 863/15/5
f 1254/16/6 1252/17/6 1255/18/6
f 788/19/7 786/20/7 785/21/7
f 1894/22/8 1914/23/8 1917/24/8
f 171/25/9 160/26/9 199/27/9
f 1221/28/10 1294/29/10 1220/30/10
f 1093/31/11 1129/32/11 1116/33/11
f 1183/34/12 1170/35/12 1171/36/12
f 595/37/13 578/38/13 577/39/13
f 1773/40/14 1813/41/14 1769/42/14
f 597/43/15 583/44/15 569/45/15
f 1325/46/16 1323/47/16 1214/48/16
f 1171/36/17 1187/49/17 1183/34/17
f 500/50/18 499/51/18 551/52/18
f 557/53/19 559/54/19 560/55/19
f 692/56/20 706/57/20 691/58/20
f 1292/59/21 1229/60/21 1293/61/21
f 632/62/22 666/63/22 631/64/22
f 942/65/23 951/66/23 945/67/23
f 177/68/24 163/69/24 162/70/24
f 887/71/25 886/72/25 925/73/25
f 1160/74/26 1158/75/26 1161/76/26
f 1648/77/27 1636/78/27 1632/79/27
f 513/80/28 555/81/28 558/82/28
f 34/83/29 93/84/29 37/85/29
f 1758/86/30 1743/87/30 1754/88/30
f 1470/89/31 1469/90/31 1471/91/31
f 498/92/32 500/93/32 497/94/32
f 286/95/33 324/96/33 323/97/33
f 564/98/34 560/99/34 561/100/34
f 1249/101/35 1251/102/35 1250/103/35
f 658/104/36 699/105/36 657/106/36
f 86/107/29 102/108/29 87/109/29
f 355/110/37 338/111/37 337/112/37
f 73/113/38 30/114/38 29/115/38
f 1043/116/39 1005/117/39 1004/118/39
f 608/119/40 663/120/40 614/121/40
f 1914/23/41 1868/122/41 1870/123/41
f 101/124/42 103/125/42 105/126/42
f 1271/127/39 1230/128/39 1231/129/39
f 314/130/43 318/131/43 315/132/43
f 92/133/44 108/134/44 107/135/44
f 273/136/45 317/137/45 274/138/45
f 1028/139/46 1026/140/46 1027/141/46
f 573/142/47 585/143/47 589/144/47
f 854/145/48 904/146/48 855/147/48
f 1143/148/49 1111/149/49 1112/150/49
f 545/151/50 501/152/50 512/153/50
f 1400/154/51 1449/155/51 1443/156/51
f 1789/157/52 1810/158/52 1814/159/52
f 1407/160/53 1409/161/53 1402/162/53
f 457/163/54 471/164/54 456/165/54
f 1414/166/55 1396/167/55 1419/168/55
f 1759/169/56 1761/170/56 1762/171/56
f 1779/172/57 1760/173/57 1755/174/57
f 44/175/58 8/176/58 31/177/58
f 1849/178/59 1850/179/59 1851/180/59
f 1286/181/60 1284/182/60 1287/183/60
f 1319/184/61 1306/185/61 1304/186/61
f 309/187/62 313/188/62 316/189/62
f 334/190/63 289/191/63 333/192/63
f 1500/193/64 1501/194/64 1496/195/64
f 1905/196/65 1906/197/65 1907/198/65
f 1559/199/66 1621/200/66 1570/201/66
f 635/202/67 609/203/67 648/204/67
f 19/205/68 49/206/68 52/207/68
f 119/208/69 1/209/69 2/210/69
f 3/211/70 123/212/70 4/213/70
f 5/214/71 6/215/71 124/216/71
f 120/217/72 7/218/72 8/176/72
f 9/219/73 10/220/73 121/221/73
f 11/222/74 122/223/74 12/224/74
f 248/225/75 361/226/75 254/227/75
f 1242/228/76 1244/229/76 1241/230/76
f 940/231/77 958/232/77 941/233/77
f 1112/234/78 1168/235/78 1143/236/78
f 1821/237/79 1814/159/79 1815/238/79
f 953/239/80 948/240/80 951/66/80
f 291/241/81 280/242/81 319/243/81
f 1618/244/82 1571/245/82 1577/246/82
f 1737/247/83 1733/248/83 1735/249/83
f 1089/250/84 1204/251/84 1206/252/84
f 728/253/85 749/254/85 750/255/85
f 1717/256/86 1713/257/86 1714/258/86
f 576/259/87 595/37/87 577/39/87
f 860/260/88 858/261/88 859/262/88
f 80/263/89 116/264/89 115/265/89
f 841/266/90 843/267/90 840/268/90
f 1079/269/91 1059/270/91 1075/271/91
f 578/272/92 537/273/92 522/274/92
f 647/275/93 664/276/93 661/277/93
f 698/278/94 715/279/94 697/280/94
f 662/281/95 688/282/95 661/277/95
f 1629/283/96 1634/284/96 1631/285/96
f 1409/161/97 1408/286/97 1404/287/97
f 197/288/98 199/27/98 200/289/98
f 97/290/99 98/291/99 99/292/99
f 100/293/100 101/124/100 102/294/100
f 103/125/101 104/295/101 105/126/101
f 106/296/102 107/297/102 108/298/102
f 109/299/103 110/300/103 111/301/103
f 112/302/104 113/303/104 114/304/104
f 1114/305/105 1156/306/105 1135/307/105
f 1347/308/106 1339/309/106 1333/310/106
f 705/311/107 693/312/107 709/313/107
f 829/314/108 813/315/108 814/316/108
f 853/317/109 877/318/109 876/319/109
f 1434/320/110 1435/321/110 1436/322/110
f 1551/323/111 1553/324/111 1554/325/111
f 500/50/18 548/326/18 507/327/18
f 65/328/112 69/329/112 72/330/112
f 1232/331/113 1208/332/113 1227/333/113
f 227/334/114 232/335/114 228/336/114
f 1727/337/115 1728/338/115 1729/339/115
f 326/340/116 306/341/116 327/342/116
f 1560/343/117 1579/344/117 1572/345/117
f 58/346/118 84/347/118 83/348/118
f 1408/286/119 1411/349/119 1416/350/119
f 517/351/120 574/352/120 575/353/120
f 572/354/121 529/355/121 498/356/121
f 1612/357/122 1611/358/122 1613/359/122
f 430/360/123 428/361/123 425/362/123
f 1707/363/124 1702/364/124 1701/365/124
f 1725/366/125 1723/367/125 1726/368/125
f 977/369/126 984/370/126 1017/371/126
f 220/372/127 223/373/127 209/374/127
f 26/375/128 3/376/128 4/377/128
f 1144/378/129 1094/379/129 1095/380/129
f 1181/381/130 1184/382/130 1198/383/130
f 1192/384/131 1178/385/131 1196/386/131
f 969/387/132 990/388/132 968/389/132
f 1053/390/133 1067/391/133 1066/392/133
f 615/393/134 656/394/134 616/395/134
f 1445/396/135 1449/155/135 1407/160/135
f 873/397/136 907/398/136 906/399/136
f 118/400/137 35/401/137 34/83/137
f 1128/402/138 1142/6/138 1127/5/138
f 1888/403/139 1880/404/139 1891/405/139
f 1263/406/39 1246/407/39 1285/408/39
f 928/409/140 903/410/140 902/411/140
f 1690/412/141 1672/413/141 1695/414/141
f 191/415/9 188/416/9 140/417/9
f 1805/418/142 1761/419/142 1757/420/142
f 92/133/58 107/135/58 111/421/58
f 1797/422/143 1790/423/143 1791/424/143
f 1311/425/144 1298/426/144 1315/427/144
f 1257/428/145 1279/429/145 1256/430/145
f 491/431/146 515/432/146 492/433/146
f 764/434/147 758/435/147 759/436/147
f 876/319/148 886/437/148 889/438/148
f 927/439/149 907/440/149 928/409/149
f 1143/148/150 1169/4/150 1142/6/150
f 1925/441/151 1920/442/151 1922/443/151
f 1574/444/152 1573/445/152 1575/446/152
f 1042/447/153 1044/448/153 1045/449/153
f 1057/450/154 1076/451/154 1058/452/154
f 1680/453/155 1685/454/155 1684/455/155
f 1305/456/156 1307/457/156 1304/186/156
f 639/458/157 637/459/157 640/460/157
f 268/461/81 267/462/81 307/463/81
f 122/223/158 7/464/158 120/465/158
f 1127/466/159 1129/467/159 1128/468/159
f 1475/469/160 1493/470/160 1470/471/160
f 1410/472/161 1392/473/161 1414/166/161
f 743/474/162 773/475/162 742/476/162
f 1408/286/163 1416/350/163 1404/287/163
f 1085/477/164 973/478/164 970/479/164
f 1026/140/165 982/480/165 993/481/165
f 1340/482/166 1343/3/166 1341/483/166
f 330/484/167 257/485/167 266/486/167
f 413/487/168 435/488/168 436/489/168
f 523/490/169 521/491/169 522/492/169
f 1449/155/170 1447/493/170 1450/494/170
f 690/495/171 703/496/171 689/497/171
f 745/498/172 747/499/172 746/500/172
f 1494/501/173 1490/502/173 1493/503/173
f 864/504/174 894/14/174 897/505/174
f 96/506/175 99/507/175 85/508/175
f 432/509/176 433/510/176 412/511/176
f 1652/512/177 1681/513/177 1675/514/177
f 640/460/178 637/459/178 650/515/178
f 752/516/147 790/517/147 785/518/147
f 161/519/179 218/520/179 162/521/179
f 448/522/180 446/523/180 445/524/180
f 46/525/181 89/526/181 90/527/181
f 1315/528/182 1310/529/182 1311/530/182
f 1586/531/183 1626/532/183 1582/533/183
f 974/534/184 1008/535/184 1025/536/184
f 1251/102/185 1237/537/185 1238/538/185
f 1503/539/186 1555/540/186 1548/541/186
f 547/542/18 539/543/18 508/544/18
f 1417/545/187 1458/546/187 1413/547/187
f 1233/548/188 1235/549/188 1234/550/188
f 608/551/189 721/552/189 723/553/189
f 518/554/190 577/555/190 521/556/190
f 1083/557/191 967/558/191 977/369/191
f 1731/559/192 1699/560/192 1709/561/192
f 1359/562/193 1368/563/193 1357/564/193
f 544/565/194 494/566/194 493/567/194
f 1494/501/195 1534/568/195 1490/502/195
f 564/98/196 514/569/196 557/570/196
f 911/571/197 873/572/197 906/573/197
f 241/574/198 243/575/198 244/576/198
f 1253/577/182 1243/578/182 1240/579/182
f 401/580/199 402/581/199 458/582/199
f 1179/583/200 1199/584/200 1195/585/200
f 1877/586/201 1873/587/201 1875/588/201
f 713/589/202 711/590/202 715/591/202
f 536/592/203 534/593/203 535/594/203
f 750/255/204 782/595/204 783/596/204
f 182/597/205 183/598/205 184/599/205
f 642/600/206 699/105/206 698/601/206
f 1260/602/207 1262/603/207 1261/604/207
f 641/605/208 643/606/208 642/607/208
f 1431/608/209 1427/609/209 1429/610/209
f 913/611/210 911/571/210 912/612/210
f 1282/613/211 1280/614/211 1283/615/211
f 1733/248/212 1734/616/212 1735/249/212
f 1143/148/150 1168/617/150 1169/4/150
f 117/618/213 116/264/213 118/619/213
f 212/620/214 229/621/214 213/622/214
f 898/623/215 900/624/215 901/625/215
f 352/626/216 347/627/216 350/628/216
f 1517/629/217 1516/630/217 1518/631/217
f 168/632/218 129/633/218 132/634/218
f 1071/635/165 1076/636/165 1072/637/165
f 996/638/219 972/639/219 997/640/219
f 1298/641/220 1253/642/220 1240/643/220
f 1211/644/221 1324/645/221 1326/646/221
f 1457/647/222 1458/546/222 1459/648/222
f 1673/649/223 1668/650/223 1670/651/223
f 1523/652/224 1519/653/224 1522/654/224
f 524/655/225 523/490/225 561/656/225
f 1439/657/226 1440/658/226 1441/659/226
f 1899/660/227 1900/661/227 1901/662/227
f 1468/663/228 1480/664/228 1504/665/228
f 393/666/229 435/488/229 414/667/229
f 983/668/230 1031/669/230 1030/670/230
f 212/671/231 137/672/231 211/673/231
f 185/674/232 191/415/232 190/675/232
f 1492/676/233 1541/677/233 1499/678/233
f 30/114/234 80/263/234 41/679/234
f 1821/680/235 1816/681/235 1820/682/235
f 865/683/236 848/684/236 870/685/236
f 644/686/237 639/687/237 681/688/237
f 46/525/238 48/689/238 45/690/238
f 425/362/239 427/691/239 426/8/239
f 1222/692/240 1220/693/240 1223/694/240
f 332/695/241 289/191/241 258/696/241
f 1649/697/242 1642/698/242 1643/699/242
f 953/700/243 937/701/243 936/702/243
f 807/703/244 781/704/244 782/595/244
f 107/297/137 109/299/137 111/301/137
f 1077/705/245 1064/706/245 1078/707/245
f 248/708/246 269/709/246 247/710/246
f 1622/711/247 1624/712/247 1625/713/247
f 1242/228/248 1240/579/248 1243/578/248
f 534/593/249 516/714/249 535/594/249
f 844/715/250 725/716/250 727/717/250
f 207/718/251 208/719/251 205/720/251
f 623/721/107 616/395/107 656/394/107
f 1332/722/106 1349/723/106 1337/724/106
f 235/725/252 218/726/252 217/727/252
f 1528/728/253 1531/729/253 1527/730/253
f 346/731/254 341/732/254 344/733/254
f 278/734/255 280/735/255 277/736/255
f 795/737/256 753/738/256 798/739/256
f 29/115/257 31/740/257 32/741/257
f 1452/742/258 1455/743/258 1460/744/258
f 1441/745/259 1437/746/259 1438/747/259
f 321/748/260 323/749/260 324/750/260
f 817/751/261 758/435/261 761/752/261
f 315/132/262 273/753/262 294/754/262
f 1730/755/263 1689/756/263 1734/616/263
f 387/757/264 385/758/264 388/759/264
f 49/206/265 51/760/265 52/207/265
f 1103/761/266 1151/762/266 1102/763/266
f 13/764/267 23/765/267 22/766/267
f 709/313/134 694/767/134 708/768/134
f 936/702/268 949/769/268 953/700/268
f 1750/770/269 1748/771/269 1752/772/269
f 1732/773/270 1676/774/270 1719/775/270
f 1736/776/271 1724/777/271 1728/338/271
f 938/778/272 952/779/272 956/780/272
f 27/781/273 83/348/273 62/782/273
f 270/783/274 302/784/274 271/785/274
f 1617/786/275 1639/787/275 1645/788/275
f 1367/789/276 1362/790/276 1363/791/276
f 957/792/277 944/793/277 958/794/277
f 1712/795/278 1715/796/278 1717/256/278
f 645/797/279 648/798/279 647/275/279
f 743/474/162 776/799/162 773/475/162
f 325/800/280 323/749/280 322/801/280
f 1837/802/281 1838/803/281 1839/804/281
f 1404/805/282 1405/806/282 1406/807/282
f 962/808/283 851/809/283 854/145/283
f 847/810/284 963/811/284 960/812/284
f 143/813/285 136/814/285 126/815/285
f 1567/816/286 1585/817/286 1562/818/286
f 1715/819/287 1716/820/287 1717/821/287
f 1580/822/288 1579/344/288 1581/823/288
f 1500/824/289 1503/539/289 1492/676/289
f 965/825/290 962/826/290 964/827/290
f 625/828/291 690/829/291 689/830/291
f 1139/831/292 1180/832/292 1138/833/292
f 1803/834/293 1805/835/293 1806/836/293
f 1451/837/294 1423/838/294 1444/839/294
f 283/840/295 297/841/295 300/842/295
f 1739/843/296 1740/844/296 1741/845/296
f 1054/846/297 1011/847/297 1010/848/297
f 340/849/298 265/850/298 298/851/298
f 102/108/299 88/852/299 87/109/299
f 655/853/300 611/854/300 636/855/300
f 1029/856/301 1031/669/301 1026/140/301
f 1547/857/302 1544/858/302 1552/859/302
f 926/860/303 924/861/303 923/862/303
f 1779/172/304 1778/863/304 1780/864/304
f 1921/865/305 1919/866/305 1922/443/305
f 1249/867/306 1287/183/306 1248/868/306
f 1389/869/307 1437/746/307 1386/870/307
f 652/871/308 650/872/308 649/873/308
f 1683/874/309 1684/455/309 1685/454/309
f 1633/875/310 1632/876/310 1634/284/310
f 997/877/311 1015/878/311 994/879/311
f 865/683/312 870/685/312 873/397/312
f 1431/608/313 1425/880/313 1381/881/313
f 337/112/167 351/882/167 355/110/167
f 185/883/314 152/884/314 151/885/314
f 1811/886/315 1832/887/315 1816/681/315
f 1038/888/316 1042/447/316 1045/449/316
f 251/889/317 275/890/317 252/891/317
f 1698/892/318 1674/893/318 1650/894/318
f 505/895/319 570/896/319 506/897/319
f 1239/898/320 1257/899/320 1258/900/320
f 1395/901/321 1396/902/321 1397/903/321
f 916/904/322 874/905/322 895/906/322
f 482/907/323 371/908/323 375/909/323
f 511/910/324 545/151/324 512/153/324
f 476/911/325 474/912/325 478/913/325
f 496/914/326 536/592/326 535/594/326
f 1285/408/39 1288/915/39 1263/406/39
f 1671/916/327 1652/512/327 1664/917/327
f 161/918/328 163/69/328 164/919/328
f 574/352/329 530/920/329 529/355/329
f 1777/921/330 1782/922/330 1831/923/330
f 1721/924/331 1722/925/331 1723/367/331
f 1589/926/332 1588/927/332 1590/928/332
f 1494/501/333 1495/929/333 1499/678/333
f 1160/74/26 1159/930/26 1158/75/26
f 1347/10/334 1346/931/334 1366/932/334
f 1440/933/335 1423/838/335 1427/609/335
f 1305/934/336 1292/935/336 1293/936/336
f 293/937/337 296/938/337 263/939/337
f 1335/940/338 1354/11/338 1331/941/338
f 1272/942/339 1279/429/339 1276/943/339
f 814/944/340 757/945/340 815/946/340
f 1264/947/341 1265/948/341 1290/949/341
f 1213/950/342 1324/951/342 1216/952/342
f 1904/953/343 1920/442/343 1912/954/343
f 671/955/237 672/956/237 619/957/237
f 409/958/344 411/959/344 410/960/344
f 1857/961/345 1856/962/345 1852/963/345
f 19/964/299 2/965/299 1/966/299
f 149/967/346 151/885/346 152/884/346
f 887/71/347 889/968/347 886/72/347
f 983/668/348 1037/969/348 1014/970/348
f 574/352/349 529/355/349 573/971/349
f 1651/972/350 1713/257/350 1706/973/350
f 1739/974/351 1687/975/351 1732/773/351
f 1559/976/352 1570/977/352 1564/978/352
f 59/979/353 10/980/353 9/981/353
f 1685/454/354 1679/982/354 1678/983/354
f 239/984/355 125/985/355 126/815/355
f 127/986/356 243/575/356 128/987/356
f 129/988/357 130/989/357 244/576/357
f 240/990/358 131/991/358 132/634/358
f 133/992/359 134/993/359 241/574/359
f 135/994/360 242/995/360 136/814/360
f 759/436/361 757/945/361 760/996/361
f 1599/997/362 1603/998/362 1598/999/362
f 417/1000/363 420/1001/363 419/1002/363
f 453/1003/364 409/958/364 410/960/364
f 607/1004/365 630/1005/365 608/119/365
f 557/570/366 514/569/366 513/1006/366
f 261/1007/367 305/1008/367 310/1009/367
f 932/1010/368 946/1011/368 933/1012/368
f 688/282/369 646/1013/369 661/277/369
f 289/191/370 259/1014/370 258/696/370
f 796/1015/371 794/1016/371 793/1017/371
f 1918/1018/372 1925/1019/372 1919/1020/372
f 1545/1021/373 1538/1022/373 1539/1023/373
f 1765/1024/374 1760/173/374 1764/1025/374
f 825/1026/375 811/1027/375 812/1028/375
f 1640/1029/376 1584/1030/376 1595/1031/376
f 402/581/377 404/1032/377 403/1033/377
f 948/240/378 946/1034/378 945/67/378
f 1897/1035/379 1895/1036/379 1898/1037/379
f 542/1038/380 510/1039/380 543/1040/380
f 221/1041/381 222/1042/381 223/1043/381
f 224/1044/382 225/1045/382 226/1046/382
f 227/1047/383 228/1048/383 229/1049/383
f 230/1050/384 231/1051/384 232/335/384
f 233/1052/385 234/1053/385 235/1054/385
f 236/1055/386 237/1056/386 238/1057/386
f 196/1058/387 142/1059/387 189/1060/387
f 169/1061/388 212/671/388 213/1062/388
f 338/1063/389 281/1064/389 337/1065/389
f 1185/1066/390 1188/1067/390 1191/1068/390
f 1441/745/391 1440/1069/391 1437/746/391
f 534/593/249 513/1070/249 516/714/249
f 720/1071/392 724/1072/392 609/1073/392
f 256/1074/393 263/939/393 296/938/393
f 310/1075/394 312/1076/394 309/187/394
f 1402/162/395 1442/1077/395 1445/396/395
f 1707/363/396 1703/1078/396 1705/1079/396
f 728/1080/397 842/1081/397 844/715/397
f 372/1082/398 484/1083/398 369/1084/398
f 1562/1085/399 1582/533/399 1558/1086/399
f 594/1087/400 596/1088/400 598/1089/400
f 731/1090/401 755/1091/401 756/1092/401
f 1201/1093/402 1125/1094/402 1122/1095/402
f 754/1096/403 804/1097/403 797/1098/403
f 1720/1099/404 1736/776/404 1728/338/404
f 976/1100/405 997/877/405 972/1101/405
f 825/1102/406 827/1103/406 824/1104/406
f 874/1105/407 918/1106/407 875/1107/407
f 384/1108/408 365/1109/408 366/1110/408
f 211/1111/218 146/1112/218 210/1113/218
f 1802/1114/409 1798/1115/409 1801/1116/409
f 1444/1117/410 1433/1118/410 1455/743/410
f 44/1119/411 31/740/411 30/114/411
f 571/1120/190 582/1121/190 586/1122/190
f 1023/1123/412 991/1124/412 1024/1125/412
f 1226/1126/413 1225/1127/413 1224/1128/413
f 321/748/260 322/801/260 323/749/260
f 1318/1129/414 1300/1130/414 1301/1131/414
f 917/13/5 863/15/5 910/1132/5
f 343/1133/415 356/1134/415 341/1135/415
f 342/1136/416 331/1137/416 330/1138/416
f 955/1139/417 957/792/417 959/1140/417
f 120/1141/418 124/1142/418 119/208/418
f 877/318/419 895/1143/419 874/1144/419
f 817/1145/420 834/1146/420 835/1147/420
f 16/1148/213 15/1149/213 67/1150/213
f 62/1151/421 64/1152/421 61/1153/421
f 565/1154/422 566/1155/422 567/1156/422
f 170/1157/423 169/1061/423 213/1062/423
f 64/1152/424 67/1158/424 66/1159/424
f 1735/249/425 1739/843/425 1741/845/425
f 1442/1160/426 1422/1161/426 1424/1162/426
f 1507/1163/427 1511/1164/427 1506/1165/427
f 451/1166/428 462/1167/428 450/1168/428
f 1853/1169/429 1897/1035/429 1849/178/429
f 219/1170/430 234/1171/430 238/1172/430
f 169/1061/431 171/1173/431 172/1174/431
f 257/485/432 259/1175/432 260/1176/432
f 1839/1177/433 1838/1178/433 1843/1179/433
f 631/1180/434 687/1181/434 662/1182/434
f 1592/1183/435 1595/1031/435 1584/1030/435
f 63/1184/213 24/1185/213 23/765/213
f 836/1186/436 834/1187/436 838/1188/436
f 1666/1189/437 1660/1190/437 1671/1191/437
f 443/1192/438 444/1193/438 405/1194/438
f 1032/1195/439 1030/670/439 1031/669/439
f 1352/1196/440 1348/1197/440 1358/1198/440
f 832/1199/441 827/1200/441 828/1201/441
f 595/1202/442 590/1203/442 593/1204/442
f 1006/1205/443 1038/888/443 1045/449/443
f 975/1206/444 991/1124/444 969/1207/444
f 1110/1208/445 1089/250/445 1088/1209/445
f 235/1210/446 216/1211/446 231/1212/446
f 1895/1213/447 1894/1214/447 1899/660/447
f 1103/761/448 1105/1215/448 1104/1216/448
f 796/1015/449 789/1217/449 742/476/449
f 1233/1218/450 1265/948/450 1266/1219/450
f 427/1220/176 387/757/176 388/759/176
f 357/1221/451 339/1222/451 358/1223/451
f 1392/1224/452 1393/1225/452 1394/1226/452
f 1859/1227/453 1873/587/453 1866/1228/453
f 1081/1229/454 1085/477/454 1084/1230/454
f 523/490/455 537/1231/455 540/1232/455
f 1587/1233/456 1589/926/456 1590/928/456
f 969/1207/457 1082/1234/457 975/1206/457
f 832/1235/401 816/1236/401 831/1237/401
f 1659/1238/458 1677/1239/458 1681/513/458
f 1164/1240/459 1162/1241/459 1165/1242/459
f 1518/631/460 1520/1243/460 1521/1244/460
f 1888/403/461 1900/1245/461 1884/1246/461
f 645/797/462 647/275/462 646/1013/462
f 148/1247/463 178/1248/463 145/1249/463
f 791/1250/464 789/1217/464 792/1251/464
f 738/1252/465 740/1253/465 739/1254/465
f 676/1255/466 674/1256/466 673/1257/466
f 1381/1258/467 1377/1259/467 1379/1260/467
f 657/1261/468 659/1262/468 658/1263/468
f 145/1264/469 220/1265/469 209/1266/469
f 269/709/470 261/1007/470 264/1267/470
f 1377/1259/471 1378/1268/471 1379/1260/471
f 1684/455/472 1687/975/472 1692/1269/472
f 1116/33/473 1092/1270/473 1093/31/473
f 1359/1271/474 1360/1272/474 1361/1273/474
f 44/1119/411 30/114/411 41/679/411
f 897/505/475 856/1274/475 857/1275/475
f 1744/1276/476 1763/1277/476 1756/1278/476
f 883/1279/477 882/1280/477 938/1281/477
f 1598/999/478 1597/1282/478 1599/997/478
f 1117/1283/479 1135/307/479 1136/1284/479
f 292/1285/480 289/191/480 290/1286/480
f 6/1287/481 60/1288/481 9/981/481
f 1833/1289/482 1828/1290/482 1832/887/482
f 175/1291/483 176/1292/483 173/1293/483
f 894/14/484 896/1294/484 897/505/484
f 697/1295/485 641/1296/485 642/600/485
f 1657/1297/486 1655/1298/486 1658/1299/486
f 46/525/181 45/690/181 89/526/181
f 1783/1300/487 1781/1301/487 1784/1302/487
f 587/1303/488 585/1304/488 584/1305/488
f 261/1306/489 309/187/489 262/1307/489
f 538/1308/490 579/1309/490 580/1310/490
f 224/1044/491 222/1311/491 221/1312/491
f 130/1313/252 168/1314/252 167/1315/252
f 1463/1316/492 1411/1317/492 1456/1318/492
f 1171/1319/493 1106/1320/493 1107/1321/493
f 1710/1322/494 1711/1323/494 1712/795/494
f 1686/1324/495 1668/1325/495 1690/1326/495
f 297/1327/496 340/849/496 298/851/496
f 834/1146/497 819/1328/497 838/1329/497
f 1364/1330/498 1361/1273/498 1360/1272/498
f 288/1331/499 252/891/499 275/890/499
f 914/1332/500 910/1132/500 913/611/500
f 1394/1226/501 1389/869/501 1391/1333/501
f 318/131/502 320/1334/502 317/1335/502
f 632/62/503 665/1336/503 666/63/503
f 1787/1337/504 1819/1338/504 1812/1339/504
f 1024/1125/505 974/534/505 1025/536/505
f 42/1340/506 79/1341/506 84/347/506
f 390/1342/507 374/1343/507 368/1344/507
f 1430/1345/508 1381/1346/508 1375/1347/508
f 33/1348/509 35/401/509 36/1349/509
f 1506/1350/510 1502/1351/510 1505/1352/510
f 696/1353/511 637/459/511 638/1354/511
f 1654/1355/512 1661/1356/512 1655/1357/512
f 293/937/337 263/939/337 262/1358/337
f 215/1359/513 170/1360/513 214/1361/513
f 1874/1362/514 1872/1363/514 1875/1364/514
f 1652/512/515 1675/514/515 1688/1365/515
f 1413/547/516 1415/1366/516 1418/1367/516
f 266/486/517 268/1368/517 265/1369/517
f 219/1370/518 178/1371/518 177/1372/518
f 527/1373/519 493/567/519 490/1374/519
f 1173/1375/520 1130/1376/520 1174/1377/520
f 226/1378/521 210/1379/521 222/1380/521
f 1866/1228/522 1864/1381/522 1867/1382/522
f 1276/943/39 1277/1383/39 1254/1384/39
f 836/1186/436 833/1385/436 834/1187/436
f 1201/1386/390 1200/1387/390 1125/1388/390
f 1835/1389/523 1850/179/523 1846/1390/523
f 1139/1391/524 1140/1392/524 1109/1393/524
f 592/1394/146 591/1395/146 576/259/146
f 1384/1396/525 1382/1397/525 1385/1398/525
f 776/799/526 735/1399/526 775/1400/526
f 299/1401/527 297/841/527 298/1402/527
f 1002/1403/528 1004/118/528 1005/117/528
f 340/849/298 329/1404/298 265/850/298
f 23/765/213 16/1148/213 67/1150/213
f 1347/10/4 1353/12/4 1345/1405/4
f 1136/1406/529 1134/1407/529 1137/1408/529
f 1769/42/530 1766/1409/530 1768/1410/530
f 658/1263/531 628/1411/531 625/1412/531
f 1195/1413/532 1197/1414/532 1194/1415/532
f 243/575/533 127/986/533 125/1416/533
f 27/1417/534 61/1153/534 28/1418/534
f 388/759/535 418/1419/535 419/1002/535
f 632/1420/536 629/1421/536 624/1422/536
f 451/1423/537 386/1424/537 377/1425/537
f 636/855/538 633/1426/538 654/1427/538
f 434/1428/539 411/1429/539 412/511/539
f 130/989/540 241/574/540 244/576/540
f 1520/1243/541 1538/1430/541 1543/1431/541
f 185/883/314 151/885/314 186/1432/314
f 1486/1433/542 1481/1434/542 1485/1435/542
f 336/1436/416 337/1065/416 281/1064/416
f 506/897/87 570/896/87 571/1437/87
f 2/1438/543 19/205/543 52/207/543
f 526/1439/544 568/1440/544 541/1441/544
f 549/1442/545 553/1443/545 556/1444/545
f 234/1445/24 236/1055/24 238/1057/24
f 571/1437/546 498/92/546 497/94/546
f 1601/1446/547 1602/1447/547 1599/997/547
f 1827/1448/548 1829/1449/548 1830/1450/548
f 1222/692/549 1255/1451/549 1252/1452/549
f 175/1291/550 173/1293/550 174/1453/550
f 1309/1454/551 1295/1455/551 1308/1456/551
f 587/1457/18 584/1458/18 590/1203/18
f 1903/1459/552 1908/1460/552 1924/1461/552
f 467/1462/553 465/1463/553 469/1464/553
f 255/1465/554 296/938/554 295/1466/554
f 106/1467/213 103/1468/213 100/1469/213
f 327/342/555 328/1470/555 325/800/555
f 1851/1471/556 1855/1472/556 1857/1473/556
f 1230/128/156 1220/693/156 1229/1474/156
f 1296/1475/557 1253/642/557 1297/1476/557
f 193/1477/558 189/1060/558 192/1478/558
f 1155/1479/559 1157/1480/559 1156/306/559
f 1106/1481/560 1108/1482/560 1107/1483/560
f 1330/1484/561 1346/931/561 1344/1485/561
f 681/688/562 677/1486/562 684/1487/562
f 858/261/563 868/1488/563 867/1489/563
f 995/1490/564 1009/1491/564 996/638/564
f 131/991/565 175/1492/565 156/1493/565
f 767/1494/566 733/1495/566 784/1496/566
f 1051/1497/567 986/1498/567 1050/1499/567
f 798/739/568 799/1500/568 839/1501/568
f 417/1000/569 419/1002/569 418/1419/569
f 796/1015/449 742/476/449 773/475/449
f 696/1353/570 695/1502/570 637/459/570
f 917/13/571 916/904/571 895/906/571
f 1787/1337/572 1812/1339/572 1823/1503/572
f 649/873/573 619/1504/573 652/871/573
f 912/1505/23 861/1506/23 860/260/23
f 1784/1302/574 1774/1507/574 1771/1508/574
f 1695/414/575 1664/917/575 1688/1365/575
f 158/1509/576 164/1510/576 159/1511/576
f 1253/577/182 1254/1512/182 1243/578/182
f 572/1513/577 586/1122/577 585/1514/577
f 153/1515/578 195/1516/578 198/1517/578
f 104/1518/579 91/1519/579 90/1520/579
f 63/1184/213 55/1521/213 24/1185/213
f 643/1522/580 657/106/580 642/600/580
f 1023/1123/412 992/1523/412 991/1124/412
f 1531/1524/581 1549/1525/581 1527/1526/581
f 1744/1276/582 1771/1508/582 1772/1527/582
f 1814/159/583 1813/41/583 1815/238/583
f 1164/1240/459 1163/1528/459 1162/1241/459
f 626/1529/67 617/1530/67 691/1531/67
f 1563/1532/584 1565/1533/584 1566/1534/584
f 1750/770/269 1752/772/269 1753/1535/269
f 1911/1536/585 1907/198/585 1906/197/585
f 1313/1537/76 1318/1538/76 1316/1539/76
f 289/191/370 292/1285/370 259/1014/370
f 13/1540/58 86/1541/58 87/1542/58
f 541/1543/586 543/1040/586 544/565/586
f 359/1544/587 245/1545/587 246/1546/587
f 247/710/588 363/1547/588 248/708/588
f 249/1548/589 250/1549/589 364/1550/589
f 360/1551/590 251/1552/590 252/1553/590
f 253/1554/591 254/1555/591 361/1556/591
f 255/1465/592 362/1557/592 256/1074/592
f 928/1558/593 872/1559/593 903/1560/593
f 647/275/94 609/1561/94 610/1562/94
f 1612/357/594 1630/1563/594 1635/1564/594
f 816/1565/595 757/945/595 758/435/595
f 592/1394/596 576/259/596 575/1566/596
f 728/253/597 783/596/597 734/1567/597
f 1648/77/598 1644/1568/598 1636/78/598
f 42/1340/599 80/1569/599 79/1341/599
f 1127/466/600 1164/1240/600 1165/1242/600
f 2/1438/543 52/207/543 12/224/543
f 1497/1570/601 1491/1571/601 1496/195/601
f 51/760/579 7/464/579 11/222/579
f 433/510/602 435/488/602 434/1428/602
f 1218/1572/603 1239/898/603 1258/900/603
f 1718/1573/604 1700/1574/604 1722/1575/604
f 741/1576/605 789/1217/605 790/1577/605
f 776/799/526 736/1578/526 735/1399/526
f 278/734/606 279/1579/606 280/735/606
f 491/1580/607 535/594/607 516/714/607
f 1261/1581/608 1302/1582/608 1260/1583/608
f 341/732/609 342/1584/609 343/1585/609
f 344/733/610 345/1586/610 346/731/610
f 347/627/611 348/1587/611 349/1588/611
f 350/1589/612 351/1590/612 352/1591/612
f 353/1592/613 354/1593/613 355/1594/613
f 356/1595/614 357/1596/614 358/1597/614
f 667/1598/237 627/1599/237 628/1411/237
f 169/1061/615 170/1157/615 171/1173/615
f 1548/541/616 1492/676/616 1503/539/616
f 430/360/617 432/1600/617 431/1601/617
f 15/1602/42 45/690/42 48/689/42
f 679/1603/237 680/1604/237 639/687/237
f 943/1605/618 930/1606/618 944/1607/618
f 1280/614/156 1248/868/156 1287/183/156
f 1691/1608/619 1694/1609/619 1693/1610/619
f 1847/1611/620 1893/1612/620 1853/1613/620
f 1527/1526/621 1546/1614/621 1524/1615/621
f 738/1252/465 737/1616/465 740/1253/465
f 729/1617/420 767/1494/420 768/1618/420
f 19/964/299 1/966/299 20/1619/299
f 726/1620/375 744/1621/375 725/1622/375
f 434/1428/622 438/1623/622 439/1624/622
f 313/188/623 315/132/623 316/189/623
f 1390/1625/624 1397/1626/624 1391/1333/624
f 987/1627/154 1052/1628/154 978/1629/154
f 777/1630/436 763/1631/436 780/1632/436
f 1482/1633/625 1478/1634/625 1481/1434/625
f 1894/22/8 1890/1635/8 1914/23/8
f 1139/1391/626 1109/1393/626 1106/1481/626
f 607/1636/627 719/1637/627 605/1638/627
f 1620/1639/628 1623/1640/628 1619/1641/628
f 1317/1642/629 1302/1643/629 1321/1644/629
f 1066/1645/630 1068/1646/630 1070/1647/630
f 1012/1648/631 1010/848/631 1011/847/631
f 1416/350/632 1420/1649/632 1404/287/632
f 464/1650/633 462/1651/633 466/1652/633
f 336/1436/634 277/736/634 335/1653/634
f 1713/257/635 1703/1654/635 1706/973/635
f 269/709/470 272/1655/470 261/1007/470
f 390/1342/636 422/1656/636 423/1657/636
f 787/1658/637 788/19/637 747/499/637
f 1795/1659/638 1745/1660/638 1790/423/638
f 1195/1413/532 1199/1661/532 1197/1414/532
f 1470/89/639 1490/1662/639 1466/1663/639
f 641/605/202 639/687/202 644/686/202
f 1107/1321/131 1172/1664/131 1171/1319/131
f 361/226/640 250/1549/640 253/1665/640
f 899/1666/641 898/1667/641 940/1668/641
f 531/1669/642 529/355/642 530/920/642
f 1051/1497/567 987/1627/567 986/1498/567
f 1/966/29 25/1670/29 20/1619/29
f 1584/1030/643 1633/875/643 1591/1671/643
f 1100/1672/644 1098/1673/644 1101/1674/644
f 716/1675/645 714/1676/645 718/1677/645
f 95/1678/646 54/1679/646 53/1680/646
f 999/1681/647 1056/1682/647 1057/1683/647
f 471/1684/648 473/1685/648 470/1686/648
f 1844/1687/649 1848/1688/649 1855/1472/649
f 1526/1689/650 1479/1690/650 1485/1435/650
f 990/388/651 966/1691/651 968/389/651
f 921/1692/23 920/1693/23 880/1694/23
f 222/1380/652 209/374/652 223/373/652
f 649/873/653 692/1695/653 618/1696/653
f 697/1697/654 638/1354/654 641/1698/654
f 889/438/272 853/317/272 876/319/272
f 1649/697/655 1647/1699/655 1642/698/655
f 1510/1700/656 1507/1701/656 1505/1352/656
f 226/1378/521 211/1702/521 210/1379/521
f 1608/1703/657 1626/1704/657 1630/1563/657
f 1376/1705/658 1405/806/658 1399/1706/658
f 624/1422/654 607/1004/654 605/1707/654
f 433/510/659 436/489/659 435/488/659
f 915/1708/660 919/1709/660 916/904/660
f 429/1710/661 381/1711/661 382/1712/661
f 450/1713/662 385/1714/662 386/1424/662
f 691/1715/654 702/1716/654 690/495/654
f 1415/1366/663 1419/168/663 1421/1717/663
f 1010/1718/630 980/1719/630 979/1720/630
f 1151/762/402 1113/1721/402 1102/763/402
f 592/1722/664 574/1723/664 588/1724/664
f 1256/1725/665 1226/1726/665 1259/1727/665
f 1454/1728/666 1413/547/666 1458/546/666
f 1360/1272/667 1351/1729/667 1364/1330/667
f 1148/1730/668 1146/1731/668 1149/1732/668
f 1744/1276/669 1784/1302/669 1771/1508/669
f 701/1733/670 706/1734/670 704/1735/670
f 1410/472/671 1454/1728/671 1432/1736/671
f 367/1737/672 483/1738/672 479/1739/672
f 449/1740/507 477/1741/507 460/1742/507
f 137/672/491 140/1743/491 147/1744/491
f 1793/1745/673 1792/1746/673 1794/1747/673
f 1009/1491/674 1008/1748/674 971/1749/674
f 1168/235/675 1166/1750/675 1169/1751/675
f 478/1752/676 458/1753/676 459/1754/676
f 290/1286/216 280/1755/216 291/1756/216
f 216/1757/677 158/1509/677 157/1758/677
f 240/990/678 132/634/678 129/633/678
f 250/1759/679 288/1331/679 287/1760/679
f 1073/1761/680 1055/1762/680 1069/1763/680
f 987/1627/681 989/1764/681 986/1498/681
f 307/463/682 305/1765/682 306/341/682
f 880/1766/683 878/1767/683 879/1768/683
f 1014/970/684 1036/1769/684 1015/1770/684
f 42/1340/506 84/347/506 57/1771/506
f 1218/1572/603 1214/48/603 1239/898/603
f 182/597/205 184/599/205 181/1772/205
f 1334/1773/685 1343/1774/685 1338/1775/685
f 166/1776/686 208/719/686 181/1777/686
f 926/860/23 923/862/23 901/1778/23
f 1491/1571/687 1512/1779/687 1496/195/687
f 1912/954/688 1910/1780/688 1913/1781/688
f 1050/1782/689 1063/1783/689 1051/1784/689
f 1111/1785/690 1113/1721/690 1112/234/690
f 1489/1786/691 1482/1633/691 1483/1787/691
f 1777/921/692 1831/923/692 1824/1788/692
f 496/914/326 535/594/326 495/1789/326
f 809/1790/597 837/1791/597 820/1792/597
f 1605/1793/693 1600/1794/693 1604/1795/693
f 1146/1731/694 1152/1796/694 1149/1732/694
f 99/292/695 113/1797/695 112/1798/695
f 1790/423/696 1742/1799/696 1786/1800/696
f 1289/1801/39 1262/603/39 1263/406/39
f 1676/774/697 1725/366/697 1719/775/697
f 1245/1802/698 1247/1803/698 1246/1804/698
f 1390/1805/699 1384/1396/699 1395/901/699
f 1796/1806/700 1799/1807/700 1788/1808/700
f 401/580/701 399/1809/701 404/1032/701
f 816/1565/702 815/946/702 757/945/702
f 1319/184/39 1304/186/39 1316/1810/39
f 1797/1811/703 1792/1746/703 1796/1812/703
f 251/1552/704 360/1551/704 362/1813/704
f 434/1428/622 435/488/622 438/1623/622
f 1857/961/345 1852/963/345 1854/1814/345
f 180/1815/705 179/1816/705 206/1817/705
f 454/1818/706 472/1819/706 468/1820/706
f 1577/246/707 1576/1821/707 1578/1822/707
f 356/1134/708 354/1823/708 353/1824/708
f 26/375/709 28/1418/709 25/1670/709
f 763/1631/710 761/1825/710 764/1826/710
f 122/223/158 11/222/158 7/464/158
f 394/1827/711 438/1623/711 393/666/711
f 1692/1269/712 1693/1828/712 1694/1829/712
f 623/721/713 621/1830/713 624/1831/713
f 744/1832/714 752/516/714 749/254/714
f 26/375/715 27/1417/715 28/1418/715
f 472/1833/716 456/165/716 471/164/716
f 1509/1834/717 1508/1835/717 1510/1836/717
f 1138/1837/718 1124/1838/718 1141/1839/718
f 506/897/87 571/1437/87 497/94/87
f 1205/1840/719 1087/1841/719 1202/1842/719
f 658/1263/531 659/1262/531 628/1411/531
f 663/120/720 613/1843/720 614/121/720
f 942/65/721 945/67/721 947/1844/721
f 1623/1845/722 1645/788/722 1641/1846/722
f 13/764/723 15/1149/723 16/1148/723
f 1416/1847/724 1421/1717/724 1420/1848/724
f 46/1849/725 91/1850/725 33/1851/725
f 1548/541/726 1540/1852/726 1535/1853/726
f 217/1854/727 158/1509/727 216/1757/727
f 1586/531/728 1585/1855/728 1587/1856/728
f 1048/1857/729 992/1858/729 1023/1859/729
f 1636/78/730 1639/787/730 1628/1860/730
f 1724/1861/731 1725/366/731 1726/368/731
f 418/1862/732 449/1863/732 460/1864/732
f 583/1865/733 596/1866/733 581/1867/733
f 1659/1238/734 1660/1868/734 1661/1356/734
f 1195/1869/735 1178/385/735 1179/1870/735
f 541/1543/736 527/1373/736 526/1871/736
f 1330/1484/561 1328/1872/561 1346/931/561
f 65/1873/737 18/1874/737 17/1875/737
f 1842/1876/738 1837/802/738 1839/804/738
f 634/1877/739 633/1426/739 636/855/739
f 1851/1471/740 1850/1878/740 1855/1472/740
f 521/556/741 578/1879/741 522/1880/741
f 82/1881/742 63/1882/742 62/782/742
f 24/1185/743 54/1883/743 21/1884/743
f 1269/1885/744 1271/1886/744 1270/1887/744
f 408/1888/745 405/1889/745 394/1890/745
f 744/1832/714 741/1891/714 752/516/714
f 1460/744/746 1461/1892/746 1462/1893/746
f 1345/1405/440 1353/12/440 1358/1198/440
f 1017/371/747 1015/878/747 1016/1894/747
f 768/1618/748 766/1895/748 765/1896/748
f 539/543/749 537/1231/749 538/1897/749
f 1359/1271/750 1358/1198/750 1360/1272/750
f 713/589/237 716/1898/237 701/1899/237
f 1918/1018/751 1870/123/751 1874/1362/751
f 985/1900/752 967/1901/752 966/1691/752
f 1642/698/753 1641/1902/753 1643/699/753
f 1587/1856/754 1593/1903/754 1591/1671/754
f 1817/1904/755 1816/681/755 1818/1905/755
f 1399/1706/756 1420/1906/756 1412/1907/756
f 817/751/261 816/1565/261 758/435/261
f 538/1908/757 508/1909/757 539/1910/757
f 986/1911/758 1061/1912/758 1050/1913/758
f 1019/1914/245 989/1764/245 1020/1915/245
f 1686/1324/759 1708/1916/759 1663/1917/759
f 292/1285/760 290/1286/760 291/1756/760
f 174/1453/761 153/1515/761 156/1918/761
f 426/8/762 446/1919/762 447/1920/762
f 142/1921/763 144/1922/763 141/1923/763
f 1630/1924/764 1629/283/764 1631/285/764
f 1235/549/76 1273/1925/76 1268/1926/76
f 1791/424/765 1793/1927/765 1794/1928/765
f 869/1929/277 900/624/277 899/1930/277
f 1622/711/766 1618/244/766 1573/445/766
f 131/991/565 135/1931/565 175/1492/565
f 1728/338/767 1724/777/767 1726/1932/767
f 1578/1822/768 1573/445/768 1577/246/768
f 1562/818/769 1561/1933/769 1563/1532/769
f 372/1082/770 480/1934/770 484/1083/770
f 282/1935/771 284/1936/771 281/1937/771
f 992/1858/772 1026/140/772 993/481/772
f 22/1938/773 21/1939/773 85/1940/773
f 403/1941/539 442/1942/539 420/1001/539
f 1451/837/774 1444/839/774 1452/1943/774
f 1514/1944/775 1490/1662/775 1534/1945/775
f 1835/1389/523 1840/1946/523 1850/179/523
f 1350/1947/338 1337/1948/338 1348/1197/338
f 484/1949/776 480/1950/776 483/1738/776
f 554/1951/777 558/82/777 555/81/777
f 1171/1319/493 1170/1952/493 1106/1320/493
f 891/1953/80 881/1954/80 892/1955/80
f 1654/1956/778 1674/1957/778 1677/1958/778
f 1381/1258/467 1379/1260/467 1382/1397/467
f 379/1959/553 412/511/553 409/1960/553
f 165/1961/779 167/1315/779 168/1314/779
f 1009/1491/674 971/1749/674 970/1962/674
f 846/1963/780 964/827/780 848/1964/780
f 77/1965/781 79/1966/781 80/263/781
f 230/1967/9 227/1968/9 224/1969/9
f 770/1970/782 760/996/782 757/945/782
f 883/1279/477 938/1281/477 939/1971/477
f 1373/1972/783 1365/1973/783 1367/1974/783
f 131/991/784 242/1975/784 135/1931/784
f 50/1976/785 32/741/785 51/1977/785
f 1539/1978/786 1541/677/786 1542/1979/786
f 1288/915/787 1286/181/787 1291/1980/787
f 332/695/241 333/192/241 289/191/241
f 1164/1240/788 1166/1981/788 1163/1528/788
f 785/1982/789 791/1250/789 788/1983/789
f 1517/629/790 1466/1663/790 1514/1944/790
f 509/1984/791 510/1985/791 511/1986/791
f 1796/1806/792 1788/1808/792 1795/1987/792
f 1358/1988/793 1359/562/793 1357/564/793
f 1845/1989/794 1840/1990/794 1842/1991/794
f 1358/1988/795 1357/564/795 1356/1992/795
f 383/1993/796 413/1994/796 382/1995/796
f 1786/1800/797 1766/1409/797 1810/158/797
f 496/914/47 503/1996/47 536/592/47
f 1161/76/390 1120/1997/390 1121/1998/390
f 762/1999/798 817/2000/798 761/1825/798
f 1494/501/195 1537/2001/195 1534/568/195
f 253/1554/799 287/2002/799 304/2003/799
f 539/543/18 547/542/18 566/1155/18
f 887/71/800 929/2004/800 902/411/800
f 1598/999/801 1594/2005/801 1597/1282/801
f 1772/1527/802 1774/1507/802 1775/2006/802
f 1770/2007/803 1775/2008/803 1773/40/803
f 1714/258/804 1665/2009/804 1710/1322/804
f 655/853/300 615/2010/300 611/854/300
f 1900/1245/805 1896/2011/805 1898/1037/805
f 111/421/806 110/2012/806 94/2013/806
f 88/2014/543 105/2015/543 89/2016/543
f 103/125/807 108/2017/807 104/295/807
f 479/1739/808 366/2018/808 365/2019/808
f 367/1737/809 368/2020/809 483/1738/809
f 369/1084/810 484/1083/810 370/2021/810
f 480/1934/811 372/1082/811 371/2022/811
f 373/2023/812 481/2024/812 374/1343/812
f 375/909/813 376/2025/813 482/907/813
f 42/1340/814 44/2026/814 41/2027/814
f 1365/1973/815 1370/2028/815 1361/2029/815
f 821/2030/637 824/1104/637 830/2031/637
f 443/1192/816 441/2032/816 444/1193/816
f 315/132/817 293/2033/817 316/189/817
f 1433/1118/818 1461/1892/818 1455/743/818
f 96/2034/353 95/2035/353 114/2036/353
f 563/2037/819 525/2038/819 564/98/819
f 1111/149/820 1095/380/820 1089/2039/820
f 1436/2040/821 1439/657/821 1441/659/821
f 1116/2041/822 1114/305/822 1117/1283/822
f 623/721/823 653/2042/823 622/2043/823
f 1437/2044/824 1427/609/824 1430/2045/824
f 1024/1125/825 1025/536/825 1022/2046/825
f 1131/2047/826 1121/2048/826 1118/2049/826
f 1149/2050/390 1101/1674/390 1108/1482/390
f 1778/863/827 1822/2051/827 1826/2052/827
f 1157/2053/828 1103/761/828 1134/2054/828
f 679/1603/237 651/2055/237 674/1256/237
f 620/2056/829 619/1504/829 618/1696/829
f 461/2057/830 463/2058/830 462/1651/830
f 464/1650/831 466/1652/831 465/1463/831
f 467/2059/832 469/2060/832 468/2061/832
f 470/1686/833 472/2062/833 471/1684/833
f 473/1685/834 475/2063/834 474/912/834
f 476/2064/835 478/2065/835 477/2066/835
f 156/1493/836 155/2067/836 132/634/836
f 207/2068/837 151/885/837 182/597/837
f 224/1969/9 221/1041/9 233/2069/9
f 1135/307/838 1157/1480/838 1134/2070/838
f 1383/2071/839 1384/1396/839 1385/1398/839
f 1348/1197/4 1355/2072/4 1350/1947/4
f 1144/378/840 1142/6/840 1145/2073/840
f 1520/2074/841 1519/653/841 1521/2075/841
f 1833/1289/842 1830/2076/842 1828/1290/842
f 1389/869/843 1390/1625/843 1391/1333/843
f 1036/2077/844 1039/2078/844 994/2079/844
f 1704/2080/845 1702/364/845 1705/1079/845
f 271/2081/846 305/1008/846 272/1655/846
f 349/2082/847 334/2083/847 333/2084/847
f 152/884/848 190/2085/848 141/2086/848
f 869/1929/277 899/1930/277 866/2087/277
f 1671/916/849 1672/413/849 1673/649/849
f 71/2088/850 29/115/850 50/1976/850
f 231/1212/851 215/2089/851 232/2090/851
f 1218/1572/852 1259/1727/852 1219/2091/852
f 1351/1729/334 1350/1947/334 1366/932/334
f 282/1935/771 283/840/771 284/1936/771
f 1375/1347/853 1437/746/853 1430/1345/853
f 1634/2092/854 1632/79/854 1636/78/854
f 396/2093/855 414/2094/855 415/2095/855
f 920/1693/856 918/1106/856 919/2096/856
f 1609/2097/857 1558/2098/857 1606/2099/857
f 1850/1878/858 1844/1687/858 1855/1472/858
f 903/1560/859 871/2100/859 904/2101/859
f 128/2102/652 149/967/652 127/2103/652
f 1140/1392/860 1138/2104/860 1141/2105/860
f 1342/1/861 1336/2106/861 1338/2/861
f 1569/2107/862 1564/978/862 1568/2108/862
f 1882/2109/863 1878/2110/863 1834/2111/863
f 1746/2112/864 1745/1660/864 1747/2113/864
f 987/1627/865 988/2114/865 989/1764/865
f 100/1469/234 98/291/234 97/290/234
f 443/1192/816 442/1942/816 441/2032/816
f 1782/922/866 1781/2115/866 1783/2116/866
f 43/2117/867 57/1771/867 60/1288/867
f 740/1253/403 746/500/403 747/499/403
f 1453/2118/868 1448/2119/868 1450/494/868
f 1313/1537/76 1314/2120/76 1318/1538/76
f 1287/183/869 1283/615/869 1280/614/869
f 649/873/870 650/872/870 694/2121/870
f 1039/2122/871 1040/2123/871 1041/2124/871
f 13/1540/58 22/1938/58 86/1541/58
f 1611/358/872 1624/2125/872 1621/2126/872
f 602/2127/873 486/2128/873 496/914/873
f 1158/75/874 1114/305/874 1115/2129/874
f 868/1488/875 866/2130/875 867/1489/875
f 1288/915/39 1289/1801/39 1263/406/39
f 634/2131/876 684/2132/876 677/2133/876
f 1899/660/877 1894/1214/877 1917/2134/877
f 36/2135/807 46/525/807 33/2136/807
f 1538/2137/878 1534/568/878 1537/2001/878
f 1094/379/879 1145/2073/879 1128/402/879
f 243/575/533 125/1416/533 239/2138/533
f 1556/2139/880 1544/2140/880 1540/2141/880
f 501/2142/881 509/1984/881 512/2143/881
f 552/2144/882 551/52/882 499/51/882
f 241/574/883 134/993/883 128/987/883
f 1257/899/884 1259/1727/884 1258/900/884
f 1695/414/885 1691/2145/885 1690/412/885
f 1832/887/886 1831/923/886 1833/1289/886
f 1476/2146/887 1475/469/887 1477/2147/887
f 1619/2148/888 1638/2149/888 1616/2150/888
f 1177/2151/889 1176/2152/889 1118/2153/889
f 1799/2154/890 1805/418/890 1757/420/890
f 1434/320/891 1436/322/891 1438/747/891
f 133/2155/892 167/1315/892 184/2156/892
f 1273/1925/893 1275/2157/893 1274/2158/893
f 1852/963/894 1853/1613/894 1854/1814/894
f 1862/2159/895 1865/2160/895 1867/1382/895
f 1883/2161/896 1887/2162/896 1889/2163/896
f 338/2164/897 297/1327/897 282/2165/897
f 387/757/633 380/2166/633 377/2167/633
f 898/623/215 899/1930/215 900/624/215
f 1862/2159/895 1861/2168/895 1865/2160/895
f 1069/1763/898 1054/2169/898 1070/2170/898
f 1624/2125/899 1623/2171/899 1625/2172/899
f 1834/2111/900 1860/2173/900 1838/803/900
f 1406/807/901 1401/2174/901 1403/2175/901
f 928/409/902 902/411/902 929/2004/902
f 431/2176/539 379/1959/539 380/2166/539
f 533/2177/903 536/592/903 503/1996/903
f 1139/831/292 1181/2178/292 1180/832/292
f 1162/1241/904 1200/1387/904 1165/1242/904
f 1802/1114/905 1801/1116/905 1803/2179/905
f 1266/1219/906 1264/947/906 1267/2180/906
f 94/2181/907 53/1680/907 38/2182/907
f 217/1854/727 161/2183/727 158/1509/727
f 1753/2184/908 1746/2185/908 1747/2186/908
f 1261/1581/608 1303/2187/608 1302/1582/608
f 1839/1177/433 1843/1179/433 1845/1989/433
f 1692/1269/909 1687/975/909 1693/1828/909
f 189/1060/910 141/2188/910 190/675/910
f 437/2189/911 405/1194/911 444/1193/911
f 1820/682/912 1823/2190/912 1812/2191/912
f 1056/2192/913 1072/2193/913 1057/450/913
f 1277/1383/914 1279/429/914 1278/2194/914
f 1467/2195/915 1529/2196/915 1478/1634/915
f 851/809/916 888/2197/916 905/2198/916
f 1467/2199/917 1478/2200/917 1472/2201/917
f 431/2176/539 432/509/539 379/1959/539
f 1541/677/918 1540/1852/918 1542/1979/918
f 741/1576/605 742/476/605 789/1217/605
f 701/1733/876 702/2202/876 706/1734/876
f 804/1097/919 765/2203/919 766/2204/919
f 1581/823/920 1579/344/920 1574/2205/920
f 331/1137/921 345/2206/921 332/2207/921
f 1058/2208/922 1059/2209/922 1003/2210/922
f 1665/2009/923 1666/2211/923 1667/2212/923
f 1888/403/139 1891/405/139 1896/2011/139
f 801/2213/924 803/2214/924 802/2215/924
f 764/2216/637 759/2217/637 800/2218/637
f 1471/91/925 1469/90/925 1473/2219/925
f 70/2220/213 69/329/213 47/2221/213
f 983/668/230 982/480/230 1031/669/230
f 1264/947/341 1290/949/341 1291/2222/341
f 1601/1446/547 1599/997/547 1597/1282/547
f 112/2223/926 114/2224/926 110/300/926
f 928/409/927 926/860/927 927/439/927
f 1677/1958/928 1678/983/928 1679/982/928
f 1363/2225/929 1368/2226/929 1372/2227/929
f 1222/692/549 1252/1452/549 1221/2228/549
f 302/784/930 328/2229/930 327/2230/930
f 157/1758/931 158/1509/931 159/1511/931
f 1402/162/932 1445/396/932 1407/160/932
f 941/2231/933 944/1607/933 930/1606/933
f 499/2232/934 498/92/934 529/2233/934
f 478/1752/935 460/1742/935 477/1741/935
f 397/2234/936 399/1809/936 398/2235/936
f 987/1627/154 1051/1497/154 1052/1628/154
f 1327/2236/454 1323/2237/454 1326/646/454
f 1523/652/937 1521/2075/937 1519/653/937
f 833/2238/637 836/2239/637 821/2030/637
f 647/275/93 661/277/93 646/1013/93
f 1832/887/938 1824/1788/938 1831/923/938
f 473/2240/539 476/2241/539 461/2057/539
f 726/1620/939 776/799/939 743/474/939
f 1472/2201/940 1473/2219/940 1467/2199/940
f 286/95/941 288/1331/941 285/2242/941
f 432/509/539 412/511/539 379/1959/539
f 245/1545/942 269/709/942 264/1267/942
f 308/2243/943 310/1075/943 305/1765/943
f 1390/1625/624 1395/2244/624 1397/1626/624
f 1515/2245/944 1547/857/944 1525/2246/944
f 672/956/237 652/2247/237 619/957/237
f 449/1740/945 463/2248/945 477/1741/945
f 240/990/678 129/633/678 244/2249/678
f 899/1666/946 940/1668/946 941/2250/946
f 491/431/146 516/2251/146 515/432/146
f 809/1790/947 822/2252/947 823/2253/947
f 607/1636/948 723/553/948 719/1637/948
f 1173/2254/949 1098/2255/949 1099/2256/949
f 436/2257/950 429/1710/950 382/1712/950
f 1078/2258/951 1050/2259/951 1061/2260/951
f 604/2261/952 601/2262/952 603/2263/952
f 830/2264/953 835/2265/953 833/2266/953
f 1361/2029/954 1370/2028/954 1369/2267/954
f 378/2268/955 453/1003/955 452/2269/955
f 723/553/956 721/552/956 724/1072/956
f 1767/2270/957 1824/1788/957 1811/886/957
f 400/2271/958 397/2234/958 410/2272/958
f 678/2273/959 680/1604/959 679/1603/959
f 1154/2274/960 1150/2275/960 1157/2053/960
f 623/721/961 656/394/961 653/2042/961
f 662/1182/962 630/1005/962 631/1180/962
f 963/2276/963 852/2277/963 961/2278/963
f 1616/2150/964 1594/2005/964 1571/2279/964
f 799/1500/965 797/1098/965 800/2218/965
f 246/1546/966 264/1267/966 263/2280/966
f 1185/1066/967 1182/2281/967 1183/2282/967
f 428/2283/176 431/2176/176 387/757/176
f 1425/2284/968 1422/2285/968 1374/2286/968
f 795/737/256 774/2287/256 753/738/256
f 979/1720/969 1052/1628/969 1053/2288/969
f 274/138/970 288/1331/970 275/890/970
f 1463/2289/971 1464/2290/971 1465/2291/971
f 1533/2292/972 1529/2293/972 1532/2294/972
f 421/2295/973 423/1657/973 422/1656/973
f 1269/1885/744 1268/1926/744 1271/1886/744
f 1488/2296/974 1484/2297/974 1506/1165/974
f 179/1816/9 187/2298/9 206/1817/9
f 1308/2299/549 1310/2300/549 1307/457/549
f 1653/2301/975 1654/2302/975 1655/1298/975
f 1027/141/976 1047/2303/976 1028/139/976
f 640/460/977 650/515/977 651/2304/977
f 1409/161/978 1403/2305/978 1402/162/978
f 1895/1213/447 1899/660/447 1901/662/447
f 1058/2208/922 1003/2210/922 1002/2306/922
f 1885/2307/979 1883/2161/979 1886/2308/979
f 1709/561/980 1737/2309/980 1731/559/980
f 539/543/749 540/1232/749 537/1231/749
f 1866/1228/981 1863/2310/981 1864/1381/981
f 1509/2311/656 1510/1700/656 1505/1352/656
f 1538/2137/982 1537/2001/982 1539/1978/982
f 1221/28/10 1295/2312/10 1294/29/10
f 1309/1454/551 1294/2313/551 1295/1455/551
f 971/2314/983 1082/2315/983 1085/477/983
f 1780/864/984 1778/863/984 1782/2316/984
f 45/690/985 88/2317/985 89/526/985
f 1329/2318/986 1342/2319/986 1328/2320/986
f 1614/2321/987 1559/199/987 1565/2322/987
f 671/955/237 619/957/237 620/2323/237
f 1887/2162/988 1837/802/988 1841/2324/988
f 1383/2071/989 1401/2174/989 1405/806/989
f 1597/1282/990 1638/2149/990 1642/698/990
f 723/553/956 720/1071/956 719/1637/956
f 542/1038/380 511/2325/380 510/1039/380
f 184/599/991 134/2326/991 133/2327/991
f 842/2328/992 730/2329/992 845/2330/992
f 157/1758/993 159/1511/993 160/2331/993
f 743/474/994 741/1576/994 744/1621/994
f 800/2218/995 804/1097/995 801/2213/995
f 481/2024/996 370/2332/996 484/2333/996
f 285/2242/254 317/137/254 324/96/254
f 158/1509/848 161/2183/848 164/1510/848
f 202/2334/9 201/2335/9 164/919/9
f 649/873/870 694/2121/870 693/2336/870
f 1278/2194/997 1236/2337/997 1281/2338/997
f 976/1100/998 1017/371/998 1016/1894/998
f 1176/2339/999 1193/2340/999 1189/2341/999
f 766/2204/1000 808/2342/1000 803/2214/1000
f 242/995/1001 126/815/1001 136/814/1001
f 253/1554/1002 303/2343/1002 254/1555/1002
f 937/2344/236 938/2345/236 882/2346/236
f 143/813/1003 173/2347/1003 176/2348/1003
f 194/2349/9 193/1477/9 171/25/9
f 1127/466/1004 1165/1242/1004 1126/2350/1004
f 1815/2351/1005 1817/1904/1005 1818/1905/1005
f 223/1043/1006 237/1056/1006 236/1055/1006
f 1336/2106/1007 1334/2352/1007 1338/2/1007
f 1047/2303/1008 1048/1857/1008 1049/2353/1008
f 870/685/1009 872/1559/1009 873/397/1009
f 1733/248/1010 1730/755/1010 1734/616/1010
f 401/580/1011 456/2354/1011 398/2235/1011
f 738/2355/1012 769/2356/1012 813/2357/1012
f 809/2358/1013 745/2359/1013 746/2360/1013
f 524/655/18 560/55/18 519/2361/18
f 717/2362/1014 689/497/1014 703/496/1014
f 1222/692/39 1223/694/39 1275/2363/39
f 1853/1169/1015 1851/180/1015 1854/2364/1015
f 1219/2091/1016 1259/1727/1016 1226/1726/1016
f 1219/2091/1016 1226/1726/1016 1209/2365/1016
f 1395/901/1017 1376/1705/1017 1388/2366/1017
f 1132/2367/1018 1130/1376/1018 1133/2368/1018
f 676/1255/1019 675/2369/1019 674/1256/1019
f 1666/2370/1020 1673/649/1020 1667/2371/1020
f 1519/653/1021 1532/2294/1021 1529/2293/1021
f 766/2204/1000 781/2372/1000 808/2342/1000
f 866/2373/1022 931/2374/1022 867/2375/1022
f 602/2376/1023 491/2377/1023 600/2378/1023
f 716/1675/645 713/2379/645 714/1676/645
f 328/2229/1024 286/2380/1024 323/2381/1024
f 1747/2113/1025 1745/1660/1025 1749/2382/1025
f 1703/2383/1026 1709/561/1026 1699/560/1026
f 1578/2384/1027 1580/2385/1027 1581/2386/1027
f 876/319/148 875/2387/148 886/437/148
f 593/1204/18 590/1203/18 581/2388/18
f 708/2389/300 695/2390/300 712/2391/300
f 1728/338/1028 1726/1932/1028 1729/339/1028
f 1132/2392/390 1160/74/390 1121/1998/390
f 673/1257/237 674/1256/237 651/2055/237
f 684/2132/1029 646/1013/1029 683/2393/1029
f 489/2394/1030 604/2261/1030 600/2378/1030
f 570/2395/1031 583/2396/1031 582/1121/1031
f 1719/775/1032 1724/1861/1032 1740/2397/1032
f 1336/2106/1033 1329/2398/1033 1334/2352/1033
f 1923/2399/1034 1869/2400/1034 1916/2401/1034
f 122/223/1035 2/1438/1035 12/224/1035
f 396/2402/716 372/1082/716 395/2403/716
f 1770/2007/803 1773/40/803 1769/42/803
f 632/1420/536 624/1422/536 621/2404/536
f 1617/2405/1036 1628/2406/1036 1639/2407/1036
f 111/421/806 94/2013/806 93/2408/806
f 1613/359/1037 1614/2409/1037 1615/2410/1037
f 1362/2411/1038 1340/482/1038 1341/483/1038
f 1701/365/1039 1650/894/1039 1653/2301/1039
f 864/2412/1040 846/1963/1040 865/2413/1040
f 121/221/1041 124/1142/1041 6/2414/1041
f 514/569/1042 528/2415/1042 515/432/1042
f 22/766/1043 24/1185/1043 21/1884/1043
f 146/2416/1044 147/2417/1044 148/1247/1044
f 771/2418/1045 769/2419/1045 772/2420/1045
f 965/2421/1046 853/317/1046 850/2422/1046
f 476/911/325 473/1685/325 474/912/325
f 1578/1822/1047 1575/446/1047 1573/445/1047
f 1299/2423/1048 1315/2424/1048 1298/2425/1048
f 1610/2426/1049 1612/357/1049 1613/359/1049
f 1454/1728/666 1410/472/666 1413/547/666
f 1676/774/697 1683/874/697 1725/366/697
f 1415/1366/1050 1414/166/1050 1419/168/1050
f 156/1493/836 132/634/836 131/991/836
f 525/2038/1051 527/2427/1051 528/2415/1051
f 1631/2428/1052 1635/1564/1052 1630/1563/1052
f 885/2429/23 884/2430/23 922/2431/23
f 1753/2184/908 1751/2432/908 1746/2185/908
f 826/2433/261 810/2434/261 811/2435/261
f 599/2436/1053 485/2437/1053 486/2438/1053
f 487/2439/1054 603/2440/1054 488/2441/1054
f 489/2394/1055 490/2442/1055 604/2261/1055
f 600/2378/1056 491/2377/1056 492/2443/1056
f 493/567/1057 494/566/1057 601/2444/1057
f 495/1789/1058 602/2127/1058 496/914/1058
f 468/1820/1059 453/2445/1059 454/1818/1059
f 416/2446/1060 383/1993/1060 366/2447/1060
f 1911/2448/1061 1879/2449/1061 1904/953/1061
f 1270/2450/39 1271/127/39 1231/129/39
f 1151/762/402 1146/1731/402 1113/1721/402
f 1048/1857/729 1027/141/729 992/1858/729
f 287/2002/1062 301/2451/1062 304/2003/1062
f 128/2102/127 183/598/127 150/2452/127
f 349/2082/1063 348/2453/1063 334/2083/1063
f 177/68/1064 179/1816/1064 180/1815/1064
f 1387/2454/1065 1434/320/1065 1393/1225/1065
f 139/2455/1066 169/1061/1066 172/1174/1066
f 1238/538/1067 1214/2456/1067 1215/2457/1067
f 170/1157/1068 213/1062/1068 214/2458/1068
f 121/221/1069 4/213/1069 123/212/1069
f 85/2459/1070 54/1679/1070 96/2460/1070
f 8/176/1071 124/216/1071 120/217/1071
f 538/1908/757 505/895/757 508/1909/757
f 581/1867/1072 582/2461/1072 583/1865/1072
f 584/1305/1073 585/1304/1073 586/2462/1073
f 587/2463/1074 588/2464/1074 589/2465/1074
f 590/2466/1075 591/2467/1075 592/2468/1075
f 593/1204/1076 594/1087/1076 595/1202/1076
f 596/2469/1077 597/2470/1077 598/2471/1077
f 943/1605/1078 932/2472/1078 931/2473/1078
f 487/2439/1079 599/2436/1079 603/2440/1079
f 1035/2474/1080 1037/969/1080 1034/2475/1080
f 1889/2476/1081 1884/1246/1081 1886/2477/1081
f 556/1444/1082 534/2478/1082 533/2479/1082
f 74/2480/1083 70/2220/1083 75/2481/1083
f 388/759/539 419/1002/539 427/1220/539
f 1787/1337/504 1793/1745/504 1819/1338/504
f 1039/2122/1084 1035/2474/1084 1040/2123/1084
f 1657/1297/1085 1653/2301/1085 1655/1298/1085
f 1047/2303/1086 1049/2353/1086 1046/2482/1086
f 257/485/1087 260/1176/1087 267/2483/1087
f 1739/974/351 1693/1828/351 1687/975/351
f 751/2484/1088 750/255/1088 749/254/1088
f 1255/1451/39 1275/2363/39 1276/943/39
f 1217/2485/1089 1233/1218/1089 1266/1219/1089
f 1077/705/245 1062/2486/245 1064/706/245
f 33/1348/1090 92/2487/1090 34/83/1090
f 1711/2488/1091 1708/1916/1091 1730/755/1091
f 1814/159/1092 1810/158/1092 1813/41/1092
f 1550/2489/1093 1546/1614/1093 1549/1525/1093
f 303/2343/1094 304/2003/1094 301/2451/1094
f 407/2490/1095 373/2023/1095 424/2491/1095
f 1617/786/275 1645/788/275 1623/1845/275
f 1477/2147/1096 1472/2492/1096 1476/2146/1096
f 1651/2493/1097 1657/1297/1097 1656/2494/1097
f 1266/1219/1098 1216/952/1098 1217/2485/1098
f 1207/2495/1099 1203/2496/1099 1206/252/1099
f 361/226/1100 364/1550/1100 250/1549/1100
f 82/1881/1101 83/348/1101 84/347/1101
f 564/98/1102 525/2038/1102 514/569/1102
f 1923/2399/1103 1924/1461/1103 1925/2497/1103
f 1018/2498/1104 1059/2499/1104 1060/2500/1104
f 1809/2501/1105 1802/2502/1105 1803/2503/1105
f 792/2504/637 793/2505/637 772/2420/637
f 65/328/1106 67/1150/1106 68/2506/1106
f 1537/2001/1107 1494/501/1107 1499/678/1107
f 924/861/1108 922/2431/1108 923/862/1108
f 1793/1745/1109 1787/1337/1109 1792/1746/1109
f 270/2507/1110 272/1655/1110 269/709/1110
f 1250/2508/1111 1216/952/1111 1267/2180/1111
f 1476/2146/1112 1468/663/1112 1475/469/1112
f 1413/547/1113 1414/166/1113 1415/1366/1113
f 1774/2509/1114 1777/921/1114 1767/2270/1114
f 1205/1840/719 1097/2510/719 1087/1841/719
f 1271/1886/1115 1273/1925/1115 1274/2158/1115
f 1327/2511/1116 1215/2457/1116 1323/2512/1116
f 1435/2513/1117 1454/2514/1117 1457/2515/1117
f 774/2516/1118 796/1015/1118 773/475/1118
f 1870/123/1119 1868/122/1119 1871/2517/1119
f 1226/1126/413 1224/1128/413 1227/333/413
f 1682/2518/1120 1681/2519/1120 1677/1958/1120
f 782/595/1121 781/704/1121 784/2520/1121
f 1499/678/1107 1541/677/1107 1537/2001/1107
f 1174/2521/1122 1186/2522/1122 1173/2523/1122
f 829/314/1123 812/1028/1123 813/315/1123
f 1442/1160/1124 1424/1162/1124 1446/2524/1124
f 1217/2485/1089 1211/2525/1089 1233/1218/1089
f 1505/1352/1125 1550/2489/1125 1509/2311/1125
f 99/292/695 112/1798/695 97/290/695
f 1302/1582/1126 1245/2526/1126 1260/1583/1126
f 910/1132/1127 863/15/1127 862/2527/1127
f 994/2079/1128 996/638/1128 997/640/1128
f 1186/2528/1129 1172/2529/1129 1173/2530/1129
f 246/2531/1130 362/1557/1130 359/2532/1130
f 39/2533/1131 53/2534/1131 56/2535/1131
f 201/2536/1132 203/2537/1132 204/2538/1132
f 954/2539/1133 952/2540/1133 951/2541/1133
f 1601/1446/1134 1595/2542/1134 1600/1794/1134
f 1689/756/1135 1690/1326/1135 1691/1608/1135
f 1478/2200/917 1482/2543/917 1472/2201/917
f 1234/550/1136 1269/1885/1136 1290/2544/1136
f 1440/933/335 1433/2545/335 1423/838/335
f 1096/2546/1137 1136/1406/1137 1137/1408/1137
f 1640/1029/1138 1627/2547/1138 1584/1030/1138
f 95/2035/481 110/2548/481 114/2036/481
f 1488/2296/1139 1480/664/1139 1487/2549/1139
f 261/1007/367 272/1655/367 305/1008/367
f 631/1180/434 666/2550/434 687/1181/434
f 321/748/1140 324/750/1140 317/1335/1140
f 417/2551/1141 458/2552/1141 402/2553/1141
f 1524/1615/1142 1546/1614/1142 1502/1351/1142
f 88/2014/543 101/2554/543 105/2015/543
f 1696/2555/1143 1694/2556/1143 1697/2557/1143
f 1146/1731/1144 1147/2558/1144 1112/234/1144
f 161/918/328 162/70/328 163/69/328
f 531/1669/1145 532/2559/1145 529/355/1145
f 1711/2488/1091 1730/755/1091 1733/248/1091
f 336/1436/416 281/1064/416 278/734/416
f 1548/541/1146 1535/1853/1146 1492/676/1146
f 1560/343/1147 1589/926/1147 1567/816/1147
f 744/1832/261 749/254/261 727/2560/261
f 53/2561/1148 55/1521/1148 56/2562/1148
f 1583/2563/1149 1596/2564/1149 1604/2565/1149
f 865/683/236 846/2566/236 848/684/236
f 647/275/94 648/798/94 609/1561/94
f 46/525/238 47/2567/238 48/689/238
f 510/1039/1150 494/566/1150 543/1040/1150
f 908/2568/1151 906/2569/1151 907/440/1151
f 1299/2423/1152 1314/2570/1152 1315/2424/1152
f 227/1047/1153 225/1045/1153 224/1044/1153
f 556/1444/1154 502/2571/1154 549/1442/1154
f 1395/901/1017 1384/1396/1017 1376/1705/1017
f 436/2257/950 382/1712/950 413/2572/950
f 1176/2339/1155 1189/2341/1155 1175/2573/1155
f 164/919/1156 163/69/1156 202/2334/1156
f 137/672/491 147/1744/491 146/2574/491
f 220/372/991 238/2575/991 237/2576/991
f 1799/2154/890 1757/420/890 1754/2577/890
f 1364/1330/1157 1351/1729/1157 1366/932/1157
f 1618/244/1158 1577/246/1158 1573/445/1158
f 889/2578/1159 851/809/1159 850/2579/1159
f 1877/586/1160 1876/2580/1160 1873/587/1160
f 721/552/1161 610/2581/1161 724/1072/1161
f 1865/2160/1162 1866/1228/1162 1867/1382/1162
f 1000/2582/165 999/2583/165 1002/1403/165
f 313/188/623 314/130/623 315/132/623
f 155/2067/1163 156/1493/1163 153/2584/1163
f 1611/358/872 1621/2126/872 1614/2409/872
f 1671/916/1164 1664/917/1164 1672/413/1164
f 954/2585/23 951/66/23 942/65/23
f 112/2223/926 110/300/926 109/299/926
f 1234/550/1136 1290/2544/1136 1265/2586/1136
f 1565/2587/1165 1561/2588/1165 1609/2097/1165
f 5/214/806 44/175/806 43/2589/806
f 445/524/176 446/523/176 419/1002/176
f 1517/629/790 1469/90/790 1466/1663/790
f 1541/677/1166 1535/1853/1166 1540/1852/1166
f 177/68/24 180/1815/24 163/69/24
f 1832/887/1167 1820/682/1167 1816/681/1167
f 379/1959/553 409/1960/553 378/2590/553
f 533/2177/903 503/1996/903 502/2591/903
f 1670/2592/1168 1665/2009/1168 1667/2212/1168
f 454/2593/1169 397/2594/1169 455/2595/1169
f 1914/23/41 1870/123/41 1918/1018/41
f 286/95/1170 287/1760/1170 288/1331/1170
f 897/505/1171 847/2596/1171 864/504/1171
f 950/2597/1172 935/2598/1172 934/2599/1172
f 290/1286/216 277/2600/216 280/1755/216
f 1464/2601/1173 1462/1893/1173 1465/2602/1173
f 1179/583/200 1180/2603/200 1199/584/200
f 1904/953/1174 1892/2604/1174 1915/2605/1174
f 549/1442/1175 501/152/1175 550/2606/1175
f 1098/1673/1176 1108/1482/1176 1101/1674/1176
f 36/2607/213 75/2481/213 47/2221/213
f 454/1818/1177 455/2608/1177 472/1819/1177
f 241/574/883 128/987/883 243/575/883
f 152/884/848 185/883/848 190/2085/848
f 82/1881/742 62/782/742 83/348/742
f 1833/1289/1178 1826/2609/1178 1827/2610/1178
f 814/944/340 770/1970/340 757/945/340
f 1184/2611/524 1182/2281/524 1197/2612/524
f 360/1551/1179 364/1550/1179 359/2613/1179
f 806/2614/637 787/1658/637 779/2615/637
f 384/1108/408 366/1110/408 383/2616/408
f 1780/864/1180 1782/2316/1180 1783/2617/1180
f 403/1033/1181 417/2618/1181 402/581/1181
f 1051/1784/1182 1067/391/1182 1052/2619/1182
f 65/1873/737 17/1875/737 66/1159/737
f 33/1348/1183 34/83/1183 35/401/1183
f 1027/141/976 1048/1857/976 1047/2303/976
f 1739/843/1184 1732/2620/1184 1740/844/1184
f 59/979/353 9/981/353 60/1288/353
f 115/265/213 117/618/213 40/2621/213
f 1224/1128/1185 1235/549/1185 1232/331/1185
f 1049/2622/1186 1023/1123/1186 1022/2046/1186
f 1419/168/1187 1388/2623/1187 1412/2624/1187
f 205/720/1188 203/2537/1188 202/2625/1188
f 1038/888/316 1041/2626/316 1042/447/316
f 629/1421/1189 632/1420/1189 631/1180/1189
f 1636/78/730 1644/1568/730 1639/787/730
f 682/2627/237 685/2628/237 660/2629/237
f 1739/843/1190 1734/616/1190 1693/1610/1190
f 1204/2630/1191 1091/2631/1191 1207/2632/1191
f 688/282/1192 683/2393/1192 646/1013/1192
f 1289/1801/1193 1291/1980/1193 1290/2633/1193
f 874/1105/407 919/2096/407 918/1106/407
f 1229/1474/1194 1228/2634/1194 1231/129/1194
f 481/2024/996 373/2023/996 370/2332/996
f 1900/1245/1195 1898/1037/1195 1901/2635/1195
f 1568/2108/1196 1567/816/1196 1569/2107/1196
f 1461/1892/1197 1459/2636/1197 1462/1893/1197
f 1665/2009/1198 1669/2637/1198 1710/1322/1198
f 1200/1387/390 1162/1241/390 1125/1388/390
f 1209/2638/1199 1226/1126/1199 1227/333/1199
f 1643/2639/1200 1641/1846/1200 1645/788/1200
f 1911/1536/1201 1913/2640/1201 1907/198/1201
f 962/2641/1202 849/2642/1202 964/2643/1202
f 150/2452/1203 182/597/1203 151/885/1203
f 1758/86/1204 1754/88/1204 1757/2644/1204
f 235/725/252 234/1171/252 218/726/252
f 1765/2645/1205 1763/2646/1205 1758/86/1205
f 1378/1268/1206 1398/2647/1206 1401/2174/1206
f 515/432/87 489/2648/87 492/433/87
f 1651/972/1207 1662/2649/1207 1713/257/1207
f 1436/2040/1208 1435/2513/1208 1439/657/1208
f 119/208/1209 3/211/1209 1/209/1209
f 1363/2225/1210 1357/2650/1210 1368/2226/1210
f 1446/2524/1211 1428/2651/1211 1451/837/1211
f 378/2268/955 409/958/955 453/1003/955
f 220/372/1212 219/2652/1212 238/2575/1212
f 899/1666/1213 941/2250/1213 930/2653/1213
f 281/1064/367 279/1579/367 278/734/367
f 856/2654/1214 877/318/1214 852/2277/1214
f 672/956/237 673/1257/237 652/2247/237
f 1281/2338/1215 1277/1383/1215 1278/2194/1215
f 1062/2486/443 1065/2655/443 1067/2656/443
f 154/2657/1216 168/1314/1216 155/2658/1216
f 487/2439/190 504/2659/190 485/2437/190
f 1843/1179/1217 1844/1687/1217 1845/1989/1217
f 338/2660/1218 358/1223/1218 339/1222/1218
f 405/1889/1219 407/2661/1219 406/2662/1219
f 685/2628/1220 682/2627/1220 683/2663/1220
f 1293/936/1221 1294/2313/1221 1309/1454/1221
f 166/1776/686 203/2537/686 208/719/686
f 381/1711/1222 383/2616/1222 382/1712/1222
f 321/748/1140 317/1335/1140 320/1334/1140
f 1682/2518/1223 1677/1958/1223 1679/982/1223
f 536/592/1224 533/2177/1224 534/593/1224
f 245/1545/942 247/710/942 269/709/942
f 207/718/251 205/720/251 206/2664/251
f 1000/2582/165 1002/1403/165 1005/117/165
f 392/7/1225 390/2665/1225 389/2666/1225
f 719/2667/1226 606/2668/1226 605/2669/1226
f 607/1004/1227 608/119/1227 723/2670/1227
f 609/1073/1228 724/1072/1228 610/2581/1228
f 720/2671/1229 612/2672/1229 611/854/1229
f 613/2673/1230 721/552/1230 614/2674/1230
f 615/393/1231 616/395/1231 722/2675/1231
f 1456/2676/1232 1400/154/1232 1443/156/1232
f 206/2677/1233 186/1432/1233 207/2068/1233
f 392/7/1234 391/9/1234 390/2665/1234
f 672/956/1235 670/2678/1235 669/2679/1235
f 1864/1381/1236 1863/2310/1236 1836/2680/1236
f 1749/2681/1237 1743/87/1237 1748/771/1237
f 1339/2682/338 1346/931/338 1333/2683/338
f 1588/2684/1238 1604/2685/1238 1600/2686/1238
f 1583/2563/1239 1604/2565/1239 1588/927/1239
f 520/2687/1240 531/1669/1240 530/920/1240
f 216/1757/1241 157/1758/1241 215/1359/1241
f 655/2688/1242 653/2042/1242 656/394/1242
f 1860/2173/1243 1858/2689/1243 1861/2690/1243
f 1468/663/1244 1487/2549/1244 1480/664/1244
f 121/221/1069 10/220/1069 4/213/1069
f 251/889/317 276/2691/317 275/890/317
f 415/2095/1245 376/2025/1245 375/909/1245
f 1747/2113/1025 1749/2382/1025 1750/2692/1025
f 1119/2693/1246 1121/2048/1246 1120/2694/1246
f 769/2419/406 738/1252/406 739/1254/406
f 701/2695/1247 703/2696/1247 702/2697/1247
f 704/1735/1248 706/1734/1248 705/2698/1248
f 707/2699/1249 709/2700/1249 708/2701/1249
f 710/2702/1250 712/2703/1250 711/2704/1250
f 713/2379/1251 715/2705/1251 714/1676/1251
f 716/1675/1252 718/1677/1252 717/2706/1252
f 804/1097/1253 766/2204/1253 803/2214/1253
f 925/73/563 875/1107/563 918/1106/563
f 140/417/9 188/416/9 147/2417/9
f 1413/547/1254 1410/472/1254 1414/166/1254
f 418/1862/1255 459/2707/1255 417/2551/1255
f 485/2437/577 503/2708/577 486/2438/577
f 177/68/1256 178/1248/1256 179/1816/1256
f 1205/1840/1099 1202/1842/1099 1203/2496/1099
f 1179/2709/1257 1138/833/1257 1180/832/1257
f 1272/942/339 1276/943/339 1275/2363/339
f 1085/477/454 1082/2315/454 1084/1230/454
f 1910/2710/1258 1905/196/1258 1907/198/1258
f 1518/631/1259 1523/2711/1259 1517/629/1259
f 541/1543/586 542/1038/586 543/1040/586
f 1678/983/1260 1674/1957/1260 1718/2712/1260
f 1228/2713/1261 1303/2187/1261 1261/1581/1261
f 416/2446/1060 366/2447/1060 376/2025/1060
f 755/1091/1262 729/2714/1262 768/2715/1262
f 1737/247/83 1735/249/83 1738/2716/83
f 445/524/1263 442/1942/1263 443/1192/1263
f 562/2717/18 561/656/18 523/490/18
f 617/2718/670 627/2719/670 620/2056/670
f 1584/1030/643 1627/2547/643 1633/875/643
f 983/668/348 1030/670/348 1037/969/348
f 87/1542/1264 14/2720/1264 13/1540/1264
f 1519/653/1021 1529/2293/1021 1522/654/1021
f 862/2527/1265 863/15/1265 864/504/1265
f 1018/2721/1266 1004/118/1266 1003/2722/1266
f 511/910/1267 567/1156/1267 546/2723/1267
f 950/2597/475 949/2724/475 935/2598/475
f 773/475/1268 775/1400/1268 774/2516/1268
f 1296/1475/1269 1221/2725/1269 1252/17/1269
f 383/1993/796 416/2446/796 413/1994/796
f 276/2726/1270 255/1465/1270 295/1466/1270
f 613/2727/1271 647/275/1271 610/1562/1271
f 763/1631/1272 762/1999/1272 761/1825/1272
f 1779/172/1273 1776/2728/1273 1778/863/1273
f 587/1303/1274 589/2729/1274 585/1304/1274
f 1553/2730/1275 1552/859/1275 1554/2731/1275
f 1154/2732/390 1155/1479/390 1132/2392/390
f 393/666/1276 396/2733/1276 395/2734/1276
f 1318/1129/414 1301/1131/414 1317/2735/414
f 1326/646/454 1324/645/454 1327/2236/454
f 367/1737/1277 479/1739/1277 365/2019/1277
f 234/1445/24 233/2069/24 236/1055/24
f 1180/2603/1278 1198/383/1278 1199/584/1278
f 82/1881/1279 84/347/1279 81/2736/1279
f 685/2628/1280 687/2737/1280 686/2738/1280
f 984/370/1281 983/2739/1281 1014/2740/1281
f 931/2374/272 858/2741/272 867/2375/272
f 1807/2742/1282 1825/2743/1282 1802/1114/1282
f 1100/2744/1283 1130/1376/1283 1099/2745/1283
f 302/784/930 301/2451/930 328/2229/930
f 669/2679/1284 673/1257/1284 672/956/1284
f 499/2232/1274 529/2233/1274 532/2746/1274
f 497/94/1102 500/93/1102 507/2747/1102
f 672/956/1235 671/955/1235 670/2678/1235
f 105/2015/1285 90/1520/1285 89/2016/1285
f 1355/2072/334 1354/11/334 1366/932/334
f 1908/1460/1286 1903/1459/1286 1909/2748/1286
f 1317/2749/1287 1319/2750/1287 1316/1539/1287
f 1634/2092/1288 1636/78/1288 1637/2751/1288
f 1779/172/57 1755/174/57 1776/2728/57
f 1039/2122/1084 1036/1769/1084 1035/2474/1084
f 58/2752/1289 26/375/1289 59/2753/1289
f 1110/1208/445 1111/2754/445 1089/250/445
f 1911/2448/1290 1912/954/1290 1913/1781/1290
f 889/438/272 850/2422/272 853/317/272
f 942/65/23 957/2755/23 954/2585/23
f 794/2756/637 839/1501/637 771/2418/637
f 1533/2292/972 1530/2757/972 1529/2293/972
f 770/2758/1291 813/2357/1291 769/2356/1291
f 1213/2759/1292 1251/102/1292 1212/2760/1292
f 1736/776/271 1740/2761/271 1724/777/271
f 1175/2762/1293 1174/1377/1293 1130/1376/1293
f 1268/1926/1294 1234/550/1294 1235/549/1294
f 1801/1116/1295 1798/1115/1295 1755/174/1295
f 843/2763/1296 841/2764/1296 731/1090/1296
f 1788/2765/1297 1743/2766/1297 1749/2767/1297
f 1695/414/1298 1696/2555/1298 1697/2557/1298
f 1379/1260/1299 1383/2071/1299 1385/1398/1299
f 1627/2547/1300 1640/1029/1300 1648/2768/1300
f 1180/2603/1278 1181/381/1278 1198/383/1278
f 1055/2769/1301 998/2770/1301 1011/847/1301
f 1744/1276/669 1756/1278/669 1784/1302/669
f 189/1060/1302 142/1059/1302 141/2188/1302
f 1140/1392/860 1139/1391/860 1138/2104/860
f 817/1145/420 818/2771/420 834/1146/420
f 1196/2772/402 1191/2773/402 1192/2774/402
f 869/2775/23 868/1488/23 908/2568/23
f 1616/2150/1303 1638/2149/1303 1594/2005/1303
f 914/1332/1304 916/904/1304 917/13/1304
f 1279/2776/1305 1225/1127/1305 1256/2777/1305
f 885/2778/1306 883/2779/1306 884/2780/1306
f 990/388/651 985/1900/651 966/1691/651
f 703/2781/1307 716/1898/1307 717/2782/1307
f 315/132/262 318/131/262 273/753/262
f 429/1710/1308 430/360/1308 381/1711/1308
f 1331/2783/106 1355/2784/106 1352/2785/106
f 934/2786/1309 935/2787/1309 891/2788/1309
f 1266/1219/1310 1267/2180/1310 1216/952/1310
f 920/1693/856 921/1692/856 918/1106/856
f 1255/1451/39 1222/692/39 1275/2363/39
f 623/721/1311 622/2043/1311 621/1830/1311
f 1689/756/1312 1691/1608/1312 1693/1610/1312
f 803/2214/1313 808/2342/1313 805/2789/1313
f 549/1442/1314 502/2571/1314 501/152/1314
f 224/1044/491 226/1046/491 222/1311/491
f 472/2062/958 470/1686/958 467/2790/958
f 812/2791/1315 811/2792/1315 737/2793/1315
f 406/2794/1316 421/2295/1316 448/2795/1316
f 1488/2296/1317 1506/1165/1317 1511/1164/1317
f 633/2796/1318 675/2369/1318 654/2797/1318
f 256/1074/393 246/2531/393 263/939/393
f 1209/2638/1199 1227/333/1199 1208/332/1199
f 64/1152/424 66/1159/424 61/1153/424
f 519/2361/1319 520/2798/1319 517/2799/1319
f 1062/2800/39 1077/2801/39 1074/2802/39
f 1232/331/1320 1233/548/1320 1211/2803/1320
f 932/2804/1321 933/2805/1321 859/2806/1321
f 1397/2807/1322 1396/167/1322 1392/473/1322
f 338/2164/897 339/2808/897 297/1327/897
f 942/65/721 947/1844/721 943/2809/721
f 97/290/213 112/1798/213 109/2810/213
f 483/1738/776 481/2811/776 484/1949/776
f 223/1043/463 236/1055/463 221/1041/463
f 1116/2041/1323 1115/2129/1323 1114/305/1323
f 1284/182/39 1285/408/39 1247/2812/39
f 390/2665/1324 367/2813/1324 389/2666/1324
f 1872/1363/1325 1871/2517/1325 1877/2814/1325
f 1056/2192/913 1073/2815/913 1072/2193/913
f 747/499/637 748/2816/637 787/1658/637
f 39/2533/1131 38/2817/1131 53/2534/1131
f 1151/762/1326 1150/2275/1326 1153/2818/1326
f 1325/2819/1327 1219/2820/1327 1209/2821/1327
f 248/708/1328 270/2507/1328 269/709/1328
f 933/2805/1329 890/2822/1329 859/2806/1329
f 1464/2601/1330 1460/744/1330 1462/1893/1330
f 1177/2151/889 1118/2153/889 1119/2823/889
f 1629/283/1331 1586/531/1331 1591/1671/1331
f 1902/2824/1332 1878/2110/1332 1881/2825/1332
f 81/2736/1333 79/1341/1333 78/2826/1333
f 1249/2827/1334 1291/2222/1334 1286/2828/1334
f 452/2829/1335 465/2830/1335 466/2831/1335
f 1868/122/1336 1890/1635/1336 1847/1611/1336
f 1525/2246/1337 1553/2730/1337 1531/729/1337
f 1588/2684/1238 1600/2686/1238 1592/1183/1238
f 408/1888/537 372/1082/537 369/1084/537
f 1394/1226/501 1393/1225/501 1389/869/501
f 1148/1730/1338 1147/2558/1338 1146/1731/1338
f 889/2578/1159 888/2197/1159 851/809/1159
f 1918/1018/751 1874/1362/751 1923/2832/751
f 170/1360/114 160/2331/114 171/2833/114
f 43/2117/867 42/1340/867 57/1771/867
f 1103/761/448 1102/763/448 1105/1215/448
f 807/703/244 808/2834/244 781/704/244
f 1320/2835/1339 1303/2836/1339 1292/2837/1339
f 401/580/1340 458/582/1340 457/2838/1340
f 557/53/19 558/82/19 559/54/19
f 1061/1912/1341 1019/2839/1341 1018/2498/1341
f 1756/1278/1342 1764/2840/1342 1785/2841/1342
f 828/2842/1343 815/2843/1343 832/1235/1343
f 973/2844/1344 1009/1491/1344 970/1962/1344
f 1080/2845/454 1083/2846/454 1081/1229/454
f 1325/2819/1327 1209/2821/1327 1322/2847/1327
f 1097/2848/1345 1104/2849/1345 1087/2850/1345
f 1624/2125/1346 1617/2405/1346 1623/2171/1346
f 921/1692/1347 925/73/1347 918/1106/1347
f 712/2391/1348 695/2390/1348 696/2851/1348
f 388/759/535 385/758/535 418/1419/535
f 809/1790/85 810/2434/85 822/2252/85
f 1134/1407/1349 1104/2849/1349 1137/1408/1349
f 809/2358/1350 746/2360/1350 810/2852/1350
f 823/2853/1351 821/2030/1351 836/2239/1351
f 1544/858/1352 1543/2854/1352 1545/1021/1352
f 42/1340/1353 43/2117/1353 44/2026/1353
f 262/2855/1354 264/1267/1354 261/1007/1354
f 1526/1689/1355 1485/1435/1355 1481/1434/1355
f 934/2786/1309 891/2788/1309 890/2822/1309
f 350/1589/367 353/1592/367 355/1594/367
f 608/551/1356 614/2674/1356 721/552/1356
f 447/2856/1357 448/2795/1357 421/2295/1357
f 1289/1801/1193 1288/915/1193 1291/1980/1193
f 634/2131/876 645/797/876 684/2132/876
f 201/2335/9 200/289/9 159/2857/9
f 1386/2858/1358 1375/2859/1358 1380/2860/1358
f 1038/888/1359 994/2079/1359 1039/2078/1359
f 1100/2744/1283 1133/2368/1283 1130/1376/1283
f 1106/1481/560 1109/1393/560 1108/1482/560
f 213/622/1360 228/2861/1360 214/2862/1360
f 625/828/1361 626/1529/1361 690/829/1361
f 937/2344/1362 879/1768/1362 878/1767/1362
f 1560/343/1363 1572/345/1363 1596/2564/1363
f 697/2863/67 711/2864/67 696/2851/67
f 601/2262/1364 494/2865/1364 488/2866/1364
f 1790/423/1365 1789/157/1365 1791/424/1365
f 1734/616/1366 1689/756/1366 1693/1610/1366
f 73/113/1367 74/2480/1367 75/2481/1367
f 1863/2310/1368 1873/587/1368 1876/2580/1368
f 1604/1795/1369 1603/998/1369 1605/1793/1369
f 1860/2867/1370 1862/2159/1370 1864/1381/1370
f 1715/2868/1371 1733/248/1371 1737/247/1371
f 1756/1278/1372 1785/2841/1372 1784/1302/1372
f 928/409/1373 929/2004/1373 926/860/1373
f 146/2416/1044 148/1247/1044 145/1249/1044
f 1522/2869/1374 1473/2219/1374 1523/2711/1374
f 1245/1802/1375 1300/2870/1375 1244/229/1375
f 1877/2814/1376 1871/2517/1376 1856/962/1376
f 753/738/1377 755/2871/1377 754/1096/1377
f 1808/2872/1378 1807/2873/1378 1809/2501/1378
f 1648/77/1379 1647/2874/1379 1649/2875/1379
f 634/1877/1380 636/855/1380 635/202/1380
f 1893/1612/1381 1894/22/1381 1895/2876/1381
f 714/2877/1382 699/2878/1382 718/2879/1382
f 1636/2880/1383 1635/1564/1383 1637/2881/1383
f 676/2882/1384 622/2043/1384 653/2042/1384
f 1260/602/207 1263/406/207 1262/603/207
f 1788/2765/1385 1754/2577/1385 1743/2766/1385
f 344/2883/81 341/1135/81 350/2884/81
f 1404/287/1386 1406/2885/1386 1409/161/1386
f 1765/2645/1205 1758/86/1205 1759/169/1205
f 782/595/1387 784/2520/1387 783/596/1387
f 976/1100/1388 977/369/1388 1017/371/1388
f 1806/2886/1389 1808/2872/1389 1809/2501/1389
f 1700/1574/1390 1701/365/1390 1702/364/1390
f 1912/954/688 1908/2887/688 1910/1780/688
f 1032/1195/1391 1033/2888/1391 1030/670/1391
f 273/136/1392 275/890/1392 276/2691/1392
f 1126/2350/1393 1115/2129/1393 1116/2041/1393
f 1131/2047/826 1132/2889/826 1121/2048/826
f 207/2068/837 186/1432/837 151/885/837
f 937/2344/1394 878/1767/1394 936/2890/1394
f 470/2891/539 473/2240/539 461/2057/539
f 381/1711/1222 384/1108/1222 383/2616/1222
f 1736/776/1395 1737/2309/1395 1738/2892/1395
f 1334/1773/685 1330/2893/685 1343/1774/685
f 316/189/1396 293/2033/1396 262/1307/1396
f 1826/2052/1397 1825/2743/1397 1827/1448/1397
f 1764/2840/1398 1756/1278/1398 1763/1277/1398
f 1805/835/1399 1804/2894/1399 1806/836/1399
f 661/277/1400 663/2895/1400 662/281/1400
f 1556/2139/1401 1555/2896/1401 1557/2897/1401
f 130/1313/252 129/2898/252 168/1314/252
f 927/439/23 901/1778/23 900/2899/23
f 1860/2173/1402 1861/2690/1402 1862/2900/1402
f 1246/1804/1287 1263/2901/1287 1260/2902/1287
f 1881/2825/1403 1882/2109/1403 1883/2161/1403
f 973/2844/1344 996/638/1344 1009/1491/1344
f 257/485/1404 332/2903/1404 258/2904/1404
f 1010/1718/630 1013/2905/630 980/1719/630
f 1034/2475/1405 1037/969/1405 1030/670/1405
f 746/2360/1262 811/2906/1262 810/2852/1262
f 447/1920/1406 391/9/1406 426/8/1406
f 549/1442/545 552/2144/545 553/1443/545
f 855/2907/1407 871/2100/1407 849/2642/1407
f 1445/396/1408 1446/2908/1408 1447/493/1408
f 1367/2909/1409 1364/1330/1409 1366/932/1409
f 1820/682/1410 1819/2910/1410 1821/680/1410
f 745/2359/1411 820/2911/1411 778/2912/1411
f 251/1552/1412 362/1813/1412 255/2913/1412
f 1595/2542/1413 1647/1699/1413 1640/2914/1413
f 681/688/1414 683/2663/1414 682/2627/1414
f 1413/547/1415 1418/1367/1415 1417/545/1415
f 978/1629/1416 980/1719/1416 981/2915/1416
f 250/1759/679 249/2916/679 288/1331/679
f 768/2917/1417 765/2203/1417 754/1096/1417
f 840/268/1418 726/2918/1418 725/716/1418
f 727/717/1419 728/1080/1419 844/715/1419
f 729/1617/1420 845/2330/1420 730/2329/1420
f 841/2764/1421 732/2919/1421 731/1090/1421
f 733/1495/1422 842/2328/1422 734/2920/1422
f 735/2921/1423 736/2922/1423 843/267/1423
f 876/319/1424 877/318/1424 874/1144/1424
f 1443/156/1425 1448/2119/1425 1464/2290/1425
f 781/2923/1426 766/1895/1426 767/1494/1426
f 799/1500/1427 798/739/1427 797/1098/1427
f 890/2924/1428 892/1955/1428 893/2925/1428
f 1572/2926/1429 1580/2385/1429 1603/998/1429
f 1774/2509/1430 1767/2270/1430 1773/2927/1430
f 1165/1242/904 1200/1387/904 1158/75/904
f 571/1120/1431 570/2395/1431 582/1121/1431
f 1788/2765/1297 1749/2767/1297 1795/2928/1297
f 167/1315/1432 181/1777/1432 184/2156/1432
f 948/240/378 950/2929/378 946/1034/378
f 1229/1474/1433 1231/129/1433 1230/128/1433
f 381/1711/1434 392/7/1434 389/2666/1434
f 675/2369/1435 653/2930/1435 654/2797/1435
f 1518/631/1436 1516/630/1436 1520/1243/1436
f 633/2796/1437 677/1486/1437 678/2273/1437
f 368/2020/1438 374/2931/1438 481/2811/1438
f 1597/1282/1439 1642/698/1439 1601/1446/1439
f 697/1295/485 642/600/485 698/601/485
f 81/2932/213 56/2562/213 55/1521/213
f 728/253/597 750/255/597 783/596/597
f 821/2030/1440 823/2853/1440 822/2933/1440
f 824/1104/1441 826/2934/1441 825/1102/1441
f 827/2935/1442 829/2936/1442 828/2937/1442
f 830/2264/1443 832/1199/1443 831/2938/1443
f 833/1385/1444 835/2939/1444 834/1187/1444
f 836/1186/1445 838/1188/1445 837/2940/1445
f 1500/824/1446 1499/678/1446 1501/2941/1446
f 1906/197/1447 1885/2307/1447 1911/1536/1447
f 538/1308/490 537/273/490 579/1309/490
f 1485/1435/1448 1484/2942/1448 1486/1433/1448
f 541/1543/1449 567/2943/1449 542/1038/1449
f 230/1050/848 235/2944/848 231/1051/848
f 1622/711/247 1621/200/247 1624/712/247
f 1482/1633/1450 1481/1434/1450 1483/1787/1450
f 77/1965/781 78/2945/781 79/1966/781
f 1908/1460/1451 1909/2748/1451 1910/2946/1451
f 957/792/277 942/2947/277 944/793/277
f 1178/2948/17 1119/2823/17 1122/2949/17
f 1798/1115/1452 1776/2728/1452 1755/174/1452
f 270/783/1453 254/1555/1453 303/2343/1453
f 1038/888/1359 995/1490/1359 994/2079/1359
f 689/830/1454 658/2950/1454 625/828/1454
f 793/1017/1455 789/1217/1455 796/1015/1455
f 201/2335/1456 204/2951/1456 197/288/1456
f 75/2481/213 70/2220/213 47/2221/213
f 793/1017/1457 792/1251/1457 789/1217/1457
f 1586/531/1458 1582/533/1458 1585/1855/1458
f 1899/660/1459 1917/2134/1459 1921/865/1459
f 482/2952/1460 366/2018/1460 479/1739/1460
f 1527/1526/621 1549/1525/621 1546/1614/621
f 1178/2948/1461 1123/2953/1461 1179/2954/1461
f 1701/365/1039 1698/892/1039 1650/894/1039
f 1358/1198/440 1344/1485/440 1345/1405/440
f 1158/75/874 1159/930/874 1114/305/874
f 404/2955/539 440/2956/539 441/2032/539
f 1357/2957/1462 1362/2411/1462 1356/2958/1462
f 1092/2959/1463 1205/2960/1463 1203/2961/1463
f 600/2378/952 604/2261/952 603/2263/952
f 236/1055/9 233/2069/9 221/1041/9
f 1589/926/1464 1583/2563/1464 1588/927/1464
f 1443/156/1465 1464/2290/1465 1456/2676/1465
f 1663/2962/1466 1710/1322/1466 1669/2637/1466
f 807/2963/1467 806/2614/1467 805/2789/1467
f 984/370/1281 1014/2740/1281 1017/371/1281
f 576/2964/1468 517/2965/1468 575/2966/1468
f 50/1976/785 29/115/785 32/741/785
f 1468/663/1469 1497/1570/1469 1475/469/1469
f 1115/2129/1176 1165/1242/1176 1158/75/1176
f 1175/2762/1293 1130/1376/1293 1131/2967/1293
f 1451/837/1470 1452/1943/1470 1453/2968/1470
f 1334/2352/1471 1328/2969/1471 1330/2970/1471
f 1532/2294/1472 1531/729/1472 1533/2292/1472
f 1283/615/39 1284/182/39 1242/2971/39
f 784/1496/1473 734/2920/1473 783/2972/1473
f 1551/323/1474 1557/2897/1474 1555/2896/1474
f 1871/2517/1475 1847/1611/1475 1852/963/1475
f 1797/1811/1476 1794/1747/1476 1792/1746/1476
f 597/43/1150 569/45/1150 580/2973/1150
f 1246/407/39 1247/2812/39 1285/408/39
f 1619/1641/1477 1618/244/1477 1620/1639/1477
f 670/2678/202 632/62/202 621/2974/202
f 1621/200/1478 1573/445/1478 1570/201/1478
f 1046/2482/1479 1044/2975/1479 1043/116/1479
f 215/1359/513 157/1758/513 170/1360/513
f 1033/2888/39 980/2976/39 1013/2977/39
f 489/2648/1480 527/2427/1480 490/2978/1480
f 1865/2160/1481 1859/1227/1481 1866/1228/1481
f 63/1184/213 82/2979/213 55/1521/213
f 415/2095/1482 416/2446/1482 376/2025/1482
f 1680/2980/1483 1681/513/1483 1682/2981/1483
f 204/2538/491 154/2657/491 197/2982/491
f 1880/404/1484 1887/2983/1484 1841/2984/1484
f 939/2985/916 955/2986/916 959/2987/916
f 1772/1527/1485 1771/1508/1485 1774/1507/1485
f 26/2988/175 4/213/175 10/220/175
f 1592/1183/1486 1593/1903/1486 1588/2684/1486
f 1695/414/1487 1672/413/1487 1664/917/1487
f 1761/2989/1488 1760/173/1488 1762/2990/1488
f 27/1417/1489 62/1151/1489 61/1153/1489
f 759/2217/637 760/2991/637 799/1500/637
f 1772/1527/1490 1768/2992/1490 1751/2432/1490
f 409/958/1491 412/2993/1491 411/959/1491
f 165/1961/1492 166/1776/1492 167/1315/1492
f 1200/1387/390 1201/1386/390 1120/1997/390
f 135/994/1493 176/2348/1493 175/2994/1493
f 102/108/299 101/2995/299 88/852/299
f 437/2189/1494 441/2032/1494 440/2956/1494
f 806/2614/1495 786/20/1495 787/1658/1495
f 823/2853/1351 836/2239/1351 837/2996/1351
f 1224/1128/1185 1232/331/1185 1227/333/1185
f 1225/1127/1496 1272/2997/1496 1273/1925/1496
f 545/151/1497 548/326/1497 551/52/1497
f 1024/1125/505 975/1206/505 974/534/505
f 620/2056/1498 618/1696/1498 617/2718/1498
f 962/808/283 965/2998/283 851/809/283
f 153/1515/578 174/1453/578 195/1516/578
f 829/314/1499 814/316/1499 828/2999/1499
f 1876/2580/1500 1836/2680/1500 1863/2310/1500
f 1920/442/1501 1921/865/1501 1922/443/1501
f 448/522/180 447/3000/180 446/523/180
f 1592/1183/1502 1591/1671/1502 1593/1903/1502
f 1467/2195/1503 1522/3001/1503 1529/2196/1503
f 1238/538/1067 1239/3002/1067 1214/2456/1067
f 960/812/290 963/811/290 961/3003/290
f 186/3004/1504 188/416/1504 185/674/1504
f 419/1002/176 420/1001/176 445/524/176
f 1014/970/684 1037/969/684 1036/1769/684
f 194/2349/1505 196/1058/1505 193/1477/1505
f 155/2067/1506 153/2584/1506 154/3005/1506
f 1877/586/1507 1848/3006/1507 1876/2580/1507
f 518/3007/442 524/655/442 519/2361/442
f 1917/24/1508 1918/1018/1508 1919/1020/1508
f 1865/2160/1509 1861/2168/1509 1905/3008/1509
f 1859/1227/1510 1909/2748/1510 1903/1459/1510
f 1657/1297/1511 1658/1299/1511 1656/2494/1511
f 756/1092/1512 774/3009/1512 775/3010/1512
f 1497/1570/1513 1496/195/1513 1498/3011/1513
f 1581/823/1514 1574/2205/1514 1575/3012/1514
f 1568/2108/1515 1574/2205/1515 1579/344/1515
f 121/221/418 123/212/418 124/1142/418
f 817/3013/1516 831/1237/1516 816/1236/1516
f 126/815/1517 144/1922/1517 143/813/1517
f 94/3014/1518 37/85/1518 93/84/1518
f 1553/2730/1519 1547/857/1519 1552/859/1519
f 1232/331/1320 1211/2803/1320 1210/3015/1320
f 1769/42/1520 1768/1410/1520 1770/2007/1520
f 1280/614/1521 1236/2337/1521 1237/3016/1521
f 1001/3017/1522 1011/847/1522 998/2770/1522
f 381/1711/1523 425/362/1523 392/7/1523
f 506/897/1524 508/1909/1524 505/895/1524
f 594/3018/519 579/3019/519 578/3020/519
f 427/1220/176 428/2283/176 387/757/176
f 1427/609/1525 1428/2651/1525 1429/610/1525
f 1401/3021/1526 1402/162/1526 1403/2305/1526
f 680/1604/237 681/688/237 639/687/237
f 1428/2651/1527 1426/3022/1527 1429/610/1527
f 1800/3023/1528 1829/3024/1528 1807/2873/1528
f 1326/646/1529 1208/3025/1529 1210/3026/1529
f 1662/3027/1530 1651/2493/1530 1656/2494/1530
f 1422/3028/1531 1398/3029/1531 1374/3030/1531
f 1864/1381/1532 1836/2680/1532 1843/3031/1532
f 1525/2246/1533 1519/653/1533 1515/2245/1533
f 1126/2350/1393 1116/2041/1393 1129/467/1393
f 626/1529/67 691/1531/67 690/829/67
f 510/1039/1150 488/3032/1150 494/566/1150
f 1607/3033/1534 1635/1564/1534 1628/2406/1534
f 827/1103/637 830/2031/637 824/1104/637
f 17/1875/1535 18/1874/1535 19/964/1535
f 207/718/1536 181/1777/1536 208/719/1536
f 1381/1258/1537 1382/1397/1537 1380/2860/1537
f 1764/2840/1538 1763/1277/1538 1765/3034/1538
f 1020/3035/1539 1018/2721/1539 1019/3036/1539
f 461/2057/539 464/1650/539 470/2891/539
f 1557/2897/1540 1552/3037/1540 1556/2139/1540
f 531/3038/18 520/2798/18 559/54/18
f 1744/1276/1541 1772/1527/1541 1751/2432/1541
f 1840/1990/1542 1841/3039/1542 1842/1991/1542
f 128/2102/1543 150/2452/1543 149/967/1543
f 1884/3040/1544 1885/3041/1544 1886/3042/1544
f 1340/482/166 1342/1/166 1343/3/166
f 1531/1524/1545 1553/324/1545 1549/1525/1545
f 1017/371/1546 1014/2740/1546 1015/878/1546
f 1050/1782/689 1064/3043/689 1063/1783/689
f 138/3044/1547 140/1743/1547 137/672/1547
f 407/2661/1548 369/1084/1548 370/2021/1548
f 1239/898/320 1236/3045/320 1257/899/320
f 1289/1801/39 1270/2450/39 1262/603/39
f 670/2678/1549 668/3046/1549 665/1336/1549
f 1084/3047/1550 968/389/1550 966/1691/1550
f 1889/2476/1551 1888/403/1551 1884/1246/1551
f 189/1060/1552 191/415/1552 192/1478/1552
f 902/411/1553 904/3048/1553 905/3049/1553
f 1659/1238/1554 1652/512/1554 1660/1868/1554
f 777/1630/436 762/1999/436 763/1631/436
f 235/1210/1555 217/3050/1555 216/1211/1555
f 1767/2270/1556 1817/1904/1556 1773/2927/1556
f 1298/3051/1557 1241/230/1557 1299/3052/1557
f 49/3053/1558 71/2088/1558 50/1976/1558
f 141/2086/1559 149/967/1559 152/884/1559
f 1903/1459/552 1924/1461/552 1916/2401/552
f 1475/469/1560 1497/1570/1560 1493/470/1560
f 26/2988/175 10/220/175 59/3054/175
f 1710/1322/1561 1712/795/1561 1714/258/1561
f 161/519/179 217/3055/179 218/520/179
f 648/798/1562 645/797/1562 634/2131/1562
f 393/666/1276 395/2734/1276 394/1827/1276
f 1793/1927/1563 1814/159/1563 1819/3056/1563
f 1556/2139/880 1552/3037/880 1544/2140/880
f 1892/2604/1564 1921/865/1564 1915/2605/1564
f 643/606/237 644/686/237 681/688/237
f 1570/977/352 1574/2205/352 1564/978/352
f 571/1437/546 572/3057/546 498/92/546
f 1855/1472/1565 1856/3058/1565 1857/1473/1565
f 1878/2110/1566 1858/2689/1566 1834/2111/1566
f 701/1899/237 704/3059/237 710/3060/237
f 1606/3061/1567 1582/533/1567 1626/532/1567
f 1362/2411/1038 1341/483/1038 1356/2958/1038
f 255/1465/554 256/1074/554 296/938/554
f 1186/2528/1129 1187/49/1129 1172/2529/1129
f 49/3053/1558 72/330/1558 71/2088/1558
f 276/2726/1568 294/3062/1568 273/3063/1568
f 748/2816/637 779/2615/637 787/1658/637
f 246/2531/1569 256/1074/1569 362/1557/1569
f 1494/501/1570 1493/503/1570 1495/929/1570
f 149/967/727 144/3064/727 125/3065/727
f 1410/472/161 1387/3066/161 1392/473/161
f 1402/162/1571 1398/3029/1571 1442/1077/1571
f 1722/3067/1572 1704/3068/1572 1727/337/1572
f 606/2668/1573 722/2675/1573 616/395/1573
f 1350/1947/338 1332/3069/338 1337/1948/338
f 1870/123/1574 1871/2517/1574 1872/1363/1574
f 1512/1779/1575 1511/1164/1575 1513/3070/1575
f 1312/3071/1576 1297/3072/1576 1311/425/1576
f 864/2412/1040 847/810/1040 846/1963/1040
f 168/632/218 132/634/218 155/2067/218
f 1505/1352/1577 1546/1614/1577 1550/2489/1577
f 1225/1127/1496 1273/1925/1496 1224/1128/1496
f 28/1418/1578 17/1875/1578 20/1619/1578
f 462/1167/1324 449/3073/1324 450/1168/1324
f 1805/835/1579 1799/1807/1579 1804/2894/1579
f 987/1627/443 981/2915/443 988/2114/443
f 1489/1786/691 1487/3074/691 1482/1633/691
f 1807/2742/1282 1829/1449/1282 1825/2743/1282
f 519/2361/1580 517/2799/1580 518/3007/1580
f 1162/1241/390 1163/1528/390 1124/3075/390
f 722/3076/1581 611/854/1581 615/2010/1581
f 751/2484/1582 786/3077/1582 807/703/1582
f 257/485/432 258/2904/432 259/1175/432
f 1601/1446/1583 1600/1794/1583 1602/1447/1583
f 345/3078/370 347/627/370 349/1588/370
f 1026/140/165 1031/669/165 982/480/165
f 1719/775/1584 1740/2397/1584 1732/773/1584
f 637/459/1585 694/3079/1585 650/515/1585
f 1731/559/192 1720/1099/192 1699/560/192
f 1706/3080/1586 1657/1297/1586 1651/2493/1586
f 1354/11/334 1347/10/334 1366/932/334
f 1093/31/11 1090/3081/11 1129/32/11
f 674/1256/1587 678/2273/1587 679/1603/1587
f 497/94/196 507/2747/196 506/897/196
f 937/2344/236 882/2346/236 879/1768/236
f 1250/2508/1588 1267/2180/1588 1264/947/1588
f 1782/922/1589 1777/921/1589 1781/2115/1589
f 174/1453/1590 156/1918/1590 175/1291/1590
f 303/2343/1094 301/2451/1094 302/784/1094
f 1033/2888/39 981/3082/39 980/2976/39
f 1148/3083/390 1109/1393/390 1140/1392/390
f 1510/3084/1591 1512/1779/1591 1513/3070/1591
f 1071/635/165 1074/2802/165 1076/636/165
f 1101/1674/390 1149/2050/390 1152/3085/390
f 870/685/618 848/684/618 849/2642/618
f 744/1832/261 727/2560/261 725/3086/261
f 1091/2631/1592 1128/3087/1592 1129/32/1592
f 888/2197/1593 887/3088/1593 902/3089/1593
f 243/575/198 239/2138/198 244/576/198
f 917/13/1594 895/906/1594 894/14/1594
f 1564/978/1595 1565/1533/1595 1559/976/1595
f 546/2723/1596 548/326/1596 545/151/1596
f 888/2197/1597 902/3089/1597 905/2198/1597
f 1424/1162/1598 1422/1161/1598 1425/880/1598
f 117/618/213 115/265/213 116/264/213
f 748/2816/1351 778/3090/1351 779/2615/1351
f 1303/2836/1599 1321/1644/1599 1302/1643/1599
f 1460/744/1600 1455/743/1600 1461/1892/1600
f 46/1849/725 90/3091/725 91/1850/725
f 398/2235/1601 455/3092/1601 397/2234/1601
f 464/1650/1602 461/2057/1602 462/1651/1602
f 781/2923/1426 767/1494/1426 784/1496/1426
f 476/2241/1603 463/2058/1603 461/2057/1603
f 1084/3047/1550 966/1691/1550 1080/3093/1550
f 605/2669/20 606/2668/20 623/721/20
f 22/1938/773 85/1940/773 86/1541/773
f 554/1951/1604 556/1444/1604 553/1443/1604
f 1058/452/1605 1076/451/1605 1075/3094/1605
f 1852/963/1606 1847/1611/1606 1853/1613/1606
f 375/909/1177 371/908/1177 396/2093/1177
f 1151/762/1326 1153/2818/1326 1152/1796/1326
f 192/1478/9 191/415/9 139/3095/9
f 1296/1475/1607 1252/17/1607 1253/642/1607
f 666/63/1608 668/3046/1608 667/1598/1608
f 211/1111/218 137/3096/218 146/1112/218
f 467/1462/1609 464/1650/1609 465/1463/1609
f 1053/2548/1610 1066/3097/1610 1070/2170/1610
f 408/1888/537 395/2403/537 372/1082/537
f 1365/1973/815 1371/3098/815 1370/2028/815
f 451/1166/1011 466/2831/1011 462/1167/1011
f 1410/472/1611 1432/1736/1611 1387/3066/1611
f 1164/1240/788 1169/3099/788 1166/1981/788
f 858/261/721 861/1506/721 868/1488/721
f 1438/747/1612 1389/869/1612 1434/320/1612
f 453/1003/1613 410/960/1613 454/2593/1613
f 194/2349/1614 198/1517/1614 195/1516/1614
f 560/55/18 559/54/18 519/2361/18
f 843/267/1615 726/2918/1615 840/268/1615
f 1293/61/1616 1220/30/1616 1294/29/1616
f 1520/2074/1617 1515/2245/1617 1519/653/1617
f 1075/3100/1266 1077/2801/1266 1079/3101/1266
f 1395/901/1618 1388/2366/1618 1396/902/1618
f 557/570/1619 513/1006/1619 558/3102/1619
f 328/2229/1024 301/2451/1024 286/2380/1024
f 916/904/322 919/1709/322 874/905/322
f 1768/1410/1620 1742/1799/1620 1746/2112/1620
f 1146/1731/1144 1112/234/1144 1113/1721/1144
f 999/2583/1621 1001/3103/1621 998/3104/1621
f 1606/3061/1622 1558/1086/1622 1582/533/1622
f 1094/379/879 1128/402/879 1091/3105/879
f 458/3106/1623 475/3107/1623 457/163/1623
f 1401/3021/1624 1398/3029/1624 1402/162/1624
f 1787/1337/572 1823/1503/572 1800/3023/572
f 738/2355/1012 813/2357/1012 812/2791/1012
f 1245/1802/1375 1301/3108/1375 1300/2870/1375
f 195/1516/1625 173/1293/1625 196/1058/1625
f 1036/2077/844 994/2079/844 1015/3109/844
f 1425/2284/968 1374/2286/968 1377/1259/968
f 1515/2245/944 1536/3110/944 1547/857/944
f 779/2615/1626 780/3111/1626 805/2789/1626
f 777/1630/1627 819/3112/1627 818/3113/1627
f 605/2669/20 623/721/20 624/1831/20
f 580/2973/194 579/3019/194 598/3114/194
f 1167/3115/390 1148/3083/390 1140/1392/390
f 1238/538/1628 1212/2760/1628 1251/102/1628
f 1617/2405/1036 1607/3033/1036 1628/2406/1036
f 960/812/1629 846/1963/1629 847/810/1629
f 848/684/1630 964/2643/1630 849/2642/1630
f 850/2579/1631 851/809/1631 965/2998/1631
f 961/2278/1632 852/2277/1632 853/317/1632
f 854/145/1633 855/147/1633 962/808/1633
f 856/3116/1634 963/811/1634 857/3117/1634
f 378/3118/1635 452/3119/1635 451/1423/1635
f 735/3120/1636 756/1092/1636 775/3010/1636
f 933/2805/1329 934/2786/1329 890/2822/1329
f 1880/404/1484 1841/2984/1484 1835/1389/1484
f 1177/3121/1637 1193/3122/1637 1176/3123/1637
f 940/3124/1638 883/2779/1638 939/3125/1638
f 594/1087/400 593/1204/400 596/1088/400
f 751/2484/1088 749/254/1088 752/516/1088
f 1246/1804/1287 1260/2902/1287 1245/1802/1287
f 433/510/1639 429/3126/1639 436/489/1639
f 1627/2547/1640 1648/2768/1640 1632/876/1640
f 611/854/1641 635/202/1641 636/855/1641
f 820/3127/1642 777/1630/1642 778/3128/1642
f 1765/1024/374 1762/2990/374 1760/173/374
f 932/2804/1321 859/2806/1321 858/3129/1321
f 51/760/1285 12/224/1285 52/207/1285
f 1795/1659/638 1749/2382/638 1745/1660/638
f 1633/875/1643 1629/283/1643 1591/1671/1643
f 1829/3130/1644 1823/2190/1644 1828/1290/1644
f 1530/3131/1645 1526/1689/1645 1481/1434/1645
f 942/3132/1646 943/3133/1646 944/3134/1646
f 945/67/1647 946/1034/1647 947/1844/1647
f 948/240/1648 949/3135/1648 950/2929/1648
f 951/3136/1649 952/3137/1649 953/3138/1649
f 954/2539/1650 955/1139/1650 956/3139/1650
f 957/792/1651 958/794/1651 959/1140/1651
f 1703/2383/1652 1704/3068/1652 1705/3140/1652
f 1326/646/1529 1322/2847/1529 1208/3025/1529
f 1645/788/1653 1644/1568/1653 1646/3141/1653
f 1424/1162/1654 1425/880/1654 1426/3022/1654
f 1752/3142/1655 1751/2432/1655 1753/2184/1655
f 794/2756/1656 795/737/1656 839/1501/1656
f 801/2213/1657 804/1097/1657 803/2214/1657
f 1139/831/1658 1170/3143/1658 1181/2178/1658
f 1730/755/263 1686/1324/263 1689/756/263
f 1551/323/1659 1555/2896/1659 1550/2489/1659
f 375/909/1177 396/2093/1177 415/2095/1177
f 194/2349/1660 199/27/1660 198/1517/1660
f 327/342/555 325/800/555 326/340/555
f 890/2924/378 860/260/378 859/262/378
f 802/2215/637 780/3111/637 763/3144/637
f 588/1724/326 573/142/326 589/144/326
f 1884/3040/1661 1892/2604/1661 1879/2449/1661
f 1721/924/1662 1718/2712/1662 1722/925/1662
f 1916/2401/1663 1859/1227/1663 1903/1459/1663
f 720/1071/392 609/1073/392 612/3145/392
f 439/1624/176 399/3146/176 400/3147/176
f 1796/1806/1664 1795/1987/1664 1797/3148/1664
f 61/1153/137 17/1875/137 28/1418/137
f 1300/1130/1616 1314/2570/1616 1299/2423/1616
f 1071/635/39 1068/3149/39 1065/3150/39
f 1829/3130/1665 1828/1290/1665 1830/2076/1665
f 121/221/1666 6/2414/1666 9/219/1666
f 1439/657/1667 1457/2515/1667 1461/1892/1667
f 343/3151/1668 330/1138/1668 329/3152/1668
f 752/516/147 741/1891/147 790/517/147
f 219/1370/1669 162/521/1669 218/520/1669
f 1550/2489/1670 1549/1525/1670 1551/323/1670
f 421/2295/1671 407/2490/1671 424/2491/1671
f 1911/2448/1672 1904/953/1672 1912/954/1672
f 954/2539/197 956/3139/197 952/2540/197
f 1416/1847/1673 1417/545/1673 1418/1367/1673
f 1471/91/1674 1473/2219/1674 1474/3153/1674
f 166/1776/1675 204/2538/1675 203/2537/1675
f 1383/2071/1676 1378/1268/1676 1401/2174/1676
f 1207/2632/1677 1093/31/1677 1203/3154/1677
f 862/2527/1678 864/504/1678 865/3155/1678
f 1116/33/473 1117/3156/473 1092/1270/473
f 462/1167/1324 463/3157/1324 449/3073/1324
f 1407/160/1679 1408/286/1679 1409/161/1679
f 240/3158/198 244/576/198 239/2138/198
f 1668/3159/1680 1669/2637/1680 1670/2592/1680
f 1448/3160/1681 1452/742/1681 1460/744/1681
f 1665/2009/1682 1714/258/1682 1713/257/1682
f 1802/1114/1683 1822/2051/1683 1798/1115/1683
f 1293/936/1221 1309/1454/1221 1305/934/1221
f 1136/1406/529 1135/3161/529 1134/1407/529
f 1419/168/1684 1412/2624/1684 1420/1848/1684
f 801/2213/637 763/3144/637 764/2216/637
f 1088/1209/1685 1206/252/1685 1202/1842/1685
f 352/3162/1686 335/3163/1686 334/2083/1686
f 955/1139/1687 954/2539/1687 957/792/1687
f 387/757/1602 377/2167/1602 386/3164/1602
f 541/1543/1449 568/3165/1449 567/2943/1449
f 1878/2110/1688 1902/2824/1688 1858/2689/1688
f 629/1421/1189 631/1180/1189 630/1005/1189
f 990/388/1689 982/3166/1689 985/1900/1689
f 1833/1289/1690 1831/923/1690 1826/2609/1690
f 119/208/418 122/3167/418 120/1141/418
f 1448/3160/1681 1460/744/1681 1464/2601/1681
f 384/1108/1011 367/2813/1011 365/1109/1011
f 1495/3168/1691 1497/1570/1691 1498/3011/1691
f 652/871/1692 651/3169/1692 650/872/1692
f 231/1212/851 216/1211/851 215/2089/851
f 1524/1615/1693 1502/1351/1693 1479/3170/1693
f 5/214/806 43/2589/806 6/215/806
f 1713/257/635 1716/3171/635 1703/1654/635
f 1608/1703/1694 1606/2099/1694 1626/1704/1694
f 1237/537/1695 1239/3002/1695 1238/538/1695
f 1096/2546/1696 1092/2959/1696 1117/3172/1696
f 1086/3173/1697 1105/3174/1697 1110/1208/1697
f 1269/1885/1698 1289/3175/1698 1290/2544/1698
f 287/2002/1699 286/2380/1699 301/2451/1699
f 887/71/1700 925/73/1700 924/861/1700
f 206/1817/9 205/3176/9 180/1815/9
f 1419/168/1701 1420/1848/1701 1421/1717/1701
f 1373/1972/1702 1371/3098/1702 1365/1973/1702
f 1720/1099/404 1731/559/404 1736/776/404
f 785/518/1703 786/3077/1703 751/2484/1703
f 1161/76/390 1200/1387/390 1120/1997/390
f 149/967/727 125/3065/727 127/2103/727
f 1801/1116/1295 1755/174/1295 1761/2989/1295
f 1007/3177/1704 1049/3178/1704 1022/3179/1704
f 563/3180/1705 565/1154/1705 568/3181/1705
f 1778/863/1706 1776/2728/1706 1822/2051/1706
f 626/3182/1707 625/1412/1707 628/1411/1707
f 1375/1347/1708 1386/870/1708 1437/746/1708
f 206/2677/1233 187/3183/1233 186/1432/1233
f 297/1327/1709 339/2808/1709 340/849/1709
f 407/2490/1095 370/2332/1095 373/2023/1095
f 7/218/44 31/177/44 8/176/44
f 1317/2749/1287 1321/3184/1287 1319/2750/1287
f 900/2899/23 869/2775/23 908/2568/23
f 1320/2835/1339 1292/2837/1339 1306/3185/1339
f 242/995/1710 239/984/1710 126/815/1710
f 1111/149/820 1144/378/820 1095/380/820
f 939/2985/916 959/2987/916 940/231/916
f 851/809/916 905/2198/916 854/145/916
f 504/2659/1711 501/2142/1711 502/3186/1711
f 1896/2011/1712 1891/405/1712 1897/1035/1712
f 1002/2306/1182 1057/1683/1182 1058/2208/1182
f 1580/2385/1713 1598/999/1713 1603/998/1713
f 1167/3187/1714 1147/2558/1714 1148/1730/1714
f 1141/2105/390 1124/3075/390 1163/1528/390
f 1700/1574/1715 1698/892/1715 1701/365/1715
f 363/1547/1716 247/710/1716 245/1545/1716
f 754/1096/403 765/2203/403 804/1097/403
f 1488/2296/1717 1487/2549/1717 1489/3188/1717
f 511/910/324 546/2723/324 545/151/324
f 566/1155/1718 546/2723/1718 567/1156/1718
f 774/2516/1118 795/3189/1118 796/1015/1118
f 1100/1672/390 1101/1674/390 1152/3085/390
f 991/3190/1719 993/3191/1719 990/388/1719
f 1376/1705/1720 1399/1706/1720 1412/1907/1720
f 1458/546/1721 1465/3192/1721 1459/648/1721
f 1761/2989/1722 1755/174/1722 1760/173/1722
f 655/2688/1242 654/3193/1242 653/2042/1242
f 553/1443/18 552/2144/18 532/3194/18
f 982/3166/1723 984/3195/1723 985/1900/1723
f 561/656/1724 563/3180/1724 564/3196/1724
f 1896/2011/1725 1897/1035/1725 1898/1037/1725
f 661/277/1726 664/276/1726 663/2895/1726
f 865/683/312 873/397/312 862/3197/312
f 18/1874/1727 72/3198/1727 49/3199/1727
f 565/1154/1728 567/1156/1728 568/3181/1728
f 265/1369/1729 330/484/1729 266/486/1729
f 746/2360/1262 737/3200/1262 811/2906/1262
f 1643/2639/1730 1645/788/1730 1646/3141/1730
f 982/3166/1731 983/3201/1731 984/3195/1731
f 104/1518/579 108/3202/579 91/1519/579
f 1654/1355/512 1659/1238/512 1661/1356/512
f 806/2614/1495 807/2963/1495 786/20/1495
f 753/738/1732 756/3203/1732 755/2871/1732
f 1527/3204/1733 1526/1689/1733 1528/3205/1733
f 617/2718/876 626/3206/876 627/2719/876
f 1787/1337/1734 1808/2872/1734 1792/1746/1734
f 193/1477/9 192/1478/9 172/3207/9
f 356/1134/295 358/3208/295 354/1823/295
f 1185/1066/1176 1183/2282/1176 1187/3209/1176
f 891/1953/80 878/3210/80 881/1954/80
f 472/2062/958 467/2790/958 468/3211/958
f 1287/183/869 1284/182/869 1283/615/869
f 1397/2807/1735 1392/473/1735 1394/3212/1735
f 1489/3188/1736 1484/2297/1736 1488/2296/1736
f 1821/680/1737 1818/1905/1737 1816/681/1737
f 671/955/237 620/2323/237 627/1599/237
f 569/3213/1738 538/1308/1738 580/1310/1738
f 352/3162/1686 334/2083/1686 348/2453/1686
f 617/2718/1739 692/1695/1739 691/3214/1739
f 1749/2681/1740 1748/771/1740 1750/770/1740
f 712/2391/1348 696/2851/1348 711/2864/1348
f 1250/2508/1588 1264/947/1588 1249/2827/1588
f 903/1560/859 872/1559/859 871/2100/859
f 1902/2824/1741 1881/2825/1741 1906/197/1741
f 520/2687/1240 530/920/1240 517/351/1240
f 210/1113/1742 145/1264/1742 209/1266/1742
f 1686/1324/1743 1730/755/1743 1708/1916/1743
f 451/1423/537 450/1713/537 386/1424/537
f 1556/2139/1744 1548/3215/1744 1555/2896/1744
f 1484/3216/1745 1479/3170/1745 1502/1351/1745
f 1045/449/1746 1007/3177/1746 1006/1205/1746
f 1904/953/1174 1879/2449/1174 1892/2604/1174
f 416/2446/1747 414/2094/1747 413/1994/1747
f 1887/2983/1748 1888/403/1748 1889/2476/1748
f 99/3217/128 86/107/128 85/3218/128
f 812/2791/1315 737/2793/1315 738/2355/1315
f 1609/2097/1749 1608/1703/1749 1610/2426/1749
f 678/2273/1750 677/1486/1750 680/1604/1750
f 1523/2711/1751 1473/2219/1751 1517/629/1751
f 673/1257/237 651/2055/237 652/2247/237
f 807/2963/1752 805/2789/1752 808/2342/1752
f 1480/664/1753 1511/1164/1753 1504/665/1753
f 201/2536/1132 202/2625/1132 203/2537/1132
f 199/27/9 160/26/9 159/2857/9
f 1091/2631/1592 1129/32/1592 1090/3081/1592
f 880/1694/23 885/2429/23 922/2431/23
f 1193/3219/826 1188/3220/826 1189/3221/826
f 845/3222/1754 732/2919/1754 841/2764/1754
f 1577/246/1755 1571/245/1755 1576/1821/1755
f 1727/337/1756 1699/560/1756 1720/1099/1756
f 1124/3075/390 1125/1388/390 1162/1241/390
f 364/1550/1757 252/1553/1757 249/1548/1757
f 1034/2475/1405 1030/670/1405 1033/2888/1405
f 975/1206/444 1024/1125/444 991/1124/444
f 1675/514/1758 1680/2980/1758 1696/2555/1758
f 65/328/1106 66/3223/1106 67/1150/1106
f 424/2491/935 374/1343/935 423/1657/935
f 1349/3224/1759 1360/1272/1759 1358/1198/1759
f 1495/929/333 1501/2941/333 1499/678/333
f 1261/604/61 1231/129/61 1228/2634/61
f 551/52/1760 549/1442/1760 550/2606/1760
f 1592/1183/435 1600/2686/435 1595/1031/435
f 336/3225/1761 352/3226/1761 351/882/1761
f 368/2020/1438 481/2811/1438 483/1738/1438
f 1439/657/1762 1433/1118/1762 1440/658/1762
f 996/638/219 973/2844/219 972/639/219
f 1512/1779/1763 1504/665/1763 1511/1164/1763
f 955/2986/1764 938/3227/1764 956/3228/1764
f 349/2082/1765 332/3229/1765 345/3230/1765
f 1102/763/1766 1110/3231/1766 1105/1215/1766
f 15/1149/213 48/3232/213 68/2506/213
f 1096/2546/1696 1117/3172/1696 1136/1406/1696
f 153/1515/1767 197/288/1767 154/3233/1767
f 1560/343/1147 1583/2563/1147 1589/926/1147
f 1837/802/1768 1834/2111/1768 1838/803/1768
f 986/1911/758 1019/2839/758 1061/1912/758
f 343/3234/1769 340/3235/1769 357/1221/1769
f 1614/2409/1770 1565/2587/1770 1615/2410/1770
f 1515/2245/1771 1543/2854/1771 1536/3110/1771
f 809/1790/597 823/2253/597 837/1791/597
f 1230/128/39 1274/3236/39 1223/694/39
f 1190/3237/1772 1174/2521/1772 1175/2573/1772
f 402/581/377 401/580/377 404/1032/377
f 768/2917/1773 754/1096/1773 755/2871/1773
f 1653/2301/1774 1650/894/1774 1654/2302/1774
f 999/1681/647 998/3238/647 1056/1682/647
f 1783/1300/1775 1784/1302/1775 1785/2841/1775
f 92/133/58 111/421/58 93/2408/58
f 327/2230/1776 271/785/1776 302/784/1776
f 338/1063/389 282/3239/389 281/1064/389
f 1176/3240/1777 1131/2967/1777 1118/3241/1777
f 890/2924/378 893/2925/378 860/260/378
f 681/688/1778 684/1487/1778 683/2663/1778
f 406/2794/1316 448/2795/1316 443/3242/1316
f 390/1342/636 391/3243/636 422/1656/636
f 700/3244/720 717/2362/720 718/3245/720
f 1053/3246/1779 1054/846/1779 1010/848/1779
f 1155/1479/390 1160/74/390 1132/2392/390
f 839/1501/637 760/2991/637 771/2418/637
f 1768/1410/1620 1766/1409/1620 1742/1799/1620
f 1663/2962/1466 1708/3247/1466 1710/1322/1466
f 1578/2384/1027 1576/3248/1027 1580/2385/1027
f 1808/2872/1780 1796/1812/1780 1792/1746/1780
f 1250/2508/1111 1213/950/1111 1216/952/1111
f 1238/538/1628 1215/2457/1628 1212/2760/1628
f 580/2973/194 598/3114/194 597/43/194
f 335/3249/1781 290/1286/1781 334/190/1781
f 1718/1573/1782 1698/892/1782 1700/1574/1782
f 363/1547/1783 245/1545/1783 359/1544/1783
f 1563/1532/584 1561/1933/584 1565/1533/584
f 1865/2160/1509 1905/3008/1509 1909/2748/1509
f 1433/1118/1784 1439/657/1784 1461/1892/1784
f 1545/1021/1785 1543/2854/1785 1538/1022/1785
f 143/813/1786 142/1921/1786 173/2347/1786
f 61/1153/137 66/1159/137 17/1875/137
f 381/1711/1787 389/2666/1787 384/1108/1787
f 1516/630/1788 1534/1945/1788 1538/1430/1788
f 1678/983/1260 1718/2712/1260 1721/924/1260
f 315/132/1789 294/754/1789 293/2033/1789
f 805/2789/637 806/2614/637 779/2615/637
f 791/3250/637 792/2504/637 740/1253/637
f 53/2561/1148 54/1883/1148 55/1521/1148
f 681/688/237 682/2627/237 643/606/237
f 408/1888/745 394/1890/745 395/2403/745
f 96/2034/353 114/2036/353 113/3251/353
f 270/2507/1110 271/2081/1110 272/1655/1110
f 380/2166/1790 378/2590/1790 377/2167/1790
f 430/360/1791 429/1710/1791 432/1600/1791
f 884/2780/417 898/623/417 901/625/417
f 232/2090/1792 215/2089/1792 214/3252/1792
f 357/1221/1793 340/3235/1793 339/1222/1793
f 1207/2632/1794 1090/3081/1794 1093/31/1794
f 130/989/540 133/992/540 241/574/540
f 669/2679/1795 621/2974/1795 622/3253/1795
f 49/206/265 50/3254/265 51/760/265
f 1451/837/1796 1428/2651/1796 1423/838/1796
f 57/1771/1797 59/979/1797 60/1288/1797
f 490/2442/1798 493/3255/1798 601/2262/1798
f 1557/2897/1799 1554/325/1799 1552/3037/1799
f 233/2069/9 230/1967/9 224/1969/9
f 681/688/562 680/1604/562 677/1486/562
f 518/554/190 576/2964/190 577/555/190
f 927/439/1800 908/2568/1800 907/440/1800
f 566/1155/1801 565/1154/1801 540/1232/1801
f 870/685/1802 849/2642/1802 871/2100/1802
f 1500/824/1803 1508/1835/1803 1503/539/1803
f 707/3256/977 712/2703/977 710/2702/977
f 611/854/1641 612/2672/1641 635/202/1641
f 1506/1350/1804 1505/1352/1804 1507/1701/1804
f 1597/1282/1805 1594/2005/1805 1638/2149/1805
f 1367/1974/1806 1363/2225/1806 1372/2227/1806
f 1367/1974/1807 1372/2227/1807 1373/1972/1807
f 1086/3173/1697 1110/1208/1697 1088/1209/1697
f 70/2220/1808 72/330/1808 69/329/1808
f 1312/3071/1809 1295/3257/1809 1296/3258/1809
f 1698/892/1810 1718/1573/1810 1674/893/1810
f 28/1418/1578 20/1619/1578 25/1670/1578
f 1325/46/16 1214/48/16 1218/1572/16
f 438/1623/1811 440/2956/1811 439/1624/1811
f 1477/2147/1812 1470/471/1812 1471/3259/1812
f 1923/2399/1813 1874/3260/1813 1869/2400/1813
f 1605/1793/1814 1602/1447/1814 1600/1794/1814
f 1724/1861/1815 1719/775/1815 1725/366/1815
f 626/3182/1816 628/1411/1816 627/1599/1816
f 876/319/1817 874/1144/1817 875/2387/1817
f 824/1104/403 822/2933/403 826/2934/403
f 943/1605/618 931/2473/618 930/1606/618
f 1735/249/425 1734/616/425 1739/843/425
f 1568/2108/1818 1560/343/1818 1567/816/1818
f 1849/178/1819 1891/405/1819 1846/1390/1819
f 771/2418/1820 770/3261/1820 769/2419/1820
f 1529/2196/1821 1481/1434/1821 1478/1634/1821
f 1080/3093/1822 966/1691/1822 967/1901/1822
f 968/389/1823 1084/3047/1823 969/387/1823
f 970/479/1824 971/2314/1824 1085/477/1824
f 1081/1229/1825 972/3262/1825 973/478/1825
f 974/534/1826 975/1206/1826 1082/1234/1826
f 976/1100/1827 1083/557/1827 977/369/1827
f 1166/1981/390 1140/1392/390 1141/2105/390
f 666/63/1828 686/2738/1828 687/2737/1828
f 601/2262/1364 488/2866/1364 603/2263/1364
f 490/2442/1798 601/2262/1798 604/2261/1798
f 510/1985/1031 487/2439/1031 488/2441/1031
f 37/85/1829 39/2533/1829 40/3263/1829
f 1083/2846/1830 972/3262/1830 1081/1229/1830
f 1053/2548/1610 1070/2170/1610 1054/2169/1610
f 1522/2869/1831 1467/2199/1831 1473/2219/1831
f 33/1348/1090 91/3264/1090 92/2487/1090
f 426/8/1832 427/691/1832 446/1919/1832
f 1179/2709/1257 1123/3265/1257 1138/833/1257
f 489/2394/1030 600/2378/1030 492/2443/1030
f 1871/2517/1833 1852/963/1833 1856/962/1833
f 636/855/538 654/1427/538 655/853/538
f 1920/442/1834 1908/2887/1834 1912/954/1834
f 445/524/1835 443/1192/1835 448/522/1835
f 1621/200/1836 1622/711/1836 1573/445/1836
f 933/3266/1171 950/2597/1171 934/2599/1171
f 1152/3085/390 1153/3267/390 1100/1672/390
f 1515/2245/1771 1520/2074/1771 1543/2854/1771
f 1062/2486/1837 1063/3268/1837 1064/706/1837
f 1065/2655/1838 1066/1645/1838 1067/2656/1838
f 1068/3269/1839 1069/3270/1839 1070/3271/1839
f 1071/3272/1840 1072/3273/1840 1073/3274/1840
f 1074/2802/1841 1075/3100/1841 1076/636/1841
f 1077/3275/1842 1078/3276/1842 1079/3277/1842
f 1168/235/675 1167/3187/675 1166/1750/675
f 750/255/204 751/2484/204 782/595/204
f 1572/2926/1429 1603/998/1429 1596/3278/1429
f 1022/2046/1843 1008/535/1843 1007/3279/1843
f 516/2251/1844 514/569/1844 515/432/1844
f 85/2459/1070 21/3280/1070 54/1679/1070
f 504/2659/1711 502/3186/1711 503/2708/1711
f 1061/1912/1341 1018/2498/1341 1060/2500/1341
f 6/1287/481 43/2117/481 60/1288/481
f 769/2419/406 739/1254/406 772/2420/406
f 1186/3281/1845 1188/3282/1845 1185/3283/1845
f 837/3284/1846 819/1328/1846 820/3285/1846
f 1790/423/1847 1786/1800/1847 1789/157/1847
f 1096/2546/1848 1137/1408/1848 1097/2848/1848
f 1826/2052/1849 1822/2051/1849 1825/2743/1849
f 566/1155/1850 547/542/1850 546/2723/1850
f 1680/2980/1851 1675/514/1851 1681/513/1851
f 641/605/208 644/686/208 643/606/208
f 1058/452/1605 1075/3094/1605 1059/3286/1605
f 554/1951/777 559/54/777 558/82/777
f 669/2679/1852 670/2678/1852 621/2974/1852
f 1183/34/12 1184/3287/12 1170/35/12
f 754/1096/1853 798/739/1853 753/738/1853
f 506/897/1524 507/2747/1524 508/1909/1524
f 73/113/1367 75/2481/1367 76/3288/1367
f 799/1500/637 800/2218/637 759/2217/637
f 1620/1639/1854 1618/244/1854 1622/711/1854
f 927/439/23 926/860/23 901/1778/23
f 1744/1276/476 1752/3142/476 1763/1277/476
f 847/810/284 857/3117/284 963/811/284
f 1322/2847/454 1326/646/454 1323/2237/454
f 380/2166/1790 379/1959/1790 378/2590/1790
f 541/1543/1855 544/565/1855 527/1373/1855
f 1069/1763/1856 1055/1762/1856 1054/2169/1856
f 709/313/1857 693/312/1857 694/767/1857
f 1545/3289/1858 1540/1852/1858 1544/3290/1858
f 1088/1209/1685 1202/1842/1685 1086/3173/1685
f 1163/1528/390 1166/1981/390 1141/2105/390
f 316/189/1396 262/1307/1396 309/187/1396
f 880/1766/1859 881/3291/1859 878/1767/1859
f 496/914/47 486/2128/47 503/1996/47
f 1785/3292/1860 1764/1025/1860 1779/172/1860
f 82/2979/213 81/2932/213 55/1521/213
f 1144/378/840 1143/148/840 1142/6/840
f 1544/858/1861 1536/3110/1861 1543/2854/1861
f 1304/186/39 1307/457/39 1316/1810/39
f 1774/2509/1862 1773/2927/1862 1775/3293/1862
f 288/1331/499 249/2916/499 252/891/499
f 643/1522/580 660/3294/580 657/106/580
f 193/1477/1863 196/1058/1863 189/1060/1863
f 837/3284/1473 838/1329/1473 819/1328/1473
f 201/2335/1864 197/288/1864 200/289/1864
f 666/63/1828 667/1598/1828 686/2738/1828
f 843/2763/1296 731/1090/1296 735/3120/1296
f 1448/2119/1865 1449/155/1865 1450/494/1865
f 559/54/18 554/1951/18 531/3038/18
f 545/151/1497 551/52/1497 550/2606/1497
f 18/1874/1727 65/1873/1727 72/3198/1727
f 417/2551/1141 459/2707/1141 458/2552/1141
f 1564/978/1866 1566/1534/1866 1565/1533/1866
f 884/2430/23 901/1778/23 923/862/23
f 908/2568/1151 909/3295/1151 906/2569/1151
f 1190/3237/1867 1175/2573/1867 1189/2341/1867
f 1194/3296/390 1197/2612/390 1182/2281/390
f 777/1630/1868 779/3297/1868 778/3128/1868
f 521/556/741 577/555/741 578/1879/741
f 1376/1705/658 1383/2071/658 1405/806/658
f 199/27/9 194/2349/9 171/25/9
f 951/66/23 948/240/23 945/67/23
f 553/1443/18 532/3194/18 531/3038/18
f 1593/1903/1869 1590/3298/1869 1588/2684/1869
f 1840/1990/1870 1835/3299/1870 1841/3039/1870
f 1712/795/1871 1711/1323/1871 1715/796/1871
f 1607/3033/1872 1624/2125/1872 1611/358/1872
f 1359/562/1873 1369/3300/1873 1368/563/1873
f 17/1875/1535 19/964/1535 20/1619/1535
f 829/314/939 825/1026/939 812/1028/939
f 1917/24/1874 1914/23/1874 1918/1018/1874
f 902/411/1553 903/410/1553 904/3048/1553
f 1484/3216/1875 1502/1351/1875 1506/1350/1875
f 1666/2370/1020 1671/916/1020 1673/649/1020
f 133/2155/892 130/1313/892 167/1315/892
f 453/2445/1060 469/3301/1060 465/3302/1060
f 667/1598/237 668/3046/237 627/1599/237
f 940/3124/1638 898/623/1638 883/2779/1638
f 1920/442/1876 1924/3303/1876 1908/2887/1876
f 586/2462/196 581/1867/196 584/1305/196
f 1430/2045/1877 1431/608/1877 1381/881/1877
f 1683/874/1878 1676/774/1878 1684/455/1878
f 1073/3304/1522 1069/3270/1522 1068/3269/1522
f 685/2628/1879 688/3305/1879 687/2737/1879
f 623/721/107 606/2668/107 616/395/107
f 509/1984/791 511/1986/791 512/2143/791
f 482/2952/1460 376/3306/1460 366/2018/1460
f 915/3307/23 914/3308/23 892/1955/23
f 794/2756/637 771/2418/637 772/2420/637
f 1087/1841/1880 1104/3309/1880 1105/3174/1880
f 1707/363/1881 1706/3080/1881 1703/1078/1881
f 100/1469/234 102/3310/234 98/291/234
f 1882/2109/863 1834/2111/863 1837/802/863
f 685/2628/1882 683/2663/1882 688/3305/1882
f 777/1630/1627 818/3113/1627 762/1999/1627
f 1529/2196/1883 1530/3131/1883 1481/1434/1883
f 1035/2474/1884 1036/1769/1884 1037/969/1884
f 1880/404/1885 1835/1389/1885 1846/1390/1885
f 755/1091/1262 732/2919/1262 729/2714/1262
f 1480/664/1753 1488/2296/1753 1511/1164/1753
f 396/2093/855 393/3311/855 414/2094/855
f 1262/603/39 1270/2450/39 1231/129/39
f 648/798/1562 634/2131/1562 635/3312/1562
f 1039/2122/871 1041/2124/871 1038/3313/871
f 1279/2776/1305 1272/2997/1305 1225/1127/1305
f 1859/1227/1886 1869/2400/1886 1873/587/1886
f 266/486/1887 267/2483/1887 268/1368/1887
f 105/2015/1285 104/1518/1285 90/1520/1285
f 1416/1847/1888 1411/1317/1888 1417/545/1888
f 1098/1673/967 1107/1483/967 1108/1482/967
f 1298/641/220 1297/1476/220 1253/642/220
f 890/2924/1889 891/1953/1889 892/1955/1889
f 1696/2555/1143 1692/3314/1143 1694/2556/1143
f 978/1629/1890 979/1720/1890 980/1719/1890
f 318/131/502 319/243/502 320/1334/502
f 1211/644/221 1217/3315/221 1324/645/221
f 878/1767/1891 935/3316/1891 936/2890/1891
f 308/2243/1892 311/3317/1892 310/1075/1892
f 965/2421/1046 961/2278/1046 853/317/1046
f 1392/1224/1893 1387/2454/1893 1393/1225/1893
f 894/14/1894 895/906/1894 896/1294/1894
f 1623/1845/1895 1641/1846/1895 1619/3318/1895
f 828/2842/1636 814/3319/1636 815/2843/1636
f 777/1630/1896 780/1632/1896 779/3297/1896
f 403/1033/1181 420/3320/1181 417/2618/1181
f 1880/404/1885 1846/1390/1885 1891/405/1885
f 1476/3321/1897 1472/2201/1897 1482/2543/1897
f 762/1999/798 818/3113/798 817/2000/798
f 1302/1582/1126 1301/3322/1126 1245/2526/1126
f 1087/1841/1880 1105/3174/1880 1086/3173/1880
f 1178/2948/17 1177/2151/17 1119/2823/17
f 45/690/985 14/3323/985 88/2317/985
f 1202/1842/1099 1206/252/1099 1203/2496/1099
f 207/718/1536 182/3324/1536 181/1777/1536
f 1185/1066/390 1194/3296/390 1182/2281/390
f 1073/1761/680 1056/3325/680 1055/1762/680
f 1024/1125/1898 1022/2046/1898 1023/1123/1898
f 331/1137/921 346/3326/921 345/2206/921
f 1767/2270/957 1777/921/957 1824/1788/957
f 77/1965/213 115/265/213 40/2621/213
f 1463/1316/1899 1417/545/1899 1411/1317/1899
f 649/873/573 618/1696/573 619/1504/573
f 1654/1956/1900 1650/3327/1900 1674/1957/1900
f 1715/2868/1371 1711/2488/1371 1733/248/1371
f 219/1170/430 218/726/430 234/1171/430
f 525/2038/1901 526/1439/1901 527/2427/1901
f 708/2389/300 694/3328/300 695/2390/300
f 261/1306/489 310/1075/489 309/187/489
f 563/3180/1902 562/2717/1902 565/1154/1902
f 1911/2448/1903 1885/3041/1903 1879/2449/1903
f 1331/2783/106 1352/2785/106 1335/3329/106
f 1517/629/1904 1514/1944/1904 1516/630/1904
f 689/830/1454 700/3330/1454 658/2950/1454
f 433/510/1639 432/509/1639 429/3126/1639
f 1329/2318/986 1336/3331/986 1342/2319/986
f 195/1516/1625 174/1453/1625 173/1293/1625
f 523/490/455 522/492/455 537/1231/455
f 1378/1268/1905 1374/2286/1905 1398/2647/1905
f 1006/1205/1906 1007/3177/1906 1008/1748/1906
f 679/1603/237 640/3332/237 651/2055/237
f 1859/1227/1907 1865/2160/1907 1909/2748/1907
f 353/1824/81 350/2884/81 341/1135/81
f 1456/2676/1908 1411/349/1908 1400/154/1908
f 969/1207/457 1084/3333/457 1082/1234/457
f 1022/2046/1843 1025/536/1843 1008/535/1843
f 81/2932/213 78/2945/213 56/2562/213
f 913/611/210 910/1132/210 911/571/210
f 1/966/29 3/376/29 25/1670/29
f 1300/2870/1221 1299/3052/1221 1241/230/1221
f 22/766/1909 23/765/1909 24/1185/1909
f 1377/1259/1910 1374/2286/1910 1378/1268/1910
f 885/2778/197 880/3334/197 879/3335/197
f 37/85/1911 38/2817/1911 39/2533/1911
f 1084/1230/454 1080/2845/454 1081/1229/454
f 663/120/720 664/3336/720 613/1843/720
f 1476/3321/1897 1482/2543/1897 1487/3337/1897
f 1271/1886/1115 1268/1926/1115 1273/1925/1115
f 1435/2513/1117 1432/3338/1117 1454/2514/1117
f 570/2395/1031 569/3339/1031 583/2396/1031
f 899/1666/1213 930/2653/1213 866/2373/1213
f 855/2907/1407 904/2101/1407 871/2100/1407
f 1407/160/1912 1400/154/1912 1408/286/1912
f 705/2698/573 707/2699/573 704/1735/573
f 1547/857/302 1536/3110/302 1544/858/302
f 307/463/1913 308/2243/1913 305/1765/1913
f 1563/1532/1914 1567/816/1914 1562/818/1914
f 657/1261/468 660/2629/468 659/1262/468
f 1006/1205/1906 1008/1748/1906 1009/1491/1906
f 925/73/563 886/72/563 875/1107/563
f 194/2349/1915 195/1516/1915 196/1058/1915
f 1261/604/61 1262/603/61 1231/129/61
f 1847/1611/620 1890/1635/620 1893/1612/620
f 1868/122/1916 1914/23/1916 1890/1635/1916
f 510/1985/1031 509/1984/1031 487/2439/1031
f 1445/396/1917 1442/1077/1917 1446/2908/1917
f 1206/252/1099 1204/251/1099 1207/2495/1099
f 268/461/1918 298/1402/1918 265/3340/1918
f 881/1954/23 880/1694/23 920/1693/23
f 791/1250/464 790/1577/464 789/1217/464
f 1758/86/1919 1757/2644/1919 1759/169/1919
f 914/1332/1920 915/1708/1920 916/904/1920
f 122/223/1035 119/3341/1035 2/1438/1035
f 1695/414/1921 1688/1365/1921 1696/2555/1921
f 1051/1784/1182 1063/1783/1182 1067/391/1182
f 1887/2983/1922 1880/404/1922 1888/403/1922
f 191/415/9 140/417/9 139/3095/9
f 1609/2097/857 1561/2588/857 1558/2098/857
f 1587/1233/456 1585/817/456 1589/926/456
f 861/1506/23 909/3295/23 868/1488/23
f 159/2857/9 164/919/9 201/2335/9
f 1245/1802/1923 1244/229/1923 1247/1803/1923
f 595/1202/442 591/3342/442 590/1203/442
f 1193/3219/826 1191/2773/826 1188/3220/826
f 1138/1837/718 1123/3343/718 1124/1838/718
f 1704/2080/1924 1700/1574/1924 1702/364/1924
f 1160/74/390 1161/76/390 1121/1998/390
f 13/764/234 16/1148/234 23/765/234
f 1283/615/39 1243/3344/39 1282/613/39
f 1325/2819/454 1322/2847/454 1323/2237/454
f 1727/337/1925 1704/3068/1925 1699/560/1925
f 1787/1337/1926 1800/3023/1926 1808/2872/1926
f 726/1620/375 743/474/375 744/1621/375
f 1767/2270/1556 1811/886/1556 1817/1904/1556
f 1507/1163/1927 1513/3070/1927 1511/1164/1927
f 997/877/311 1016/1894/311 1015/878/311
f 1666/1189/1530 1662/3027/1530 1656/2494/1530
f 1715/819/1928 1709/561/1928 1716/820/1928
f 735/3120/1636 731/1090/1636 756/1092/1636
f 70/2220/1808 71/2088/1808 72/330/1808
f 478/1752/1095 474/3345/1095 458/1753/1095
f 310/1075/394 311/3317/394 312/1076/394
f 1668/3159/1929 1663/2962/1929 1669/2637/1929
f 1375/2859/1930 1381/1258/1930 1380/2860/1930
f 1298/3051/1931 1240/579/1931 1241/230/1931
f 1861/2690/1932 1858/2689/1932 1902/2824/1932
f 154/2657/1933 165/1961/1933 168/1314/1933
f 563/2037/1934 526/1439/1934 525/2038/1934
f 1280/614/156 1237/3016/156 1248/868/156
f 485/2437/577 504/2659/577 503/2708/577
f 476/2241/535 477/3346/535 463/2058/535
f 400/2271/958 410/2272/958 411/3347/958
f 378/3118/1635 451/1423/1635 377/1425/1635
f 1006/1205/443 995/1490/443 1038/888/443
f 1645/788/1935 1639/787/1935 1644/1568/1935
f 1798/1115/1936 1822/2051/1936 1776/2728/1936
f 1178/2948/1461 1122/2949/1461 1123/2953/1461
f 439/1624/539 440/2956/539 399/3146/539
f 1416/1847/1937 1418/1367/1937 1421/1717/1937
f 1371/3098/1938 1373/1972/1938 1372/2227/1938
f 1873/587/1939 1874/3260/1939 1875/588/1939
f 926/860/303 929/2004/303 924/861/303
f 1769/42/1940 1810/158/1940 1766/1409/1940
f 1703/2383/1941 1699/560/1941 1704/3068/1941
f 1060/3348/1942 1078/2258/1942 1061/2260/1942
f 1803/834/1943 1801/3349/1943 1805/835/1943
f 1426/3022/1944 1425/880/1944 1431/608/1944
f 276/2726/1270 251/3350/1270 255/1465/1270
f 1633/875/1945 1627/2547/1945 1632/876/1945
f 491/1580/1946 495/1789/1946 535/594/1946
f 1899/660/1947 1892/2604/1947 1900/661/1947
f 431/2176/539 380/2166/539 387/757/539
f 458/3106/1948 474/3351/1948 475/3107/1948
f 1473/2219/1949 1469/90/1949 1517/629/1949
f 803/2214/1313 805/2789/1313 802/2215/1313
f 453/2445/1060 465/3302/1060 452/3352/1060
f 731/1090/401 732/2919/401 755/1091/401
f 1202/1842/1950 1087/1841/1950 1086/3173/1950
f 1088/1209/1951 1089/250/1951 1206/252/1951
f 1090/3081/1952 1207/2632/1952 1091/2631/1952
f 1203/3154/1953 1093/31/1953 1092/1270/1953
f 1094/379/1954 1204/3353/1954 1095/380/1954
f 1096/2546/1955 1097/2848/1955 1205/2960/1955
f 1332/722/106 1351/3354/106 1349/723/106
f 514/569/1042 525/2038/1042 528/2415/1042
f 599/3355/952 602/2376/952 600/2378/952
f 128/2102/127 134/2326/127 183/598/127
f 1505/1352/1577 1502/1351/1577 1546/1614/1577
f 1353/12/440 1352/1196/440 1358/1198/440
f 674/1256/1956 675/2369/1956 678/2273/1956
f 994/2079/1957 995/1490/1957 996/638/1957
f 1736/776/1958 1731/559/1958 1737/2309/1958
f 343/3151/1959 342/1136/1959 330/1138/1959
f 561/656/1960 562/2717/1960 563/3180/1960
f 446/523/539 427/1220/539 419/1002/539
f 1550/2489/1961 1555/2896/1961 1509/2311/1961
f 1468/663/1469 1491/1571/1469 1497/1570/1469
f 843/267/1962 736/2922/1962 726/2918/1962
f 1793/1927/1963 1789/157/1963 1814/159/1963
f 205/3176/9 202/2334/9 180/1815/9
f 613/2727/1271 664/276/1271 647/275/1271
f 1763/2646/1964 1752/772/1964 1748/771/1964
f 1173/2254/949 1172/1664/949 1098/2255/949
f 1182/2281/1965 1184/2611/1965 1183/2282/1965
f 1185/1066/1966 1187/3209/1966 1186/3356/1966
f 1188/3282/1967 1190/3357/1967 1189/3358/1967
f 1191/2773/1968 1193/3219/1968 1192/2774/1968
f 1194/1415/1969 1196/2772/1969 1195/1413/1969
f 1197/3359/1970 1199/3360/1970 1198/3361/1970
f 13/764/723 14/3362/723 15/1149/723
f 1722/3067/1971 1700/3363/1971 1704/3068/1971
f 1155/1479/1972 1159/930/1972 1160/74/1972
f 212/620/214 225/3364/214 229/621/214
f 628/1411/1973 659/1262/1973 667/1598/1973
f 403/1941/539 404/2955/539 441/2032/539
f 932/1010/1974 947/3365/1974 946/1011/1974
f 1300/2870/1221 1241/230/1221 1244/229/1221
f 938/778/272 937/701/272 952/779/272
f 1102/763/1766 1113/1721/1766 1110/3231/1766
f 1249/2827/1334 1264/947/1334 1291/2222/1334
f 1610/2426/1975 1615/2410/1975 1609/2097/1975
f 1177/3121/1637 1192/384/1637 1193/3122/1637
f 906/573/1976 909/3366/1976 912/612/1976
f 1580/2385/1977 1576/3248/1977 1598/999/1977
f 1514/1944/1978 1466/1663/1978 1490/1662/1978
f 211/3367/1979 225/3364/1979 212/620/1979
f 257/485/1087 267/2483/1087 266/486/1087
f 1007/3177/1704 1044/448/1704 1049/3178/1704
f 1811/886/315 1824/1788/315 1832/887/315
f 1062/2486/443 1067/2656/443 1063/3268/443
f 572/1513/1980 571/1120/1980 586/1122/1980
f 1254/1384/39 1255/1451/39 1276/943/39
f 1791/424/1981 1789/157/1981 1793/1927/1981
f 213/622/1493 229/621/1493 228/2861/1493
f 720/1071/956 722/3368/956 719/1637/956
f 1307/457/39 1310/2300/39 1313/3369/39
f 1277/1383/39 1282/613/39 1254/1384/39
f 1119/2693/402 1201/1093/402 1122/1095/402
f 717/2362/40 700/3244/40 689/497/40
f 912/1505/23 909/3295/23 861/1506/23
f 246/1546/1982 245/1545/1982 264/1267/1982
f 1486/1433/1983 1483/1787/1983 1481/1434/1983
f 169/1061/388 138/3044/388 212/671/388
f 1877/586/1984 1856/3370/1984 1848/3006/1984
f 1360/1272/667 1349/3224/667 1351/1729/667
f 421/2295/1985 406/2794/1985 407/2490/1985
f 1595/2542/1413 1601/1446/1413 1647/1699/1413
f 1671/916/1986 1660/1868/1986 1652/512/1986
f 437/2189/911 394/1827/911 405/1194/911
f 29/115/1987 30/114/1987 31/740/1987
f 276/2726/1568 295/1466/1568 294/3062/1568
f 185/674/232 188/416/232 191/415/232
f 1237/537/1988 1236/3371/1988 1239/3002/1988
f 1204/2630/1989 1094/3372/1989 1091/2631/1989
f 170/1360/1990 157/1758/1990 160/2331/1990
f 1710/1322/1991 1708/3247/1991 1711/1323/1991
f 1604/1795/1992 1596/3278/1992 1603/998/1992
f 770/1970/1993 771/3373/1993 760/996/1993
f 94/2181/907 95/1678/907 53/1680/907
f 411/1429/539 434/1428/539 439/1624/539
f 1233/1218/450 1234/3374/450 1265/948/450
f 1563/1532/1994 1569/2107/1994 1567/816/1994
f 81/2736/1333 84/347/1333 79/1341/1333
f 897/505/1171 857/1275/1171 847/2596/1171
f 788/19/637 791/3250/637 747/499/637
f 637/459/1585 695/1502/1585 694/3079/1585
f 1195/1869/1995 1196/386/1995 1178/385/1995
f 1820/682/1996 1828/1290/1996 1823/2190/1996
f 1746/2112/1997 1742/1799/1997 1745/1660/1997
f 1448/2119/1998 1443/156/1998 1449/155/1998
f 442/1942/539 445/524/539 420/1001/539
f 1218/1572/1999 1258/900/1999 1259/1727/1999
f 602/2376/1023 495/3375/1023 491/2377/1023
f 1157/2053/828 1150/2275/828 1103/761/828
f 153/1515/1767 198/1517/1767 197/288/1767
f 1732/773/2000 1687/975/2000 1676/774/2000
f 1610/2426/2001 1608/1703/2001 1612/357/2001
f 189/1060/2002 190/675/2002 191/415/2002
f 1213/2759/1292 1250/103/1292 1251/102/1292
f 1046/2482/1479 1049/2353/1479 1044/2975/1479
f 1327/2511/1116 1212/2760/1116 1215/2457/1116
f 976/1100/405 1016/1894/405 997/877/405
f 418/1862/1255 460/1864/1255 459/2707/1255
f 145/1264/469 178/3376/469 220/1265/469
f 1864/1381/2003 1843/3031/2003 1860/2867/2003
f 1049/2622/1186 1048/3377/1186 1023/1123/1186
f 1176/3240/1777 1175/2762/1777 1131/2967/1777
f 846/1963/780 960/812/780 964/827/780
f 1675/514/2004 1696/2555/2004 1688/1365/2004
f 1425/880/2005 1377/3378/2005 1381/881/2005
f 921/1692/2006 922/2431/2006 925/73/2006
f 955/2986/1764 939/2985/1764 938/3227/1764
f 1196/2772/402 1194/1415/402 1191/2773/402
f 1274/3236/39 1275/2363/39 1223/694/39
f 1115/2129/967 1126/2350/967 1165/1242/967
f 437/2189/1494 444/1193/1494 441/2032/1494
f 1132/2392/390 1133/3379/390 1154/2732/390
f 987/1627/443 978/1629/443 981/2915/443
f 95/2035/481 94/3380/481 110/2548/481
f 1636/2880/2007 1628/2406/2007 1635/1564/2007
f 27/781/273 58/346/273 83/348/273
f 660/2629/237 643/606/237 682/2627/237
f 1312/3071/1809 1308/3381/1809 1295/3257/1809
f 893/2925/23 913/3382/23 860/260/23
f 979/1720/969 978/1629/969 1052/1628/969
f 1334/2352/1471 1329/2398/1471 1328/2969/1471
f 56/2562/213 78/2945/213 39/3383/213
f 390/2665/1324 368/3384/1324 367/2813/1324
f 1516/630/2008 1514/1944/2008 1534/1945/2008
f 452/2829/408 466/2831/408 451/1166/408
f 447/2856/2009 421/2295/2009 422/1656/2009
f 795/737/568 798/739/568 839/1501/568
f 1389/869/2010 1386/870/2010 1390/1625/2010
f 438/1623/1811 437/2189/1811 440/2956/1811
f 387/757/264 386/3164/264 385/758/264
f 1468/663/1244 1476/2146/1244 1487/2549/1244
f 361/226/1179 363/3385/1179 364/1550/1179
f 294/3062/2011 296/938/2011 293/937/2011
f 397/2234/936 400/2271/936 399/1809/936
f 1277/1383/914 1276/943/914 1279/429/914
f 327/2230/1776 306/3386/1776 271/785/1776
f 1461/1892/2012 1457/2515/2012 1459/2636/2012
f 885/2778/2013 882/3387/2013 883/2779/2013
f 1293/61/1616 1229/60/1616 1220/30/1616
f 1843/1179/2014 1836/3388/2014 1844/1687/2014
f 143/813/285 176/2348/285 136/814/285
f 1243/3344/39 1254/1384/39 1282/613/39
f 962/2641/2015 855/2907/2015 849/2642/2015
f 1073/3304/1522 1068/3269/1522 1071/3389/1522
f 1230/128/156 1223/694/156 1220/693/156
f 1313/3369/39 1316/1810/39 1307/457/39
f 885/2778/2016 879/3335/2016 882/3387/2016
f 985/1900/752 984/3195/752 967/1901/752
f 927/439/23 900/2899/23 908/2568/23
f 1092/2959/2017 1096/2546/2017 1205/2960/2017
f 1686/1324/2018 1663/1917/2018 1668/1325/2018
f 1053/3246/1779 1010/848/1779 979/3390/1779
f 941/2231/1407 958/3391/1407 944/1607/1407
f 401/580/1011 457/2838/1011 456/2354/1011
f 1350/1947/334 1355/2072/334 1366/932/334
f 184/599/1212 183/598/1212 134/2326/1212
f 1576/3248/2019 1594/2005/2019 1598/999/2019
f 471/1684/701 475/2063/701 473/1685/701
f 547/542/1801 508/544/1801 507/327/1801
f 554/1951/18 553/1443/18 531/3038/18
f 1311/425/144 1297/3072/144 1298/426/144
f 1012/1648/631 1013/3392/631 1010/848/631
f 335/3249/1781 277/2600/1781 290/1286/1781
f 1568/2108/1515 1564/978/1515 1574/2205/1515
f 67/1150/213 64/3393/213 23/765/213
f 1437/2044/824 1440/933/824 1427/609/824
f 785/1982/789 790/1577/789 791/1250/789
f 8/176/1071 5/214/1071 124/216/1071
f 1782/2316/2020 1778/863/2020 1826/2052/2020
f 1452/742/258 1444/1117/258 1455/743/258
f 1609/2097/2021 1606/2099/2021 1608/1703/2021
f 1661/1356/2022 1656/3394/2022 1658/3395/2022
f 1446/2524/2023 1451/837/2023 1453/2968/2023
f 785/518/2024 751/2484/2024 752/516/2024
f 1883/2161/896 1882/2109/896 1887/2162/896
f 364/1550/1757 360/1551/1757 252/1553/1757
f 1124/1838/2025 1123/3343/2025 1122/1095/2025
f 222/1380/652 210/1379/652 209/374/652
f 487/2439/190 509/1984/190 504/2659/190
f 1861/2690/1932 1902/2824/1932 1905/196/1932
f 1339/2682/338 1344/1485/338 1346/931/338
f 1322/2847/2026 1209/2821/2026 1208/3025/2026
f 1210/3026/2027 1211/644/2027 1326/646/2027
f 1212/2760/2028 1327/2511/2028 1213/2759/2028
f 1323/2512/2029 1215/2457/2029 1214/2456/2029
f 1216/952/2030 1324/951/2030 1217/2485/2030
f 1218/1572/2031 1219/2091/2031 1325/46/2031
f 211/3367/2032 226/3396/2032 225/3364/2032
f 1065/3150/39 1062/2800/39 1074/2802/39
f 1527/3204/2033 1524/3397/2033 1526/1689/2033
f 219/1370/1669 177/1372/1669 162/521/1669
f 1458/546/1721 1463/1316/1721 1465/3192/1721
f 1485/1435/2034 1479/1690/2034 1484/2942/2034
f 167/1315/1432 166/1776/1432 181/1777/1432
f 756/1092/2035 753/3398/2035 774/3009/2035
f 1213/950/342 1327/3399/342 1324/951/342
f 1695/414/2036 1697/2557/2036 1691/2145/2036
f 1510/3084/2037 1508/3400/2037 1512/1779/2037
f 624/1422/654 629/1421/654 607/1004/654
f 1562/818/2038 1558/3401/2038 1561/1933/2038
f 963/2276/963 856/2654/963 852/2277/963
f 68/2506/213 67/1150/213 15/1149/213
f 1619/1641/2039 1616/3402/2039 1618/244/2039
f 759/436/361 758/435/361 757/945/361
f 767/1494/566 730/2329/566 733/1495/566
f 1525/2246/1337 1547/857/1337 1553/2730/1337
f 1428/2651/2040 1424/1162/2040 1426/3022/2040
f 1304/186/2041 1306/185/2041 1305/456/2041
f 1307/3403/2042 1309/3404/2042 1308/3405/2042
f 1310/3406/2043 1312/3407/2043 1311/3408/2043
f 1313/1537/2044 1315/528/2044 1314/2120/2044
f 1316/1539/2045 1318/1538/2045 1317/2749/2045
f 1319/3409/2046 1321/3410/2046 1320/3411/2046
f 961/3003/290 965/825/290 964/827/290
f 909/3295/23 908/2568/23 868/1488/23
f 139/2455/1153 138/3044/1153 169/1061/1153
f 1884/3040/2047 1879/2449/2047 1885/3041/2047
f 141/2086/2048 144/3064/2048 149/967/2048
f 748/2816/2049 745/498/2049 778/3090/2049
f 800/2218/637 801/2213/637 764/2216/637
f 1853/1169/1015 1849/178/1015 1851/180/1015
f 1186/3281/1845 1190/3357/1845 1188/3282/1845
f 943/1605/236 947/3412/236 932/2472/236
f 394/1827/2050 437/2189/2050 438/1623/2050
f 1709/561/980 1715/819/980 1737/2309/980
f 884/2780/1687 883/2779/1687 898/623/1687
f 186/3004/2051 187/2298/2051 188/416/2051
f 1300/1130/1616 1318/1129/1616 1314/2570/1616
f 1269/1885/2052 1270/1887/2052 1289/3175/2052
f 1296/1475/1269 1295/3413/1269 1221/2725/1269
f 676/2882/1384 669/3414/1384 622/2043/1384
f 1630/1924/2053 1626/532/2053 1629/283/2053
f 441/2032/539 442/1942/539 403/1941/539
f 232/2090/2054 214/3252/2054 228/3415/2054
f 792/2504/637 739/1254/637 740/1253/637
f 396/2402/716 371/2022/716 372/1082/716
f 1670/2592/1168 1669/2637/1168 1665/2009/1168
f 1689/756/2055 1686/1324/2055 1690/1326/2055
f 257/485/1404 331/3416/1404 332/2903/1404
f 1863/2310/2056 1866/1228/2056 1873/587/2056
f 1545/3289/2057 1542/1979/2057 1540/1852/2057
f 95/1678/646 96/2460/646 54/1679/646
f 24/1185/743 55/1521/743 54/1883/743
f 1808/2872/1780 1804/3417/1780 1796/1812/1780
f 662/1182/962 663/120/962 630/1005/962
f 1763/2646/1964 1748/771/1964 1758/86/1964
f 1845/1989/794 1844/1687/794 1840/1990/794
f 878/1767/1891 891/3418/1891 935/3316/1891
f 1367/2909/2058 1365/3419/2058 1364/1330/2058
f 1631/2428/2059 1637/2881/2059 1635/1564/2059
f 910/1132/1127 862/2527/1127 911/571/1127
f 1576/3248/2060 1571/2279/2060 1594/2005/2060
f 964/827/290 960/812/290 961/3003/290
f 914/3308/23 913/3382/23 893/2925/23
f 48/3232/213 47/2221/213 69/329/213
f 337/112/167 336/3225/167 351/882/167
f 1166/1981/390 1167/3115/390 1140/1392/390
f 768/1618/2061 767/1494/2061 766/1895/2061
f 393/666/229 438/1623/229 435/488/229
f 299/1401/527 300/842/527 297/841/527
f 780/3111/637 802/2215/637 805/2789/637
f 210/1113/1742 146/1112/1742 145/1264/1742
f 1607/3033/1872 1617/2405/1872 1624/2125/1872
f 1834/2111/900 1858/2689/900 1860/2173/900
f 527/1373/519 544/565/519 493/567/519
f 705/2698/573 709/2700/573 707/2699/573
f 1146/1731/694 1151/762/694 1152/1796/694
f 1119/2693/1246 1118/2049/1246 1121/2048/1246
f 1357/2957/2062 1363/3420/2062 1362/2411/2062
f 554/1951/2063 555/81/2063 556/1444/2063
f 1607/3033/1534 1612/357/1534 1635/1564/1534
f 424/2491/935 373/2023/935 374/1343/935
f 887/71/800 924/861/800 929/2004/800
f 606/2668/1573 719/2667/1573 722/2675/1573
f 1796/1806/700 1804/2894/700 1799/1807/700
f 349/2082/1765 333/2084/1765 332/3229/1765
f 704/3059/237 707/3421/237 710/3060/237
f 1548/541/2064 1556/3422/2064 1540/1852/2064
f 1677/1958/2065 1674/1957/2065 1678/983/2065
f 1703/2383/1026 1716/820/1026 1709/561/1026
f 1881/2825/2066 1878/2110/2066 1882/2109/2066
f 343/1133/415 357/3423/415 356/1134/415
f 1066/1645/630 1065/2655/630 1068/1646/630
f 1132/2367/2067 1131/2967/2067 1130/1376/2067
f 1100/1672/644 1099/3424/644 1098/1673/644
f 1370/2028/1938 1371/3098/1938 1368/2226/1938
f 1477/2147/2068 1474/3425/2068 1472/2492/2068
f 666/63/2069 665/1336/2069 668/3046/2069
f 1404/805/2070 1399/1706/2070 1405/806/2070
f 697/1697/654 696/1353/654 638/1354/654
f 587/2463/2071 592/3426/2071 588/2464/2071
f 1439/657/2072 1435/2513/2072 1457/2515/2072
f 270/783/1453 248/3427/1453 254/1555/1453
f 472/1833/716 455/1870/716 456/165/716
f 1470/89/639 1493/3428/639 1490/1662/639
f 1001/3017/1522 1012/1648/1522 1011/847/1522
f 196/1058/387 173/1293/387 142/1059/387
f 501/2142/881 504/2659/881 509/1984/881
f 1249/867/306 1286/181/306 1287/183/306
f 187/2298/9 148/1247/9 147/2417/9
f 1887/2162/988 1882/2109/988 1837/802/988
f 119/208/1209 123/212/1209 3/211/1209
f 1673/649/2073 1672/413/2073 1668/650/2073
f 1649/2875/2074 1644/1568/2074 1648/77/2074
f 1446/2524/2075 1453/2968/2075 1447/3429/2075
f 1155/1479/1972 1156/306/1972 1159/930/1972
f 281/1064/367 284/3430/367 279/1579/367
f 1683/874/2076 1685/454/2076 1678/983/2076
f 1580/822/2077 1572/345/2077 1579/344/2077
f 1722/3067/2078 1729/339/2078 1723/3431/2078
f 691/1715/654 706/3432/654 702/1716/654
f 1111/1785/690 1110/3231/690 1113/1721/690
f 336/1436/634 278/734/634 277/736/634
f 1842/1876/738 1841/2324/738 1837/802/738
f 906/573/2079 912/612/2079 911/571/2079
f 1472/2201/2080 1474/3153/2080 1473/2219/2080
f 73/113/38 29/115/38 74/2480/38
f 1827/1448/2081 1825/2743/2081 1829/1449/2081
f 924/861/2082 925/73/2082 922/2431/2082
f 747/499/637 791/3250/637 740/1253/637
f 1317/1642/629 1301/3433/629 1302/1643/629
f 1383/2071/2083 1376/1705/2083 1384/1396/2083
f 1509/1834/2084 1503/539/2084 1508/1835/2084
f 1642/698/2085 1647/1699/2085 1601/1446/2085
f 99/3217/128 98/3434/128 86/107/128
f 1489/3188/1736 1486/3435/1736 1484/2297/1736
f 1379/1260/2086 1378/1268/2086 1383/2071/2086
f 1446/2524/2087 1424/1162/2087 1428/2651/2087
f 51/760/579 32/3436/579 7/464/579
f 1592/1183/2088 1584/1030/2088 1591/1671/2088
f 773/475/2089 776/799/2089 775/1400/2089
f 641/605/2090 638/3437/2090 639/687/2090
f 1148/3083/390 1149/2050/390 1108/1482/390
f 1366/3438/2091 1340/3439/2091 1362/790/2091
f 1457/647/2092 1454/1728/2092 1458/546/2092
f 116/264/213 76/3288/213 35/3440/213
f 770/2758/2093 814/3441/2093 813/2357/2093
f 1315/528/182 1313/1537/182 1310/529/182
f 1347/3442/986 1333/3443/986 1346/3444/986
f 772/2420/637 739/1254/637 792/2504/637
f 1345/3445/685 1344/3446/685 1339/3447/685
f 1228/2713/1261 1292/3448/1261 1303/2187/1261
f 1351/3449/986 1332/3450/986 1350/3451/986
f 464/1650/539 467/1462/539 470/2891/539
f 1349/3452/685 1348/3453/685 1337/3454/685
f 721/552/2094 613/2673/2094 610/2581/2094
f 1355/3455/986 1331/3456/986 1354/3457/986
f 1352/3458/685 1353/3459/685 1335/3445/685
f 1139/831/1658 1106/3460/1658 1170/3143/1658
f 1330/1484/2095 1344/1485/2095 1358/1198/2095
f 1128/402/2096 1145/2073/2096 1142/6/2096
f 1341/3461/2097 1358/1988/2097 1356/1992/2097
f 1169/4/2 1164/3462/2 1127/5/2
f 1850/1878/858 1840/1990/858 1844/1687/858
f 1346/931/2098 1328/1872/2098 1366/932/2098
f 615/393/134 655/2688/134 656/394/134
f 868/1488/2099 869/2775/2099 866/2130/2099
f 1586/531/2100 1587/1856/2100 1591/1671/2100
f 94/3014/1518 38/2817/1518 37/85/1518
f 1343/1774/2101 1358/1988/2101 1341/3461/2101
f 1330/2893/2102 1358/1988/2102 1343/1774/2102
f 1366/3438/2103 1342/2319/2103 1340/3439/2103
f 350/1589/2104 355/1594/2104 351/1590/2104
f 1281/2338/1215 1282/613/1215 1277/1383/1215
f 1342/2319/2105 1366/3438/2105 1328/2320/2105
f 1873/587/2106 1869/2400/2106 1874/3260/2106
f 1085/477/164 1081/1229/164 973/478/164
f 692/56/20 705/311/20 706/57/20
f 36/2135/807 47/2567/807 46/525/807
f 188/416/705 187/2298/705 147/2417/705
f 1372/2227/1938 1368/2226/1938 1371/3098/1938
f 639/458/157 638/1354/157 637/459/157
f 1492/676/2107 1535/1853/2107 1541/677/2107
f 548/326/1801 547/542/1801 507/327/1801
f 1361/2029/2108 1369/2267/2108 1359/3463/2108
f 325/800/81 299/1401/81 326/340/81
f 1292/59/21 1228/3464/21 1229/60/21
f 1127/466/2109 1126/2350/2109 1129/467/2109
f 1808/2872/2110 1800/3023/2110 1807/2873/2110
f 1254/16/6 1253/642/6 1252/17/6
f 915/1708/660 920/3465/660 919/1709/660
f 308/2243/81 307/463/81 267/462/81
f 1376/1705/2111 1412/1907/2111 1388/2366/2111
f 1620/1639/2112 1625/713/2112 1623/1640/2112
f 1046/2482/39 1043/116/39 1021/3466/39
f 834/1146/566 818/2771/566 819/1328/566
f 1797/422/143 1795/1659/143 1790/423/143
f 1222/692/240 1221/2228/240 1220/693/240
f 1849/178/2113 1846/1390/2113 1850/179/2113
f 1173/1375/520 1099/2745/520 1130/1376/520
f 1379/1260/2114 1385/1398/2114 1382/1397/2114
f 578/272/92 579/1309/92 537/273/92
f 1615/2410/2115 1565/2587/2115 1609/2097/2115
f 1905/196/2116 1902/2824/2116 1906/197/2116
f 192/1478/9 139/3095/9 172/3207/9
f 311/3317/81 308/2243/81 260/3467/81
f 1832/887/1167 1828/1290/1167 1820/682/1167
f 1391/1333/2117 1397/1626/2117 1394/1226/2117
f 300/842/81 325/800/81 322/801/81
f 887/71/2118 888/3468/2118 889/968/2118
f 1612/357/2119 1607/3033/2119 1611/358/2119
f 1288/915/787 1285/408/787 1286/181/787
f 312/1076/81 311/3317/81 259/3469/81
f 914/3308/2120 893/2925/2120 892/1955/2120
f 1403/2305/2121 1409/161/2121 1406/2885/2121
f 705/311/2122 692/56/2122 693/312/2122
f 239/2138/198 242/3470/198 240/3158/198
f 1043/116/39 1042/3471/39 1005/117/39
f 540/1232/18 562/2717/18 523/490/18
f 1079/269/91 1060/3348/91 1059/270/91
f 204/2538/491 165/1961/491 154/2657/491
f 1415/1366/2123 1421/1717/2123 1418/1367/2123
f 1192/384/2124 1177/3121/2124 1178/385/2124
f 96/506/175 113/3472/175 99/507/175
f 1042/3471/39 1041/2124/39 1005/117/39
f 526/1439/544 563/2037/544 568/1440/544
f 37/85/137 40/3263/137 117/3473/137
f 1083/557/191 1080/3474/191 967/558/191
f 1426/3022/2125 1431/608/2125 1429/610/2125
f 698/278/94 714/2877/94 715/279/94
f 1586/531/183 1629/283/183 1626/532/183
f 1167/3187/1714 1168/235/1714 1147/2558/1714
f 1135/307/2126 1156/306/2126 1157/1480/2126
f 988/3475/39 981/3082/39 1032/1195/39
f 1389/869/2127 1438/747/2127 1437/746/2127
f 1436/322/2128 1441/745/2128 1438/747/2128
f 1496/195/2129 1512/1779/2129 1508/3400/2129
f 594/3018/519 598/3114/519 579/3019/519
f 1319/184/61 1320/3476/61 1306/185/61
f 914/1332/500 917/13/500 910/1132/500
f 1653/2301/2130 1657/1297/2130 1701/365/2130
f 1054/846/297 1055/2769/297 1011/847/297
f 1447/493/2131 1453/2118/2131 1450/494/2131
f 1040/2123/39 1012/3477/39 1001/3103/39
f 163/69/9 180/1815/9 202/2334/9
f 227/334/2132 230/1050/2132 232/335/2132
f 487/2439/2133 485/2437/2133 599/2436/2133
f 1028/139/39 1047/2303/39 1020/3035/39
f 421/2295/2134 424/2491/2134 423/1657/2134
f 1459/2636/2135 1465/2602/2135 1462/1893/2135
f 1387/2454/1065 1432/3478/1065 1434/320/1065
f 576/2964/1468 518/554/1468 517/2965/1468
f 1312/3071/1576 1296/3258/1576 1297/3072/1576
f 230/1050/848 233/3479/848 235/2944/848
f 586/2462/1102 582/2461/1102 581/1867/1102
f 617/2718/2136 618/1696/2136 692/1695/2136
f 283/840/295 282/1935/295 297/841/295
f 42/1340/599 41/2027/599 80/1569/599
f 1528/3205/2137 1526/1689/2137 1530/3131/2137
f 1648/77/2138 1640/3480/2138 1647/2874/2138
f 1153/3267/390 1154/2732/390 1133/3379/390
f 405/1889/2139 408/1888/2139 407/2661/2139
f 418/1862/732 385/3481/732 449/1863/732
f 751/2484/1582 807/703/1582 782/595/1582
f 1817/1904/2140 1811/886/2140 1816/681/2140
f 1083/2846/1830 976/3482/1830 972/3262/1830
f 1892/2604/1564 1899/660/1564 1921/865/1564
f 800/2218/2141 797/1098/2141 804/1097/2141
f 1271/127/39 1274/3236/39 1230/128/39
f 1390/1805/699 1380/2860/699 1384/1396/699
f 801/2213/1626 802/2215/1626 763/3144/1626
f 1103/761/266 1150/2275/266 1151/762/266
f 1242/2971/39 1243/3344/39 1283/615/39
f 1444/1117/410 1423/3483/410 1433/1118/410
f 1567/816/286 1589/926/286 1585/817/286
f 187/2298/9 179/1816/9 148/1247/9
f 726/1620/939 736/1578/939 776/799/939
f 1013/2977/39 1034/2475/39 1033/2888/39
f 1613/359/2142 1611/358/2142 1614/2409/2142
f 1364/1330/498 1365/3419/498 1361/1273/498
f 936/702/1214 935/3484/1214 949/769/1214
f 505/895/319 569/3485/319 570/896/319
f 1741/845/2143 1736/3486/2143 1738/2716/2143
f 1308/2299/549 1312/3487/549 1310/2300/549
f 670/2678/2144 671/955/2144 668/3046/2144
f 1806/2886/2145 1804/3417/2145 1808/2872/2145
f 595/37/1480 594/3488/1480 578/38/1480
f 392/7/3 425/362/3 426/8/3
f 74/2480/1083 71/2088/1083 70/2220/1083
f 260/3467/81 308/2243/81 267/462/81
f 1468/663/2146 1504/665/2146 1491/1571/2146
f 1256/1725/665 1225/3489/665 1226/1726/665
f 1414/166/55 1392/473/55 1396/167/55
f 71/2088/850 74/2480/850 29/115/850
f 1257/428/145 1278/2194/145 1279/429/145
f 532/3194/18 552/2144/18 499/51/18
f 940/231/48 959/2987/48 958/232/48
f 1774/2509/2147 1781/2115/2147 1777/921/2147
f 1471/91/2148 1474/3153/2148 1477/3490/2148
f 73/113/89 76/3288/89 116/264/89
f 1649/2875/2149 1646/3141/2149 1644/1568/2149
f 320/1334/81 319/243/81 279/3491/81
f 920/1693/23 915/3307/23 892/1955/23
f 1089/250/2150 1095/3492/2150 1204/251/2150
f 607/1004/171 629/1421/171 630/1005/171
f 1483/1787/2151 1486/1433/2151 1489/1786/2151
f 311/3317/81 260/3467/81 259/3469/81
f 1665/2009/2152 1662/2649/2152 1666/2211/2152
f 1560/343/117 1568/2108/117 1579/344/117
f 64/3393/213 63/1184/213 23/765/213
f 728/253/85 727/2560/85 749/254/85
f 347/3493/81 344/2883/81 350/2884/81
f 1495/929/2153 1498/3494/2153 1501/2941/2153
f 498/92/2154 499/2232/2154 500/93/2154
f 1920/442/2155 1915/2605/2155 1921/865/2155
f 1041/2124/39 1000/2582/39 1005/117/39
f 995/1490/564 1006/1205/564 1009/1491/564
f 1020/3035/39 989/3495/39 1028/139/39
f 713/589/202 710/3060/202 711/590/202
f 1507/1163/2156 1510/3084/2156 1513/3070/2156
f 969/387/132 991/3190/132 990/388/132
f 1449/155/2157 1445/396/2157 1447/493/2157
f 19/205/68 18/3496/68 49/206/68
f 592/1722/607 575/3497/607 574/1723/607
f 34/83/137 37/85/137 118/400/137
f 1233/548/188 1232/331/188 1235/549/188
f 1518/631/2158 1521/1244/2158 1523/2711/2158
f 1029/856/39 1028/139/39 989/3495/39
f 1251/102/185 1248/3498/185 1237/537/185
f 118/400/2159 37/85/2159 117/3473/2159
f 845/3222/1754 729/2714/1754 732/2919/1754
f 1034/2475/39 1013/2977/39 1012/3477/39
f 633/2796/1437 634/3499/1437 677/1486/1437
f 1528/3205/2160 1530/3131/2160 1533/3500/2160
f 1242/228/76 1247/1803/76 1244/229/76
f 1406/807/2161 1405/806/2161 1401/2174/2161
f 989/3495/39 988/3475/39 1029/856/39
f 1389/869/2162 1393/1225/2162 1434/320/2162
f 1727/337/2163 1720/1099/2163 1728/338/2163
f 897/505/475 896/1294/475 856/1274/475
f 1539/1978/2164 1542/1979/2164 1545/3289/2164
f 1032/1195/39 1029/856/39 988/3475/39
f 953/700/2165 952/779/2165 937/701/2165
f 860/260/2166 861/1506/2166 858/261/2166
f 832/1235/2167 815/2843/2167 816/1236/2167
f 34/83/29 92/2487/29 93/84/29
f 913/3382/23 912/1505/23 860/260/23
f 1551/323/2168 1554/325/2168 1557/2897/2168
f 669/2679/1284 676/1255/1284 673/1257/1284
f 1134/1407/2169 1103/3501/2169 1104/2849/2169
f 1844/1687/649 1836/3388/649 1848/1688/649
f 754/1096/2170 797/1098/2170 798/739/2170
f 450/1713/662 449/3502/662 385/1714/662
f 515/432/87 528/2415/87 489/2648/87
f 1843/3031/2171 1838/3503/2171 1860/2867/2171
f 135/994/1360 136/814/1360 176/2348/1360
f 633/2796/1318 678/2273/1318 675/2369/1318
f 443/1192/438 405/1194/438 406/3504/438
f 825/1102/2172 829/3505/2172 827/1103/2172
f 1876/2580/1500 1848/3006/1500 1836/2680/1500
f 1906/197/2173 1881/2825/2173 1885/2307/2173
f 384/1108/1011 389/2666/1011 367/2813/1011
f 724/1072/956 720/1071/956 723/553/956
f 1120/2694/402 1201/1093/402 1119/2693/402
f 1815/2351/1005 1813/3506/1005 1817/1904/1005
f 227/1047/1153 229/1049/1153 225/1045/1153
f 1495/3168/2174 1493/470/2174 1497/1570/2174
f 1191/1068/390 1194/3296/390 1185/1066/390
f 971/2314/983 974/3507/983 1082/2315/983
f 219/1370/2175 220/3508/2175 178/1371/2175
f 138/3044/2176 139/2455/2176 140/1743/2176
f 728/1080/2177 734/3509/2177 842/1081/2177
f 796/1015/371 795/3189/371 794/1016/371
f 1477/2147/1812 1475/469/1812 1470/471/1812
f 1029/856/301 1032/1195/301 1031/669/301
f 440/2956/539 404/2955/539 399/3146/539
f 1002/2306/1182 999/1681/1182 1057/1683/1182
f 1853/1169/429 1893/3510/429 1897/1035/429
f 1500/824/2178 1492/676/2178 1499/678/2178
f 990/388/1689 993/3191/1689 982/3166/1689
f 390/1342/507 423/1657/507 374/1343/507
f 1921/865/2179 1917/2134/2179 1919/866/2179
f 551/52/18 548/326/18 500/50/18
f 583/1865/733 597/3511/733 596/1866/733
f 299/1401/81 268/461/81 307/463/81
f 1560/343/2180 1596/2564/2180 1583/2563/2180
f 1569/2107/2181 1566/1534/2181 1564/978/2181
f 1047/2303/39 1046/2482/39 1021/3466/39
f 454/2593/1169 410/960/1169 397/2594/1169
f 745/2359/1411 809/2358/1411 820/2911/1411
f 1752/3142/2182 1744/1276/2182 1751/2432/2182
f 1789/157/2183 1786/1800/2183 1810/158/2183
f 51/760/1285 11/222/1285 12/224/1285
f 1563/1532/2184 1566/1534/2184 1569/2107/2184
f 1232/331/113 1210/3015/113 1208/332/113
f 1784/1302/574 1781/1301/574 1774/1507/574
f 953/239/2185 949/3135/2185 948/240/2185
f 100/1469/213 97/290/213 109/2810/213
f 312/1076/81 259/3469/81 292/3512/81
f 931/2374/272 932/3513/272 858/2741/272
f 1575/446/2186 1578/1822/2186 1581/3514/2186
f 1112/234/78 1147/2558/78 1168/235/78
f 1273/1925/893 1272/2997/893 1275/2157/893
f 1347/308/106 1345/3515/106 1339/309/106
f 253/1554/1002 304/2003/1002 303/2343/1002
f 314/130/81 313/188/81 291/241/81
f 1280/614/1521 1281/2338/1521 1236/2337/1521
f 1587/1856/2187 1590/3298/2187 1593/1903/2187
f 564/98/34 557/570/34 560/99/34
f 587/2463/1240 590/3516/1240 592/3426/1240
f 1470/89/2188 1466/1663/2188 1469/90/2188
f 684/2132/1029 645/797/1029 646/1013/1029
f 1725/366/125 1721/924/125 1723/367/125
f 346/731/1087 342/1584/1087 341/732/1087
f 1599/997/2189 1602/1447/2189 1605/1793/2189
f 1181/381/2190 1170/3517/2190 1184/382/2190
f 745/498/2191 748/2816/2191 747/499/2191
f 1508/3400/2129 1500/193/2129 1496/195/2129
f 1148/3083/390 1108/1482/390 1109/1393/390
f 873/397/2192 872/1559/2192 907/398/2192
f 1417/545/2193 1463/1316/2193 1458/546/2193
f 1610/2426/2194 1613/359/2194 1615/2410/2194
f 545/151/2195 550/2606/2195 501/152/2195
f 974/534/184 971/3518/184 1008/535/184
f 1805/418/142 1801/3519/142 1761/419/142
f 142/1921/2196 143/813/2196 144/1922/2196
f 101/124/42 100/293/42 103/125/42
f 30/114/234 73/113/234 80/263/234
f 1620/1639/2197 1622/711/2197 1625/713/2197
f 513/80/28 534/2478/28 555/81/28
f 1800/3023/2198 1823/1503/2198 1829/3024/2198
f 355/110/37 354/3520/37 338/111/37
f 1427/609/2199 1423/838/2199 1428/2651/2199
f 662/281/95 687/3521/95 688/282/95
f 205/720/1188 208/719/1188 203/2537/1188
f 1631/285/2200 1634/284/2200 1637/3522/2200
f 1041/2124/39 1001/3103/39 1000/2582/39
f 1154/2274/960 1153/2818/960 1150/2275/960
f 326/340/116 307/463/116 306/341/116
f 1018/2498/1104 1003/3523/1104 1059/2499/1104
f 280/242/81 279/3491/81 319/243/81
f 830/2031/637 833/2238/637 821/2030/637
f 1643/2639/2201 1646/3141/2201 1649/2875/2201
f 933/3266/2202 946/3524/2202 950/2597/2202
f 1305/934/336 1306/3525/336 1292/935/336
f 1045/449/1746 1044/448/1746 1007/3177/1746
f 425/362/2203 428/361/2203 427/691/2203
f 1532/2294/2204 1525/2246/2204 1531/729/2204
f 1741/845/2205 1740/844/2205 1736/3486/2205
f 1419/168/2206 1396/167/2206 1388/2623/2206
f 686/2738/237 667/1598/237 659/1262/237
f 150/2452/1203 183/598/1203 182/597/1203
f 483/1738/776 480/1950/776 479/1739/776
f 1124/1838/2207 1122/1095/2207 1125/1094/2207
f 15/1602/42 14/3323/42 45/690/42
f 416/2446/2208 415/2095/2208 414/2094/2208
f 294/3062/2209 295/1466/2209 296/938/2209
f 253/1554/799 250/3526/799 287/2002/799
f 271/2081/846 306/3527/846 305/1008/846
f 58/2752/1289 27/1417/1289 26/375/1289
f 1820/682/2210 1812/2191/2210 1819/2910/2210
f 1282/613/211 1281/2338/211 1280/614/211
f 817/3013/1516 835/3528/1516 831/1237/1516
f 325/800/280 328/1470/280 323/749/280
f 1348/1197/440 1349/3224/440 1358/1198/440
f 359/2613/1179 362/1813/1179 360/1551/1179
f 1200/1387/904 1161/76/904 1158/75/904
f 341/1135/81 356/1134/81 353/1824/81
f 1786/1800/2211 1742/1799/2211 1766/1409/2211
f 1782/2316/2020 1826/2052/2020 1831/3529/2020
f 1380/2860/1358 1390/1805/1358 1386/2858/1358
f 1888/403/461 1896/2011/461 1900/1245/461
f 1242/228/248 1241/230/248 1240/579/248
f 1060/3348/1942 1079/269/1942 1078/2258/1942
f 270/783/274 303/2343/274 302/784/274
f 109/2810/213 106/1467/213 100/1469/213
f 1369/2267/1938 1370/2028/1938 1368/2226/1938
f 1171/36/17 1172/2529/17 1187/49/17
f 788/19/7 787/1658/7 786/20/7
f 1659/1238/458 1654/1355/458 1677/1239/458
f 307/463/81 326/340/81 299/1401/81
f 1652/512/2212 1688/1365/2212 1664/917/2212
f 928/1558/593 907/398/593 872/1559/593
f 319/243/81 314/130/81 291/241/81
f 35/3440/213 118/619/213 116/264/213
f 1665/2009/2213 1713/257/2213 1662/2649/2213
f 573/142/47 572/3530/47 585/143/47
f 1619/2148/2214 1641/1902/2214 1638/2149/2214
f 1655/1298/2215 1661/3531/2215 1658/1299/2215
f 1629/283/2216 1633/875/2216 1634/284/2216
f 131/991/2217 240/990/2217 242/1975/2217
f 44/175/58 5/214/58 8/176/58
f 1525/2246/1533 1532/2294/1533 1519/653/1533
f 314/130/43 319/243/43 318/131/43
f 1491/1571/2218 1504/665/2218 1512/1779/2218
f 1667/2212/2219 1673/3532/2219 1670/2592/2219
f 977/369/126 967/558/126 984/370/126
f 1303/2836/1599 1320/2835/1599 1321/1644/1599
f 65/328/2220 68/2506/2220 69/329/2220
f 489/2648/1480 528/2415/1480 527/2427/1480
f 1758/86/30 1748/771/30 1743/87/30
f 325/800/81 300/842/81 299/1401/81
f 1679/982/2221 1685/454/2221 1682/2518/2221
f 517/351/120 530/920/120 574/352/120
f 760/2991/637 839/1501/637 799/1500/637
f 273/136/45 318/3533/45 317/137/45
f 551/52/1760 552/2144/1760 549/1442/1760
f 58/346/118 57/1771/118 84/347/118
f 992/1858/2222 1027/141/2222 1026/140/2222
f 1691/2145/2223 1697/2557/2223 1694/2556/2223
f 1144/378/129 1145/2073/129 1094/379/129
f 1652/512/177 1659/1238/177 1681/513/177
f 1618/244/82 1616/3402/82 1571/245/82
f 381/1711/1523 430/360/1523 425/362/1523
f 342/1136/2224 346/3326/2224 331/1137/2224
f 1503/539/2225 1509/1834/2225 1555/540/2225
f 1702/364/2226 1707/363/2226 1705/1079/2226
f 334/190/63 290/1286/63 289/191/63
f 413/487/2227 414/667/2227 435/488/2227
f 1690/412/141 1668/650/141 1672/413/141
f 407/2661/1623 408/1888/1623 369/1084/1623
f 92/133/44 91/3534/44 108/134/44
f 540/1232/1801 539/543/1801 566/1155/1801
f 1712/795/2228 1717/256/2228 1714/258/2228
f 845/3535/90 841/266/90 840/268/90
f 268/461/1918 299/1401/1918 298/1402/1918
f 1249/101/35 1248/3498/35 1251/102/35
f 480/1950/776 482/2952/776 479/1739/776
f 220/372/127 237/2576/127 223/373/127
f 584/1458/18 581/2388/18 590/1203/18
f 1723/3431/2229 1729/339/2229 1726/1932/2229
f 283/840/81 300/842/81 322/801/81
f 1562/1085/399 1585/1855/399 1582/533/399
f 572/354/121 573/971/121 529/355/121
f 1769/42/2230 1813/41/2230 1810/158/2230
f 1434/320/2231 1432/3478/2231 1435/321/2231
f 842/2328/992 733/1495/992 730/2329/992
f 1735/249/2232 1741/845/2232 1738/2716/2232
f 1923/2399/2233 1916/2401/2233 1924/1461/2233
f 103/125/807 106/3536/807 108/2017/807
f 336/3225/1761 335/3537/1761 352/3226/1761
f 1599/997/2234 1605/1793/2234 1603/998/2234
f 1100/1672/390 1153/3267/390 1133/3379/390
f 36/2607/213 35/3440/213 75/2481/213
f 1768/2992/2235 1746/2185/2235 1751/2432/2235
f 820/3127/1642 819/3112/1642 777/1630/1642
f 123/212/418 119/208/418 124/1142/418
f 911/571/197 862/2527/197 873/572/197
f 675/2369/2236 676/1255/2236 653/2930/2236
f 166/1776/2237 165/1961/2237 204/2538/2237
f 1235/549/76 1224/1128/76 1273/1925/76
f 1904/953/2238 1915/2605/2238 1920/442/2238
f 447/1920/1406 422/3538/1406 391/9/1406
f 352/626/216 348/1587/216 347/627/216
f 126/815/1517 125/985/1517 144/1922/1517
f 707/3256/977 708/3539/977 712/2703/977
f 1399/1706/2239 1404/805/2239 1420/1906/2239
f 602/2127/873 599/3540/873 486/2128/873
f 1885/2307/2240 1881/2825/2240 1883/2161/2240
f 544/565/194 543/1040/194 494/566/194
f 1002/1403/2241 1003/2722/2241 1004/118/2241
f 1780/864/2242 1785/3292/2242 1779/172/2242
f 7/218/44 32/3541/44 31/177/44
f 148/1247/2243 179/1816/2243 178/1248/2243
f 516/2251/2244 513/1006/2244 514/569/2244
f 1661/1356/2245 1660/1868/2245 1656/3394/2245
f 1684/455/472 1676/774/472 1687/975/472
f 1278/2194/997 1257/428/997 1236/2337/997
f 57/1771/1797 58/346/1797 59/979/1797
f 1174/2521/1122 1190/3237/1122 1186/2522/1122
f 700/3244/2246 718/3245/2246 699/3542/2246
f 824/1104/2247 821/2030/2247 822/2933/2247
f 1268/1926/1294 1269/1885/1294 1234/550/1294
f 1855/1472/2248 1848/1688/2248 1856/3058/2248
f 1773/40/2249 1817/3543/2249 1813/41/2249
f 1528/728/2250 1533/2292/2250 1531/729/2250
f 603/2263/952 599/3355/952 600/2378/952
f 1684/455/2251 1692/1269/2251 1680/453/2251
f 511/910/1267 542/3544/1267 567/1156/1267
f 685/2628/1973 686/2738/1973 659/1262/1973
f 1400/154/2252 1407/160/2252 1449/155/2252
f 793/2505/637 794/2756/637 772/2420/637
f 313/188/81 312/1076/81 292/3512/81
f 1107/1321/131 1098/2255/131 1172/1664/131
f 321/748/81 320/1334/81 284/1936/81
f 265/1369/1729 329/3545/1729 330/484/1729
f 1747/3546/2253 1750/770/2253 1753/1535/2253
f 80/263/89 73/113/89 116/264/89
f 697/2863/2254 715/3547/2254 711/2864/2254
f 1035/2474/39 1034/2475/39 1012/3477/39
f 866/2373/1022 930/2653/1022 931/2374/1022
f 313/188/81 292/3512/81 291/241/81
f 1721/924/2255 1725/366/2255 1683/874/2255
f 1759/169/2256 1762/171/2256 1765/2645/2256
f 1551/323/2257 1549/1525/2257 1553/324/2257
f 1764/1025/2258 1760/173/2258 1779/172/2258
f 1925/441/2259 1924/3303/2259 1920/442/2259
f 1242/2971/39 1284/182/39 1247/2812/39
f 853/317/109 852/2277/109 877/318/109
f 1526/1689/650 1524/3397/650 1479/1690/650
f 1770/3548/2260 1772/1527/2260 1775/2006/2260
f 1408/286/119 1400/154/119 1411/349/119
f 262/2855/1354 263/2280/1354 264/1267/1354
f 1657/1297/2261 1707/363/2261 1701/365/2261
f 1893/1612/2262 1890/1635/2262 1894/22/2262
f 1042/447/153 1043/3549/153 1044/448/153
f 523/490/2263 524/655/2263 521/491/2263
f 1780/864/2264 1783/2617/2264 1785/3292/2264
f 26/375/128 25/1670/128 3/376/128
f 864/504/174 863/15/174 894/14/174
f 844/715/90 842/1081/90 845/3535/90
f 1286/181/60 1285/408/60 1284/182/60
f 1897/1035/2265 1893/3510/2265 1895/1036/2265
f 1791/3550/2266 1794/1747/2266 1797/1811/2266
f 576/259/87 591/1395/87 595/37/87
f 740/1253/403 737/1616/403 746/500/403
f 1143/148/49 1144/378/49 1111/149/49
f 1770/3548/2267 1768/2992/2267 1772/1527/2267
f 322/801/81 321/748/81 283/840/81
f 518/3007/442 521/491/442 524/655/442
f 1803/2503/2268 1806/2886/2268 1809/2501/2268
f 1041/2124/39 1040/2123/39 1001/3103/39
f 1335/940/338 1353/12/338 1354/11/338
f 1033/2888/39 1032/1195/39 981/3082/39
f 668/3046/237 671/955/237 627/1599/237
f 1114/305/105 1159/930/105 1156/306/105
f 826/2433/2269 822/2252/2269 810/2434/2269
f 1815/2351/2270 1818/1905/2270 1821/680/2270
f 197/288/98 198/1517/98 199/27/98
f 1463/2289/2271 1456/2676/2271 1464/2290/2271
f 430/360/123 431/1601/123 428/361/123
f 1453/2118/2272 1452/3551/2272 1448/2119/2272
f 286/95/33 285/2242/33 324/96/33
f 1849/178/1819 1897/1035/1819 1891/405/1819
f 1827/2610/2273 1830/2076/2273 1833/1289/2273
f 1257/899/884 1256/1725/884 1259/1727/884
f 1367/789/2274 1366/3438/2274 1362/790/2274
f 830/2264/147 831/2938/147 835/2265/147
f 285/2242/254 274/138/254 317/137/254
f 922/2431/23 921/1692/23 880/1694/23
f 1788/2765/1385 1799/2154/1385 1754/2577/1385
f 659/1262/237 660/2629/237 685/2628/237
f 87/1542/1264 88/3552/1264 14/2720/1264
f 273/136/2275 274/138/2275 275/890/2275
f 729/1617/420 730/2329/420 767/1494/420
f 1020/3035/1539 1021/3466/1539 1018/2721/1539
f 923/862/23 922/2431/23 884/2430/23
f 1678/983/2276 1721/924/2276 1683/874/2276
f 1155/1479/2277 1154/2732/2277 1157/1480/2277
f 714/2877/1382 698/278/1382 699/2878/1382
f 76/3288/213 75/2481/213 35/3440/213
f 670/2678/202 665/1336/202 632/62/202
f 999/2583/1621 1000/2582/1621 1001/3103/1621
f 870/685/1009 871/2100/1009 872/1559/1009
f 825/1026/375 826/3553/375 811/1027/375
f 1117/1283/479 1114/305/479 1135/307/479
f 1384/1396/2278 1380/2860/2278 1382/1397/2278
f 1916/2401/1663 1869/2400/1663 1859/1227/1663
f 1539/1978/2279 1537/2001/2279 1541/677/2279
f 149/967/346 150/2452/346 151/885/346
f 1642/698/2280 1638/2149/2280 1641/1902/2280
f 274/138/970 285/2242/970 288/1331/970
f 77/1965/213 40/2621/213 39/3383/213
f 1706/3080/2281 1707/363/2281 1657/1297/2281
f 710/3060/237 713/589/237 701/1899/237
f 398/2235/1601 456/2354/1601 455/3092/1601
f 1019/1914/245 986/1498/245 989/1764/245
f 193/1477/9 172/3207/9 171/25/9
f 62/1151/421 63/3554/421 64/1152/421
f 401/580/648 398/2235/648 399/1809/648
f 559/54/18 520/2798/18 519/2361/18
f 1305/456/156 1309/3555/156 1307/457/156
f 1074/2802/39 1071/635/39 1065/3150/39
f 1692/1269/2251 1696/3556/2251 1680/453/2251
f 764/434/2282 761/752/2282 758/435/2282
f 1790/423/696 1745/1660/696 1742/1799/696
f 1004/118/39 1021/3466/39 1043/116/39
f 556/1444/1154 533/2479/1154 502/2571/1154
f 1717/256/86 1716/3171/86 1713/257/86
f 1266/1219/2283 1265/948/2283 1264/947/2283
f 1559/199/2284 1614/2321/2284 1621/200/2284
f 363/3385/1179 359/2613/1179 364/1550/1179
f 1839/1177/2285 1845/1989/2285 1842/1991/2285
f 248/225/2286 363/3385/2286 361/226/2286
f 478/1752/935 459/1754/935 460/1742/935
f 284/1936/81 283/840/81 321/748/81
f 343/3234/1769 329/3557/1769 340/3235/1769
f 284/1936/81 320/1334/81 279/3491/81
f 722/3076/1581 720/2671/1581 611/854/1581
f 1851/1471/2287 1857/1473/2287 1854/3558/2287
f 86/107/29 98/3434/29 102/108/29
f 1057/450/154 1072/2193/154 1076/451/154
f 1574/444/2288 1570/201/2288 1573/445/2288
f 784/1496/1473 733/1495/1473 734/2920/1473
f 840/268/90 844/715/90 845/3535/90
f 338/2660/1218 354/3559/1218 358/1223/1218
f 1862/2159/2289 1867/1382/2289 1864/1381/2289
f 309/187/2290 312/1076/2290 313/188/2290
f 433/510/539 434/1428/539 412/511/539
f 1040/2123/39 1035/2474/39 1012/3477/39
f 482/907/323 480/3560/323 371/908/323
f 330/484/167 331/3416/167 257/485/167
f 1872/3561/2291 1877/586/2291 1875/588/2291
f 1053/390/2292 1052/2619/2292 1067/391/2292
f 690/495/365 702/1716/365 703/496/365
f 608/119/40 630/1005/40 663/120/40
f 1874/1362/2293 1870/123/2293 1872/1363/2293
f 1501/194/2294 1498/3011/2294 1496/195/2294
f 892/1955/23 881/1954/23 920/1693/23
f 1883/2161/2295 1889/2163/2295 1886/2308/2295
f 1028/139/46 1029/856/46 1026/140/46
f 703/2781/531 701/1899/531 716/1898/531
f 635/202/67 612/2672/67 609/203/67
f 1821/237/2296 1819/3056/2296 1814/159/2296
f 1097/2848/1345 1137/1408/1345 1104/2849/1345
f 1895/1036/2297 1901/2635/2297 1898/1037/2297
f 457/163/537 475/3107/537 471/164/537
f 565/1154/18 562/2717/18 540/1232/18
f 1021/3466/39 1020/3035/39 1047/2303/39
f 561/656/18 560/55/18 524/655/18
f 854/145/48 905/2198/48 904/146/48
f 569/3213/1738 505/3562/1738 538/1308/1738
f 1907/198/2298 1913/2640/2298 1910/2710/2298
f 658/104/36 700/3563/36 699/105/36
f 107/297/137 106/296/137 109/299/137
f 1759/169/2299 1757/2644/2299 1761/170/2299
f 743/474/2300 742/476/2300 741/1576/2300
f 115/265/89 77/1965/89 80/263/89
f 581/2388/18 596/1088/18 593/1204/18
f 1919/866/2301 1925/441/2301 1922/443/2301
f 1612/357/2302 1608/1703/2302 1630/1563/2302
f 546/2723/2303 547/542/2303 548/326/2303
f 468/1820/1482 469/3301/1482 453/2445/1482
f 642/600/2304 657/106/2304 699/105/2304
f 1809/2501/1105 1807/2873/1105 1802/2502/1105
f 1520/1243/2305 1516/630/2305 1538/1430/2305
f 844/715/250 840/268/250 725/716/250
f 856/2654/1214 896/3564/1214 877/318/1214
f 1722/3067/2306 1727/337/2306 1729/339/2306
f 212/671/231 138/3044/231 137/672/231
f 1018/2721/1266 1021/3466/1266 1004/118/1266
f 1871/2517/1475 1868/122/1475 1847/1611/1475
f 1075/3100/1266 1074/2802/1266 1077/2801/1266
f 1918/1018/2307 1923/2832/2307 1925/1019/2307
f 1666/1189/2308 1656/2494/2308 1660/1190/2308
f 588/1724/2309 574/1723/2309 573/142/2309
f 1802/1114/2310 1825/2743/2310 1822/2051/2310
f 78/2945/213 77/1965/213 39/3383/213
f 1431/608/2311 1430/2045/2311 1427/609/2311
f 1078/2258/951 1064/3565/951 1050/2259/951
f 69/329/213 68/2506/213 48/3232/213
f 1055/2769/1301 1056/3566/1301 998/2770/1301
f 877/318/419 896/3564/419 895/1143/419
f 556/1444/1082 555/81/1082 534/2478/1082
f 649/873/653 693/2336/653 692/1695/653
f 1910/2710/1258 1909/3567/1258 1905/196/1258
f 639/687/237 640/3332/237 679/1603/237
f 1884/3040/2312 1900/661/2312 1892/2604/2312
f 991/3190/1719 992/3568/1719 993/3191/1719
f 1422/3028/2313 1442/1077/2313 1398/3029/2313
f 832/1199/1993 830/2264/1993 827/1200/1993
f 1348/1197/4 1352/1196/4 1355/2072/4
f 345/3078/2314 344/3569/2314 347/627/2314
f 200/289/1156 199/27/1156 159/2857/1156
f 1680/453/2315 1682/2518/2315 1685/454/2315
f 400/3147/176 411/1429/176 439/1624/176
f 1184/2611/524 1197/2612/524 1198/3570/524
